# Blender 3.3.0
# www.blender.org
mtllib Chaossolider.mtl
o Cube
v 0.666571 8.005323 -0.746349
v 0.676192 6.422082 -0.747861
v 0.672696 8.007534 0.588178
v 0.676158 6.422147 0.588673
v -0.683488 7.932066 -0.679867
v -1.769207 6.732078 -1.883037
v -0.679021 7.937449 0.491097
v -0.671529 6.484543 0.522005
v 0.840963 7.263003 -0.913830
v -0.761952 7.274930 0.736976
v 0.842199 7.263732 0.753335
v -0.860423 7.331119 -1.032870
v -0.092694 6.475336 -0.973315
v -0.006574 8.010093 0.753554
v -0.005795 6.422466 0.719590
v -0.022156 8.002762 -0.917701
v -0.035361 7.275290 -1.106839
v -0.009034 7.265649 0.918083
v -0.805983 6.490370 -0.190226
v 0.845348 8.006859 -0.071556
v -0.987688 8.257336 -0.056927
v 0.814355 6.422083 -0.070493
v 1.014702 7.263345 -0.068989
v -2.131064 9.403193 -0.025848
v 0.011337 6.209412 -0.084460
v 0.011337 6.209412 -0.068775
v -0.091450 6.262668 -0.173223
v -0.004349 6.209412 -0.068774
v -0.018440 6.222726 -0.108256
v 0.003335 6.209412 -0.067242
v -0.027640 6.222726 -0.098701
v 0.012959 6.209412 -0.076510
v -0.370337 5.969698 0.325658
v -0.370337 5.969698 -0.445720
v 0.395215 5.973635 0.326943
v 0.394843 5.972206 -0.445604
v 0.023266 5.970057 0.404846
v 0.023173 5.969700 -0.521101
v 0.450873 5.980074 -0.064547
v -0.450081 5.969698 -0.065303
v -1.243450 5.611772 1.307645
v -1.226743 5.609582 -1.292872
v 1.559754 5.644823 1.452143
v 1.506423 5.622356 -1.330352
v 0.093998 5.611717 1.569756
v 0.093593 5.610306 -1.550081
v 1.553329 5.768357 0.072724
v -1.498885 5.617946 0.003270
v -1.767337 3.686911 -1.882738
v -1.591376 2.808791 1.392330
v -1.383258 2.015851 -1.489635
v 1.464341 3.217720 1.380901
v 1.475654 3.137356 -1.384541
v 0.106385 2.509091 1.627330
v 0.109679 2.526150 -1.618460
v 1.642242 2.904719 -0.065389
v -1.781163 2.151061 0.030247
v -0.102696 0.202410 -0.157739
v 1.775889 4.954008 1.619090
v 0.111147 4.881946 1.860467
v -1.453617 4.876389 1.551874
v -1.741164 4.876912 0.003740
v 1.701708 4.965234 -1.489651
v 0.111971 4.886459 -1.811993
v 1.914260 4.695220 0.066674
v -1.440170 4.895377 -1.525248
v 2.278419 5.594169 1.253446
v 4.327351 5.472249 1.062302
v 3.479324 5.783273 1.263349
v 2.312785 5.058979 1.228652
v 4.336380 5.157612 1.045982
v 3.489813 4.943405 1.217904
v 2.889558 5.527317 2.727671
v 3.732488 5.501961 2.592303
v 3.444458 5.564917 2.882986
v 2.859748 5.273684 2.709869
v 3.793442 5.348121 2.590374
v 3.477713 5.274870 2.869083
v 2.662196 5.696189 0.655776
v 3.377377 6.050189 0.361816
v 3.318546 4.763925 0.358224
v 2.365031 4.726320 0.566629
v 3.640308 5.602774 -0.311476
v 3.517535 5.063048 -0.348244
v 2.905914 6.123781 0.225382
v 2.954083 4.934042 1.029745
v 2.563667 5.120036 -0.666194
v 3.064602 5.754072 1.238730
v 2.852805 4.773744 0.172949
v 2.626331 5.710890 -0.688997
v 2.209476 5.932323 0.292966
v 2.539330 5.078165 1.270308
v 2.118466 5.221484 -0.811298
v 2.497798 5.702647 1.359121
v 2.306060 4.921630 0.229003
v 2.080537 5.637438 -0.798123
v -0.425897 1.144400 1.624319
v -1.107555 0.160769 0.332267
v 0.020503 0.555079 1.298827
v -1.304585 -0.140166 0.586438
v -1.349941 0.842310 1.772614
v -0.950606 -0.408193 1.969806
v 2.786057 4.876935 2.302154
v 2.789300 5.876341 2.267842
v 3.784819 4.875401 2.351885
v 3.788062 5.874807 2.317571
v 2.682364 4.878098 3.544266
v 2.685879 5.961046 3.507083
v 3.764615 4.876435 3.598153
v 3.768129 5.959383 3.560970
v 2.864430 5.101905 0.704250
v 3.149985 5.399308 4.212677
v 3.150260 5.483885 4.209774
v 3.234507 5.399179 4.216885
v 3.234782 5.483755 4.213982
v 3.269719 5.527650 4.322919
v 3.269183 5.362634 4.328582
v 3.104809 5.527903 4.314705
v 3.104274 5.362887 4.320372
v 3.253565 5.503915 4.231591
v 3.253163 5.380153 4.235840
v 3.129882 5.504105 4.225433
v 3.129481 5.380342 4.229681
v -0.802127 6.558699 0.136302
v -0.700348 6.587426 -1.186080
v 0.821448 6.781162 -0.892995
v -0.811469 7.616520 0.590012
v 0.821522 6.781407 0.732611
v -1.088883 7.056640 -1.092609
v -0.342760 8.053211 0.613325
v 0.716122 8.060978 0.262753
v 0.383618 6.422284 0.703085
v -0.730026 7.983491 -0.311958
v 0.323539 8.057818 -0.789353
v 0.797085 6.422083 -0.458154
v 0.810239 7.727904 -0.886454
v -0.816114 6.925738 0.597560
v 0.814247 7.729501 0.726345
v -0.834093 7.624011 -0.822121
v 0.470815 7.264026 -1.065981
v 0.993139 7.263393 0.405954
v -0.474510 7.267853 0.890340
v 0.372836 6.428738 -0.878562
v 0.335452 8.062453 0.626854
v -0.353492 8.046314 -0.778861
v -0.542206 7.303474 -1.127116
v 0.477042 7.264555 0.896653
v -0.008178 6.782408 0.892429
v -0.070871 6.819309 -1.123079
v -0.025383 7.726943 -1.061786
v 0.343765 6.268516 -0.416161
v -0.008985 7.732172 0.892963
v -1.055061 6.678761 -0.641148
v 0.714853 8.060525 -0.411871
v -0.729540 7.985443 0.115676
v 0.797081 6.422091 0.310326
v 0.992985 7.263302 -0.552442
v 0.413657 6.268516 -0.073502
v -0.333720 6.276321 0.251592
v -0.386403 6.430364 0.695029
v 0.989661 6.781205 -0.069178
v 0.988043 7.728926 -0.069446
v -0.452716 6.315168 -0.143105
v -1.559376 8.830265 -0.041388
v -0.008397 6.211077 -0.074815
v -0.063719 6.247690 -0.149662
v 0.007904 6.209412 -0.067433
v 0.012756 6.209412 -0.081060
v 0.005182 6.211077 -0.088638
v 0.157696 6.121558 0.080258
v -0.068279 6.247690 -0.144858
v 0.012756 6.209412 -0.072041
v 0.004779 6.116117 0.122241
v -0.161032 6.114408 0.091191
v -0.001115 6.209412 -0.067434
v -0.195183 6.114408 -0.076238
v -0.647914 6.433862 -0.734775
v -0.001154 6.268563 0.326032
v -0.063733 6.306792 -0.549107
v 0.343761 6.268524 0.259925
v 0.448448 5.976944 -0.284727
v 0.241504 5.971041 0.395545
v -0.201531 5.969699 -0.511678
v -0.440113 5.969698 0.158446
v -0.201519 5.969744 0.394728
v 0.886188 5.801231 -0.876378
v 0.448704 5.977927 0.159619
v -0.440113 5.969698 -0.285096
v 0.980486 5.838768 -0.024284
v -0.801369 5.792577 -0.870919
v 0.241236 5.970015 -0.511664
v 0.058383 5.792843 -1.035591
v 0.168537 6.114723 -0.239138
v 0.007489 6.114409 -0.271434
v 0.195421 6.117371 -0.078918
v -0.161032 6.114409 -0.239152
v 1.542925 5.727799 -0.645323
v 0.850334 5.616777 1.560290
v -0.663424 5.610294 -1.518336
v -1.485713 5.613690 0.749398
v -0.663331 5.610459 1.535462
v 1.709271 5.413682 1.762450
v 1.601806 5.747161 0.787887
v -1.444994 5.615532 -0.739551
v 0.110691 3.869210 1.836880
v -1.438721 5.392742 1.521878
v 0.848250 5.610951 -1.529469
v -1.760352 3.842772 -0.009857
v -0.976635 5.796390 -0.033794
v -0.802158 5.793250 0.815006
v 0.058655 5.793868 0.987390
v 0.888602 5.808165 0.834793
v 1.611806 2.877118 -0.901098
v 0.969926 2.996132 1.516491
v -0.766133 2.362653 -1.786052
v -1.818558 2.504907 0.821199
v -0.886983 2.764489 1.677319
v 0.384852 2.089628 -0.885458
v 1.608130 3.035510 0.812049
v -1.669226 1.891031 -0.804773
v 0.365739 2.188148 0.860775
v 1.028671 2.496845 -0.032873
v 0.972065 2.933354 -1.507591
v -0.763608 0.542775 -0.763381
v 1.592249 3.944506 -1.482272
v 0.109095 5.393721 -1.775755
v 2.262106 5.650524 0.742651
v -1.410004 5.393293 -1.480589
v -1.746566 5.198673 -1.879503
v 1.585653 3.940604 1.530105
v 0.109325 5.394096 1.824200
v -1.448295 3.846338 1.551134
v -1.716492 5.395209 0.010149
v 1.628789 5.406425 -1.601068
v 0.113831 3.882763 -1.799404
v 1.834412 3.847867 0.011902
v -1.443637 3.915894 -1.561874
v -1.689041 4.886775 -0.875976
v 1.879424 4.752060 -0.771863
v -0.776903 4.895326 -1.782696
v -0.779076 4.880857 1.821770
v -1.750929 4.875579 0.889025
v 0.991536 4.891181 1.835538
v 0.989540 4.891981 -1.775381
v 1.976801 4.732249 0.902064
v 4.006108 5.658195 1.158923
v 2.107678 5.315711 1.226423
v 2.807548 5.764657 1.292006
v 3.454049 5.674048 2.143772
v 4.439776 5.304151 1.023404
v 4.011292 5.027853 1.127338
v 2.842356 4.940463 1.250114
v 1.922524 5.814189 0.197552
v 3.420337 4.831308 0.658346
v 2.290858 5.150061 1.408873
v 4.153316 5.522571 0.296212
v 1.976873 5.230956 -1.106173
v 3.590449 5.543568 2.782766
v 2.870105 5.407039 2.848506
v 3.179046 5.564305 2.886436
v 3.455957 5.432177 3.152332
v 3.715312 5.435887 2.692101
v 3.661614 5.315436 2.776597
v 3.157972 5.259521 2.867490
v 4.034864 5.491951 2.027742
v 4.092098 5.268794 2.026707
v 3.486732 5.104871 2.114600
v 2.574418 5.171972 2.074941
v 2.594780 5.560881 2.101888
v 3.165723 5.729240 1.016034
v 3.433752 5.928212 0.714808
v 3.137281 4.740545 0.159174
v 2.289583 4.958894 0.728495
v 2.965542 5.679613 -0.711958
v 4.109378 5.090131 0.272824
v 2.475461 5.267068 0.651414
v 3.518612 4.871955 0.004210
v 3.655348 5.884860 0.035828
v 3.526106 5.315511 -0.486389
v 2.918902 5.981216 0.512365
v 2.889482 4.739711 0.508404
v 3.256049 6.107486 0.128688
v 2.945201 4.882383 0.795278
v 2.883434 5.083829 -0.669192
v 2.783249 5.744313 1.312833
v 2.566403 4.832311 0.226383
v 2.319767 5.685877 -0.681514
v 2.904011 4.759826 0.613847
v 3.020026 6.044281 0.823955
v 2.550560 5.403416 -0.806640
v 2.755089 5.983473 -0.322268
v 2.688120 4.904511 -0.297122
v 3.025926 5.321674 1.283616
v 2.540562 6.053000 0.299139
v 2.764015 4.994640 1.163041
v 2.305791 5.167153 -0.681574
v 2.200880 5.649789 1.438604
v 2.072892 4.984748 0.159274
v 1.909212 5.598898 -1.080046
v 2.558530 5.383921 1.477202
v 2.170403 5.038165 -0.365614
v 2.102433 5.825644 -0.335089
v 2.108672 5.428319 -0.965310
v 2.360187 5.895603 0.918356
v 2.450830 4.921523 0.810927
v -1.689560 -0.004537 0.748442
v -0.686454 1.007349 2.012558
v -0.159160 1.011029 1.315009
v -1.783505 -0.410840 1.410228
v -1.838596 0.571136 1.219094
v -0.166478 0.015801 1.761193
v -1.231909 0.223880 2.284761
v -1.085545 1.046779 0.765946
v -0.480535 -0.036294 0.625856
v 0.104586 1.024061 -1.081656
v -0.944688 1.896767 1.866737
v -0.052495 1.901332 1.633633
v 3.290522 4.762893 2.221411
v 2.683686 5.373034 2.170183
v 3.294476 5.981305 2.179578
v 3.901312 5.371163 2.230810
v 3.880396 4.771075 2.892609
v 3.884434 6.015352 2.849889
v 3.969294 5.417598 3.589666
v 3.222830 4.674214 3.578181
v 3.227663 6.163267 3.527056
v 2.481199 5.419883 3.515570
v 2.636920 4.772985 2.830695
v 2.640958 6.017262 2.787976
v 2.536645 4.916953 0.593339
v 3.250493 5.441442 4.216224
v 3.192195 5.383385 4.215325
v 3.192572 5.499678 4.211334
v 3.134274 5.441621 4.210435
v 2.910250 5.142811 3.997579
v 2.912145 5.726573 3.977535
v 3.493637 5.141915 4.026627
v 3.495531 5.725677 4.006583
v 3.073621 5.445443 4.316000
v 3.187364 5.558717 4.317750
v 3.186628 5.331820 4.325541
v 3.300372 5.445094 4.327291
v 3.254748 5.511610 4.309222
v 3.254313 5.377793 4.313816
v 3.121017 5.511816 4.302564
v 3.120583 5.377999 4.307158
v 3.116626 5.441901 4.216916
v 3.192263 5.517226 4.218082
v 3.191774 5.366343 4.223259
v 3.267411 5.441669 4.224426
v 3.267924 5.364604 4.282834
v 3.110077 5.364847 4.274971
v 3.110590 5.522796 4.269549
v 3.268437 5.522554 4.277409
v -0.465555 7.725196 0.846410
v -0.193137 6.269549 0.316744
v 0.957429 7.734324 0.387685
v 0.447913 7.731763 -1.028764
v 0.457590 6.785865 -1.046459
v 0.968643 6.781230 0.393983
v -0.470168 6.799470 0.855252
v 0.465602 6.781837 0.872014
v -0.661644 6.906317 -1.223980
v -0.483405 7.723430 -1.025887
v -0.581348 6.393402 -0.454790
v 0.458716 7.735949 0.862301
v -0.004156 8.191449 -0.079009
v 0.404921 6.268516 -0.269607
v 0.968633 6.781200 -0.540645
v 0.956886 7.734109 -0.534504
v -0.398344 6.290147 0.091928
v -1.020467 7.315247 -0.178034
v 0.187221 6.120223 0.011755
v 0.101110 6.114450 -0.267397
v 0.093318 6.119361 0.112888
v -0.190914 6.114408 0.019583
v -0.389382 6.380861 -0.676976
v 0.404920 6.268517 0.119139
v 0.187989 6.273300 -0.484640
v 0.195801 6.268540 0.317752
v -0.956737 5.795191 0.453006
v -0.952515 5.795017 -0.515698
v 0.981677 5.825791 -0.504699
v -0.432493 5.792840 -1.015007
v -0.089080 6.114622 0.120414
v -0.088741 6.114409 -0.267399
v 0.194674 6.115523 -0.170666
v -0.190914 6.114409 -0.170365
v 1.817970 3.873338 0.886646
v 0.976300 3.919989 -1.738934
v 0.976456 3.918592 1.787700
v -1.727815 3.834099 0.887522
v 0.539919 5.797067 0.971400
v 0.539049 5.793715 -1.016992
v 0.986791 5.829982 0.462163
v -0.432459 5.792968 0.965106
v 0.011095 0.908581 -0.337369
v 1.016655 2.435236 -0.890532
v 1.024906 2.680900 0.830635
v -1.012975 0.647956 -0.064960
v -0.782633 3.856359 1.818617
v -0.773627 3.899348 -1.805357
v 1.817161 3.874485 -0.856311
v -1.720708 3.875383 -0.909624
v -1.648861 5.395575 -0.845328
v 2.819268 4.824858 0.741509
v -0.764182 5.394797 -1.740130
v -0.764185 5.392993 1.785098
v -1.717594 5.391471 0.873216
v 0.973778 5.398654 1.816448
v 0.969873 5.395190 -1.753359
v 2.761952 5.885792 0.765993
v 3.870182 5.172777 2.079016
v 3.802543 5.603937 2.100226
v 4.223406 5.290554 0.240400
v 3.916628 5.769929 0.495302
v 3.855299 4.928603 0.451656
v 2.120243 5.289367 0.731228
v 3.545809 5.445816 3.029879
v 3.227012 5.424671 3.154505
v 2.445133 5.362620 2.094768
v 2.987852 5.091926 2.105233
v 4.128729 5.378348 2.016307
v 2.995667 5.666944 2.140904
v 3.046091 5.285331 1.039202
v 3.035718 4.868586 -0.288886
v 3.171853 5.960129 -0.340735
v 2.840558 5.368569 -0.832594
v 3.229828 6.026647 0.636870
v 2.992184 4.722641 0.466015
v 2.686896 4.823846 0.732384
v 2.681319 5.993978 0.895831
v 2.288049 5.420401 -0.820013
v 2.406506 5.923931 -0.276035
v 2.409188 4.961379 -0.289587
v 2.805008 5.354599 1.390595
v 2.285444 5.408403 1.612419
v 1.994714 5.071545 -0.558442
v 1.871472 5.739645 -0.523320
v 1.956279 5.423931 -1.283727
v 2.045479 5.789035 0.911098
v 2.216465 4.999326 0.861208
v -2.167909 0.112208 1.763096
v -0.243100 0.624068 2.083517
v -0.999472 1.490525 1.453258
v 0.124944 1.512908 1.126071
v -0.516974 2.154069 1.965449
v -0.272165 0.735318 -1.109032
v 3.306898 5.363504 1.966018
v 4.116776 5.392482 2.872110
v 2.801813 5.434860 3.982111
v 2.405650 5.395111 2.786911
v 3.258435 4.537681 2.858904
v 3.263992 6.249912 2.800115
v 3.279605 5.444663 4.312769
v 3.201588 5.032908 4.015860
v 3.204193 5.835582 3.988303
v 3.603969 5.433629 4.022051
v 3.188953 5.334993 4.278939
v 3.187964 5.536803 4.305031
v 3.187367 5.352805 4.311347
v 3.095726 5.444945 4.303610
v 3.193058 5.441064 4.199754
v 3.080702 5.443833 4.269801
v 3.297909 5.443500 4.280617
v 3.189658 5.552340 4.271477
v -0.637173 8.005319 -0.746348
v -0.646782 6.422078 -0.747861
v -0.643298 8.007529 0.588179
v -0.646747 6.422143 0.588673
v 0.712887 7.932072 -0.679867
v 1.798616 6.732091 -1.883037
v 0.708420 7.937455 0.491097
v 0.700938 6.484548 0.522004
v -0.811559 7.262996 -0.913830
v 0.791356 7.274936 0.736975
v -0.812796 7.263726 0.753335
v 0.889826 7.331126 -1.032869
v 0.122105 6.475338 -0.973315
v 0.035972 8.010093 0.753554
v 0.035206 6.422466 0.719591
v 0.051554 8.002762 -0.917701
v 0.064765 7.275290 -1.106839
v 0.038438 7.265649 0.918084
v 0.835392 6.490377 -0.190226
v -0.815949 8.006852 -0.071556
v 1.017084 8.257343 -0.056927
v -0.784945 6.422076 -0.070493
v -0.985298 7.263336 -0.068989
v 2.160452 9.403210 -0.025849
v 0.018075 6.209412 -0.084461
v 0.018075 6.209412 -0.068775
v 0.120862 6.262670 -0.173223
v 0.033761 6.209412 -0.068775
v 0.047852 6.222726 -0.108255
v 0.026077 6.209412 -0.067242
v 0.057052 6.222726 -0.098701
v 0.016454 6.209412 -0.076511
v 0.399751 5.969702 0.325658
v 0.399751 5.969702 -0.445720
v -0.365801 5.973631 0.326943
v -0.365429 5.972202 -0.445604
v 0.006148 5.970057 0.404846
v 0.006241 5.969700 -0.521101
v -0.421459 5.980070 -0.064547
v 0.479495 5.969702 -0.065302
v 1.268955 5.609683 1.305809
v 1.254695 5.609142 -1.291759
v -1.535964 5.646928 1.453573
v -1.480505 5.622942 -1.332404
v -0.064581 5.611717 1.569756
v -0.064176 5.610305 -1.550081
v -1.523705 5.769819 0.069622
v 1.528112 5.616676 0.007036
v 1.800276 3.666505 -1.883274
v 1.508318 2.622374 1.508404
v 1.481716 2.348690 -1.605477
v -1.577976 3.291003 1.219010
v -1.459767 3.028921 -1.380293
v -0.092221 2.524648 1.621072
v -0.091712 2.527530 -1.618424
v -1.685901 2.728205 -0.108661
v 1.840618 2.379750 -0.037170
v -0.521611 0.542539 -0.241332
v -1.734153 4.953700 1.618400
v -0.081724 4.881945 1.860468
v 1.487596 4.877213 1.552431
v 1.756801 4.879725 0.013801
v -1.678016 4.965285 -1.491532
v -0.082548 4.886458 -1.811993
v -1.896884 4.694029 0.061982
v 1.468600 4.894576 -1.525087
v -2.204008 5.594334 1.286758
v -4.257651 5.469347 1.063715
v -3.431302 5.776603 1.244547
v -2.233343 5.059611 1.262410
v -4.275374 5.157958 1.092560
v -3.406169 4.946478 1.274955
v -2.822187 5.527369 2.756488
v -3.664251 5.501682 2.615896
v -3.378055 5.564741 2.908361
v -2.792166 5.273750 2.738863
v -3.725131 5.347818 2.613583
v -3.411107 5.274682 2.894243
v -2.508183 5.700137 0.674310
v -3.327673 6.046290 0.380488
v -3.251972 4.767626 0.443825
v -2.235245 4.728856 0.584763
v -3.633012 5.600601 -0.248778
v -3.572061 5.061320 -0.222907
v -2.861173 6.129708 0.280978
v -2.867545 4.935149 1.074595
v -2.589249 5.119874 -0.627387
v -2.983188 5.759689 1.318080
v -2.852673 4.769101 0.196599
v -2.649442 5.711551 -0.647881
v -2.169200 5.933878 0.305070
v -2.458983 5.081652 1.306037
v -2.108264 5.219437 -0.810660
v -2.413337 5.706899 1.391715
v -2.295275 4.920334 0.231525
v -2.071142 5.635389 -0.798091
v 1.131327 1.291360 1.806769
v 1.313475 -0.416791 -0.398096
v 0.157191 1.269008 1.779290
v 0.391963 -0.431529 -0.414474
v 1.307531 0.207232 0.901947
v 0.019587 0.176657 0.872875
v -2.715789 4.877047 2.331598
v -2.719220 5.876453 2.297306
v -3.714839 4.875112 2.375134
v -3.718270 5.874518 2.340841
v -2.619802 4.878199 3.574328
v -2.623520 5.961147 3.537168
v -3.702364 4.876101 3.621502
v -3.706083 5.959049 3.584343
v -2.763596 5.104571 0.744603
v -3.091768 5.399194 4.239848
v -3.092058 5.483770 4.236945
v -3.176315 5.399030 4.243532
v -3.176605 5.483607 4.240630
v -3.212234 5.527482 4.349348
v -3.211668 5.362466 4.355010
v -3.047277 5.527802 4.342160
v -3.046711 5.362786 4.347822
v -3.195505 5.503758 4.258122
v -3.195080 5.379996 4.262370
v -3.071787 5.503998 4.252731
v -3.071362 5.380236 4.256978
v 0.831536 6.558706 0.136302
v 0.729757 6.587431 -1.186080
v -0.792040 6.781156 -0.892995
v 0.840870 7.616528 0.590011
v -0.792114 6.781401 0.732611
v 1.118289 7.056648 -1.092609
v 0.372158 8.053214 0.613326
v -0.686724 8.060972 0.262753
v -0.354207 6.422281 0.703085
v 0.759424 7.983498 -0.311958
v -0.294142 8.057816 -0.789353
v -0.767675 6.422076 -0.458154
v -0.780839 7.727899 -0.886454
v 0.845521 6.925745 0.597560
v -0.784847 7.729494 0.726345
v 0.863494 7.624018 -0.822121
v -0.441411 7.264023 -1.065981
v -0.963735 7.263386 0.405954
v 0.503914 7.267857 0.890340
v -0.343425 6.428736 -0.878561
v -0.306054 8.062450 0.626854
v 0.382889 8.046317 -0.778861
v 0.571609 7.303478 -1.127117
v -0.447638 7.264551 0.896653
v 0.037585 6.782408 0.892429
v 0.100278 6.819310 -1.123079
v 0.054783 7.726943 -1.061786
v -0.314353 6.268514 -0.416161
v 0.038386 7.732172 0.892963
v 1.084470 6.678770 -0.641149
v -0.685456 8.060520 -0.411871
v 0.758939 7.985450 0.115676
v -0.767670 6.422085 0.310325
v -0.963581 7.263294 -0.552442
v -0.384246 6.268512 -0.073502
v 0.363132 6.276324 0.251591
v 0.415814 6.430367 0.695028
v -0.960252 6.781197 -0.069178
v -0.958642 7.728919 -0.069446
v 0.482128 6.315173 -0.143105
v 1.588768 8.830276 -0.041388
v 0.037809 6.211077 -0.074815
v 0.093131 6.247690 -0.149662
v 0.021508 6.209412 -0.067434
v 0.016656 6.209412 -0.081061
v 0.024230 6.211077 -0.088638
v -0.128283 6.121557 0.080257
v 0.097691 6.247690 -0.144858
v 0.016656 6.209412 -0.072041
v 0.024635 6.116117 0.122241
v 0.190446 6.114410 0.091192
v 0.030527 6.209412 -0.067434
v 0.224596 6.114410 -0.076238
v 0.677324 6.433867 -0.734775
v 0.030566 6.268563 0.326032
v 0.093144 6.306793 -0.549107
v -0.314348 6.268521 0.259925
v -0.419034 5.976940 -0.284728
v -0.212090 5.971039 0.395545
v 0.230945 5.969701 -0.511678
v 0.469527 5.969702 0.158445
v 0.230934 5.969746 0.394727
v -0.856722 5.801367 -0.876378
v -0.419289 5.977923 0.159619
v 0.469527 5.969702 -0.285096
v -0.951048 5.839485 -0.024615
v 0.830825 5.792486 -0.870918
v -0.211822 5.970012 -0.511664
v -0.028967 5.792842 -1.035591
v -0.139124 6.114722 -0.239138
v 0.021924 6.114409 -0.271435
v -0.166007 6.117369 -0.078917
v 0.190446 6.114410 -0.239152
v -1.517650 5.728921 -0.648882
v -0.821229 5.616921 1.560474
v 0.692860 5.610304 -1.518336
v 1.518568 5.612377 0.750741
v 0.692756 5.610466 1.535460
v -1.675961 5.414320 1.762660
v -1.568840 5.748585 0.787115
v 1.470921 5.614450 -0.736248
v -0.081257 3.869209 1.836880
v 1.465248 5.391294 1.520585
v -0.818870 5.611008 -1.529469
v 1.787017 3.843213 -0.008278
v 1.006050 5.795493 -0.033463
v 0.831136 5.792838 0.814556
v -0.029239 5.793868 0.987391
v -0.859832 5.808805 0.835410
v -1.606838 2.646460 -0.890177
v -1.024874 3.093214 1.423560
v 0.809816 2.462648 -1.823735
v 1.799817 2.520807 0.852475
v 0.825929 2.561889 1.775939
v -0.352741 2.063758 -0.872102
v -1.708123 3.006888 0.689306
v 1.782103 2.295613 -0.942442
v -0.372976 2.155725 0.872252
v -1.047506 2.447967 -0.061399
v -0.954444 2.856833 -1.504764
v 1.290038 0.816518 -1.297731
v -1.560429 3.951147 -1.482088
v -0.079676 5.393719 -1.775755
v -2.167843 5.652023 0.779203
v 1.437983 5.392541 -1.479738
v 1.775189 5.197915 -1.878826
v -1.553068 3.939308 1.529655
v -0.079907 5.394095 1.824200
v 1.487407 3.850478 1.551120
v 1.745241 5.394155 0.013342
v -1.603149 5.406952 -1.602649
v -0.083962 3.882843 -1.799403
v -1.807855 3.847475 0.010517
v 1.475510 3.909413 -1.562056
v 1.704233 4.888362 -0.870434
v -1.861719 4.751269 -0.774818
v 0.806372 4.895340 -1.782696
v 0.808761 4.880909 1.821770
v 1.811668 4.879454 0.901369
v -0.961313 4.890923 1.835332
v -0.960440 4.892099 -1.775381
v -1.922893 4.732573 0.900333
v -3.940296 5.652369 1.132007
v -2.030134 5.316226 1.261057
v -2.750111 5.762270 1.312160
v -3.383105 5.673900 2.169108
v -4.375575 5.303000 1.049485
v -3.943905 5.030317 1.192730
v -2.758891 4.941664 1.285930
v -1.890227 5.814702 0.197248
v -3.337811 4.836510 0.744633
v -2.207920 5.154150 1.430989
v -4.100614 5.520701 0.325315
v -1.956448 5.230573 -1.108263
v -3.523413 5.543338 2.807239
v -2.803436 5.407094 2.877439
v -3.112669 5.564235 2.913459
v -3.391171 5.431986 3.177629
v -3.647668 5.435611 2.715797
v -3.594447 5.315177 2.800620
v -3.091355 5.259460 2.894630
v -3.963581 5.491612 2.050672
v -4.022937 5.267136 2.036694
v -3.415379 5.104710 2.139711
v -2.502573 5.172222 2.105959
v -2.524008 5.561010 2.132269
v -3.081401 5.731930 1.087838
v -3.384517 5.922087 0.705471
v -3.114495 4.738604 0.222139
v -2.192880 4.960494 0.762026
v -3.013506 5.678092 -0.635117
v -4.096670 5.091072 0.372085
v -2.340604 5.269955 0.674749
v -3.537603 4.872910 0.134638
v -3.600597 5.882243 0.057062
v -3.584561 5.313464 -0.367846
v -2.836913 5.981989 0.558435
v -2.760846 4.743629 0.540256
v -3.211530 6.109158 0.189401
v -2.820299 4.883251 0.812814
v -2.928053 5.081374 -0.599773
v -2.693727 5.749947 1.366103
v -2.565735 4.829101 0.233801
v -2.328840 5.685668 -0.664271
v -2.826451 4.756954 0.612306
v -2.949291 6.050171 0.891690
v -2.577924 5.403039 -0.770659
v -2.745391 5.987302 -0.276041
v -2.710881 4.902912 -0.251433
v -2.950003 5.325865 1.367752
v -2.493994 6.057909 0.332838
v -2.684901 4.996901 1.210088
v -2.321031 5.167304 -0.663397
v -2.129336 5.652597 1.454212
v -2.056663 4.984096 0.157446
v -1.888205 5.598836 -1.082499
v -2.470924 5.388442 1.516714
v -2.169945 5.037659 -0.358180
v -2.089784 5.825111 -0.330238
v -2.091697 5.425969 -0.966486
v -2.291594 5.898927 0.939907
v -2.390933 4.922204 0.821349
v 0.865684 -0.759170 -0.270292
v 1.279441 0.781530 1.536865
v 0.651141 1.233650 1.980659
v 0.109434 -0.377019 0.185250
v 1.368079 -0.309698 0.229965
v 0.043129 0.786409 1.526581
v 0.668539 -0.098823 1.115913
v 1.607191 1.002025 0.273323
v -0.576425 0.054547 0.605267
v 0.222523 1.040608 -1.280081
v 1.303360 1.545641 1.673364
v 0.165177 1.545384 1.618623
v -3.219698 4.762807 2.247723
v -2.612801 5.373192 2.200283
v -3.223881 5.981218 2.205916
v -3.830779 5.370832 2.253357
v -3.813725 4.770724 2.915251
v -3.817997 6.015002 2.872556
v -3.907204 5.417181 3.611768
v -3.160386 4.674097 3.604884
v -3.165498 6.163151 3.553789
v -2.418680 5.420065 3.546902
v -2.569891 4.773135 2.861049
v -2.574163 6.017412 2.818354
v -2.436975 4.918607 0.625047
v -3.192312 5.441287 4.242772
v -3.133987 5.383254 4.242234
v -3.134386 5.499547 4.238244
v -3.076061 5.441513 4.237706
v -2.850601 5.142802 4.026229
v -2.852606 5.726565 4.006198
v -3.434156 5.141671 4.051659
v -3.436160 5.725434 4.031628
v -3.016064 5.445354 4.343643
v -3.129862 5.558583 4.344693
v -3.129083 5.331685 4.352478
v -3.242881 5.444914 4.353528
v -3.197172 5.511450 4.335743
v -3.196713 5.377632 4.340336
v -3.063403 5.511708 4.329915
v -3.062944 5.377892 4.334507
v -3.058453 5.441800 4.244296
v -3.134126 5.517094 4.244993
v -3.133608 5.366211 4.250169
v -3.209281 5.441507 4.250868
v -3.210126 5.364440 4.309268
v -3.052233 5.364746 4.302387
v -3.052776 5.522696 4.296967
v -3.210669 5.522389 4.303848
v 0.494955 7.725200 0.846410
v 0.222550 6.269551 0.316744
v -0.928029 7.734316 0.387686
v -0.418514 7.731760 -1.028764
v -0.428182 6.785861 -1.046459
v -0.939235 6.781222 0.393983
v 0.499575 6.799474 0.855251
v -0.436194 6.781833 0.872014
v 0.691051 6.906322 -1.223980
v 0.512805 7.723433 -1.025887
v 0.610759 6.393407 -0.454790
v -0.429317 7.735945 0.862301
v 0.033553 8.191449 -0.079009
v -0.375509 6.268513 -0.269607
v -0.939226 6.781192 -0.540644
v -0.927486 7.734101 -0.534504
v 0.427756 6.290151 0.091928
v 1.049871 7.315256 -0.178034
v -0.157808 6.120222 0.011755
v -0.071697 6.114448 -0.267397
v -0.063905 6.119361 0.112887
v 0.220327 6.114410 0.019583
v 0.418793 6.380864 -0.676975
v -0.375508 6.268513 0.119140
v -0.158577 6.273299 -0.484640
v -0.166389 6.268539 0.317751
v 0.985808 5.794173 0.452515
v 0.981502 5.794933 -0.514316
v -0.952728 5.825693 -0.506358
v 0.461909 5.792844 -1.015007
v 0.118493 6.114624 0.120414
v 0.118154 6.114410 -0.267399
v -0.165261 6.115522 -0.170666
v 0.220327 6.114410 -0.170365
v -1.788102 3.873090 0.886129
v -0.946614 3.920427 -1.738921
v -0.946745 3.918540 1.787700
v 1.757434 3.834387 0.888250
v -0.510503 5.797063 0.971400
v -0.509631 5.793706 -1.016992
v -0.957751 5.830975 0.462668
v 0.461875 5.792972 0.965106
v -0.077986 0.914832 -0.322502
v -0.981798 2.205377 -0.849107
v -1.128186 2.823863 0.697530
v 1.566683 0.824101 -0.618215
v 0.811895 3.856343 1.818617
v 0.803151 3.899213 -1.805361
v -1.787771 3.874497 -0.856311
v 1.750074 3.875357 -0.909624
v 1.675615 5.394302 -0.842922
v -2.714722 4.827901 0.782847
v 0.793489 5.394759 -1.740130
v 0.793692 5.393034 1.785098
v 1.751320 5.390001 0.872904
v -0.944253 5.398647 1.816506
v -0.940649 5.395365 -1.753360
v -2.699436 5.884506 0.799701
v -3.797225 5.173074 2.107418
v -3.731294 5.603651 2.123398
v -4.200810 5.290292 0.315203
v -3.844231 5.764840 0.472752
v -3.825633 4.932257 0.568898
v -1.999910 5.292368 0.759817
v -3.480267 5.445594 3.054619
v -3.162241 5.424570 3.181218
v -2.372986 5.362989 2.126877
v -2.916384 5.091975 2.133509
v -4.058363 5.377525 2.034705
v -2.924712 5.666979 2.169081
v -2.950509 5.287396 1.099352
v -3.083449 4.865166 -0.197647
v -3.183380 5.958813 -0.265513
v -2.882696 5.366246 -0.771365
v -3.132216 6.028672 0.678515
v -2.876495 4.723254 0.473593
v -2.625030 4.821913 0.735999
v -2.606144 5.999335 0.938793
v -2.301557 5.419377 -0.805864
v -2.395727 5.926877 -0.250198
v -2.421649 4.960915 -0.265949
v -2.719923 5.359228 1.451835
v -2.203813 5.412036 1.633855
v -1.981479 5.070636 -0.560046
v -1.852410 5.739561 -0.526333
v -1.934211 5.423885 -1.285677
v -1.994631 5.790541 0.916994
v -2.155334 5.001423 0.867357
v 0.690115 -0.609763 0.397304
v 0.665442 0.513962 1.761454
v 1.549025 1.263294 1.132873
v 0.035547 1.498476 1.143622
v 0.714863 1.525323 1.916589
v 0.697680 0.874227 -1.525320
v -3.234445 5.363516 1.993217
v -4.050224 5.392037 2.893311
v -2.742187 5.434895 4.011445
v -2.338603 5.395354 2.818723
v -3.191474 4.537580 2.885392
v -3.197353 6.249812 2.826641
v -3.222024 5.444492 4.339133
v -3.142003 5.032781 4.042699
v -3.144758 5.835455 4.015157
v -3.544574 5.433341 4.046410
v -3.131120 5.334860 4.305863
v -3.130374 5.536669 4.331969
v -3.129742 5.352672 4.338282
v -3.038092 5.444849 4.331118
v -3.134777 5.440933 4.226661
v -3.022859 5.443745 4.297401
v -3.240129 5.443323 4.306868
v -3.131867 5.552207 4.298405
vn -0.0805 0.0751 0.9939
vn -0.1694 0.5413 0.8236
vn -0.5371 0.5419 0.6464
vn -0.5543 0.1667 0.8154
vn -0.0362 -0.9286 0.3693
vn -0.2894 -0.9143 0.2832
vn -0.0962 -0.9896 0.1073
vn -0.0121 -0.9888 0.1487
vn 0.9962 0.0675 0.0554
vn 0.8254 0.5505 0.1253
vn 0.7583 0.5955 0.2653
vn 0.9159 0.0812 0.3932
vn 0.0755 0.0899 -0.9931
vn 0.1224 0.5507 -0.8257
vn 0.2487 0.5924 -0.7663
vn 0.3721 0.0854 -0.9242
vn 0.1205 -0.4248 -0.8972
vn 0.1124 -0.0094 -0.9936
vn 0.3835 -0.0518 -0.9221
vn 0.3399 -0.4662 -0.8168
vn 0.8978 -0.4384 0.0408
vn 0.9976 -0.0518 0.0453
vn 0.9157 -0.0564 0.3979
vn 0.8100 -0.4689 0.3521
vn -0.0787 -0.4219 0.9032
vn -0.0710 -0.0639 0.9954
vn -0.5596 -0.1402 0.8168
vn -0.5934 -0.3745 0.7125
vn 0.3230 -0.4617 0.8261
vn 0.3644 -0.0558 0.9296
vn 0.0434 -0.0524 0.9977
vn 0.0382 -0.4322 0.9010
vn 0.3914 0.4805 -0.7848
vn -0.2033 0.3210 -0.9250
vn 0.1204 0.1090 -0.9867
vn 0.1984 -0.2837 -0.9382
vn -0.4079 0.4065 -0.8176
vn -0.4743 0.6053 -0.6392
vn -0.1511 0.5640 -0.8119
vn -0.0117 0.1664 -0.9860
vn -0.4688 -0.8801 -0.0755
vn -0.4736 -0.8600 0.1900
vn -0.1913 -0.9742 -0.1195
vn -0.1957 -0.9739 -0.1148
vn -0.1956 -0.9739 -0.1149
vn -0.1703 -0.9653 -0.1978
vn 0.3609 0.0786 0.9293
vn 0.2466 0.5853 0.7724
vn 0.1242 0.5408 0.8319
vn 0.0542 0.0642 0.9965
vn -0.0200 0.9755 -0.2190
vn -0.2793 0.9553 -0.0967
vn 0.0667 0.9978 -0.0046
vn -0.2832 0.9548 0.0901
vn -0.0176 0.9769 0.2128
vn 0.1333 0.9818 0.1354
vn 0.2123 0.9772 -0.0011
vn 0.1306 0.9812 -0.1424
vn 0.3075 -0.9429 -0.1283
vn 0.3579 -0.9336 -0.0159
vn 0.1460 -0.9893 -0.0065
vn 0.1459 -0.9893 0.0001
vn 0.1459 -0.9893 -0.0000
vn 0.1244 -0.9909 -0.0519
vn 0.8156 -0.4677 -0.3405
vn 0.9209 -0.0550 -0.3860
vn 0.9977 -0.0516 -0.0447
vn 0.8980 -0.4382 -0.0400
vn 0.9189 0.0843 -0.3855
vn 0.7548 0.5987 -0.2679
vn 0.8254 0.5505 -0.1254
vn 0.9962 0.0678 -0.0552
vn -0.5248 -0.8497 0.0508
vn -0.5025 -0.8565 0.1182
vn -0.2163 -0.9733 -0.0764
vn -0.2035 -0.9790 -0.0072
vn -0.8717 0.4651 -0.1546
vn -0.9104 0.2812 0.3036
vn -0.9322 -0.2463 0.2652
vn -0.9516 -0.2538 0.1731
vn -0.9622 0.0094 0.2723
vn -0.9209 0.3683 0.1274
vn -0.9994 0.0346 0.0010
vn -0.9060 0.4102 -0.1042
vn 0.4539 0.8892 -0.0577
vn 0.3819 0.9151 0.1294
vn 0.4034 0.9021 0.1533
vn 0.4724 0.8813 0.0136
vn 0.0178 0.9067 -0.4215
vn 0.1477 0.9205 -0.3617
vn 0.1718 0.8883 -0.4259
vn 0.0206 0.8656 -0.5002
vn 0.1381 0.9184 0.3708
vn -0.0581 0.8928 0.4467
vn 0.0156 0.8887 0.4582
vn 0.1611 0.9066 0.3900
vn -0.3567 0.9223 0.1488
vn -0.4151 0.9096 0.0185
vn -0.4929 0.8698 0.0220
vn -0.4196 0.8906 0.1751
vn 0.0451 -0.9441 -0.3265
vn -0.0568 -0.9334 -0.3544
vn -0.1936 -0.9705 -0.1436
vn -0.1999 -0.9736 -0.1102
vn 0.3577 -0.9337 0.0162
vn 0.3048 -0.9432 0.1325
vn 0.1232 -0.9909 0.0536
vn 0.1459 -0.9893 0.0066
vn -0.0212 -0.9282 -0.3716
vn 0.1149 -0.9408 -0.3188
vn 0.0263 -0.9889 -0.1463
vn -0.1028 -0.9768 -0.1877
vn 0.1230 -0.9409 0.3154
vn 0.0151 -0.9312 0.3643
vn 0.0061 -0.9888 0.1488
vn 0.0498 -0.9906 0.1278
vn -0.2606 0.9587 0.1140
vn -0.2655 0.9570 0.1172
vn -0.2580 0.9594 0.1144
vn -0.3121 0.9499 0.0147
vn -0.3161 0.9486 0.0138
vn -0.3127 0.9498 0.0132
vn -0.3203 0.9472 0.0128
vn -0.2628 0.9577 0.1174
vn -0.3146 0.9491 -0.0171
vn -0.3185 0.9477 -0.0211
vn -0.3176 0.9480 -0.0206
vn -0.2719 0.9547 -0.1210
vn -0.2770 0.9531 -0.1219
vn -0.2793 0.9523 -0.1232
vn -0.2868 0.9497 -0.1254
vn -0.3286 0.9442 -0.0239
vn 0.2293 0.9663 -0.1173
vn 0.2617 0.9649 -0.0226
vn 0.1450 0.9884 -0.0453
vn 0.1586 0.9774 -0.1400
vn -0.1113 0.9524 -0.2837
vn -0.1156 0.9495 -0.2919
vn -0.1131 0.9519 -0.2848
vn -0.0137 0.9453 -0.3259
vn -0.0137 0.9452 -0.3262
vn -0.0137 0.9450 -0.3269
vn -0.0141 0.9420 -0.3352
vn -0.1168 0.9492 -0.2921
vn -0.0665 0.9098 0.4096
vn -0.1593 0.9234 0.3492
vn -0.1667 0.8985 0.4060
vn -0.0223 0.8877 0.4600
vn -0.1435 0.9190 -0.3672
vn -0.0177 0.9064 -0.4221
vn -0.0211 0.8644 -0.5023
vn -0.1726 0.8803 -0.4418
vn 0.3524 0.9219 -0.1611
vn 0.4157 0.9070 -0.0671
vn 0.4734 0.8806 -0.0189
vn 0.4137 0.8952 -0.1655
vn -0.4152 0.9095 -0.0188
vn -0.3555 0.9218 -0.1544
vn -0.4280 0.8844 -0.1859
vn -0.4943 0.8690 -0.0224
vn 0.9902 -0.1376 -0.0217
vn 0.9229 -0.1907 0.3344
vn 0.9118 -0.2411 0.3325
vn 0.9734 -0.2238 0.0480
vn 0.0563 -0.0251 -0.9981
vn 0.3805 -0.0437 -0.9238
vn 0.3501 -0.1918 -0.9169
vn 0.1412 -0.1720 -0.9749
vn 0.3258 -0.0985 0.9403
vn 0.0436 -0.0363 0.9984
vn 0.1529 -0.2044 0.9669
vn 0.3742 -0.2568 0.8911
vn -0.9169 -0.0130 0.3989
vn -0.9237 0.0230 0.3825
vn -0.9230 0.0193 0.3842
vn -0.9999 -0.0020 0.0128
vn -0.9998 0.0173 0.0013
vn -0.9993 0.0370 -0.0104
vn -0.9287 0.0569 0.3665
vn 0.0749 0.9659 0.2478
vn 0.0047 0.9576 0.2881
vn 0.0022 0.9565 0.2918
vn 0.0042 0.9573 0.2891
vn -0.0003 0.9553 0.2957
vn 0.0235 0.9663 0.2562
vn 0.0114 0.9460 -0.3239
vn 0.0112 0.9456 -0.3251
vn 0.0104 0.9446 -0.3280
vn 0.0949 0.9568 -0.2749
vn 0.0777 0.9560 -0.2830
vn 0.0094 0.9431 -0.3323
vn 0.2575 0.9662 0.0134
vn 0.2116 0.9715 0.1064
vn 0.0930 0.9870 0.1308
vn 0.1212 0.9924 0.0192
vn -0.0148 0.9568 0.2904
vn -0.0148 0.9565 0.2912
vn -0.0148 0.9567 0.2907
vn -0.1036 0.9612 0.2556
vn -0.1017 0.9612 0.2564
vn -0.1034 0.9602 0.2594
vn -0.1031 0.9592 0.2632
vn -0.0152 0.9541 0.2992
vn 0.9563 -0.2151 -0.1980
vn -0.8802 0.0212 -0.4741
vn -0.0641 -0.8550 -0.5147
vn 0.6422 -0.7651 0.0460
vn 0.5756 -0.8173 0.0286
vn 0.7861 -0.5091 -0.3505
vn 0.3978 -0.7075 -0.5841
vn 0.4635 -0.6922 -0.5531
vn 0.4771 -0.7885 0.3882
vn 0.5154 -0.7384 0.4350
vn 0.7671 -0.5062 0.3942
vn 0.5352 -0.8292 0.1616
vn -0.8852 -0.4577 0.0830
vn -0.7844 -0.5365 -0.3112
vn -0.8606 -0.2109 -0.4636
vn -0.6042 0.7732 -0.1926
vn -0.0318 -0.0131 0.9994
vn -0.3721 -0.0021 0.9282
vn -0.3744 -0.0866 0.9232
vn -0.0016 -0.1416 0.9899
vn -0.3513 0.0281 -0.9359
vn -0.0131 0.0050 -0.9999
vn 0.1034 -0.0686 -0.9923
vn -0.3796 -0.0321 -0.9246
vn 0.9509 -0.0738 -0.3005
vn 0.9963 -0.0793 -0.0343
vn 0.9796 -0.1990 -0.0273
vn 0.9199 -0.1744 -0.3513
vn -0.9984 0.0260 -0.0509
vn -0.9977 0.0077 -0.0677
vn -0.9976 0.0067 -0.0687
vn -0.9271 0.0295 -0.3735
vn -0.9238 -0.0062 -0.3829
vn -0.9234 -0.0090 -0.3836
vn -0.9187 -0.0443 -0.3924
vn -0.9963 -0.0117 -0.0855
vn -0.7169 0.6949 -0.0554
vn -0.6350 0.7312 -0.2493
vn -0.9311 0.0915 -0.3531
vn -0.9955 0.0653 -0.0683
vn -0.0641 -0.7890 0.6110
vn 0.0895 -0.9590 0.2690
vn 0.0264 -0.9781 0.2062
vn -0.2331 -0.9487 0.2135
vn -0.2484 0.7476 -0.6159
vn -0.0281 0.7218 -0.6916
vn -0.0363 0.0783 -0.9963
vn -0.3657 0.0967 -0.9257
vn -0.0304 0.7592 0.6501
vn -0.2286 0.7776 0.5858
vn -0.3668 0.0708 0.9276
vn -0.0440 0.0715 0.9965
vn -0.5897 0.7663 0.2550
vn -0.7022 0.7119 0.0088
vn -0.9984 0.0559 -0.0060
vn -0.9139 0.0605 0.4014
vn 0.0445 0.7931 0.6075
vn 0.0024 0.7610 0.6488
vn 0.0183 0.0546 0.9983
vn 0.1796 -0.1099 0.9776
vn 0.0174 0.7233 -0.6903
vn 0.1487 0.7802 -0.6076
vn 0.3071 -0.0598 -0.9498
vn 0.0336 0.0583 -0.9977
vn -0.0336 0.9426 0.3322
vn -0.5183 0.6170 -0.5922
vn -0.3702 0.9117 0.1782
vn -0.0296 0.9697 0.2426
vn 0.2077 -0.9660 0.1540
vn 0.2063 -0.9672 0.1480
vn 0.1871 -0.9667 0.1748
vn 0.4152 -0.8874 0.2004
vn 0.5179 -0.7823 0.3460
vn 0.2340 -0.9427 0.2380
vn 0.5031 0.8517 0.1463
vn 0.2348 0.9651 0.1161
vn 0.2217 0.9636 0.1494
vn 0.5096 0.8252 0.2436
vn 0.6579 -0.4148 -0.6286
vn 0.7306 0.2245 -0.6449
vn 0.8702 0.4463 -0.2087
vn 0.8147 -0.5429 -0.2038
vn 0.6648 0.6529 -0.3630
vn 0.4423 0.8926 0.0874
vn 0.3147 0.9351 0.1629
vn 0.6061 0.7951 -0.0216
vn 0.2957 -0.9552 -0.0149
vn 0.4557 -0.8262 -0.3313
vn 0.4441 -0.8958 -0.0143
vn 0.2225 -0.9669 0.1248
vn -0.2174 0.1098 -0.9699
vn -0.4624 0.0576 -0.8848
vn -0.8406 -0.5361 0.0771
vn -0.8987 0.4382 0.0164
vn 0.7471 0.5397 0.3880
vn 0.3998 0.8272 0.3948
vn 0.5297 -0.6835 0.5023
vn 0.8670 -0.0379 0.4969
vn -0.0095 0.8915 0.4529
vn -0.4370 0.7327 0.5217
vn -0.4029 -0.7123 0.5747
vn 0.0368 -0.8712 0.4896
vn -0.8013 0.5170 0.3011
vn -0.7536 -0.5758 0.3170
vn -0.7538 -0.4905 0.4372
vn -0.7500 0.5363 0.3871
vn -0.2124 -0.9566 0.1995
vn 0.0171 -0.9845 0.1745
vn 0.0309 -0.9763 0.2140
vn -0.1906 -0.9505 0.2453
vn 0.8567 -0.4322 0.2816
vn 0.8052 0.5500 0.2218
vn 0.7517 0.5202 0.4054
vn 0.8636 -0.0506 0.5017
vn -0.0198 0.9925 0.1206
vn -0.2936 0.9424 0.1600
vn -0.2491 0.9514 0.1813
vn -0.0104 0.9898 0.1424
vn 0.9518 -0.1512 0.2669
vn 0.6066 -0.5088 0.6108
vn 0.8517 -0.3972 0.3418
vn 0.9646 -0.2545 0.0695
vn 0.4374 0.2069 -0.8751
vn 0.5650 -0.2154 -0.7965
vn -0.1076 -0.9646 -0.2407
vn -0.0912 -0.8775 -0.4708
vn 0.2673 -0.8179 -0.5095
vn 0.2231 -0.9422 -0.2499
vn 0.0242 0.7947 -0.6066
vn 0.0086 0.9617 -0.2740
vn 0.4303 0.8709 -0.2375
vn 0.4980 0.6017 -0.6245
vn -0.0970 -0.4768 -0.8736
vn -0.0335 0.3687 -0.9289
vn 0.4853 0.2235 -0.8453
vn 0.3875 -0.4323 -0.8142
vn 0.1267 0.9831 0.1324
vn 0.6736 0.5861 0.4503
vn 0.4029 -0.7241 -0.5597
vn 0.5635 -0.7921 0.2345
vn 0.6819 -0.6685 0.2968
vn -0.2137 -0.9745 -0.0683
vn 0.1610 -0.9806 0.1119
vn -0.0644 0.8985 -0.4343
vn -0.2062 -0.9053 0.3714
vn -0.3406 -0.9371 0.0757
vn -0.2304 -0.9729 0.0188
vn -0.0456 -0.9227 0.3829
vn -0.3115 0.9387 0.1478
vn -0.1441 0.8624 0.4853
vn 0.0452 0.8416 0.5383
vn -0.1389 0.9799 0.1432
vn 0.4866 -0.4477 -0.7502
vn 0.4289 0.4869 -0.7609
vn 0.0037 0.4075 -0.9132
vn -0.0078 -0.4615 -0.8871
vn -0.1042 0.8979 -0.4277
vn -0.3123 0.9421 -0.1220
vn -0.2057 0.9622 -0.1787
vn -0.1511 0.8434 -0.5156
vn -0.2956 -0.9462 -0.1313
vn -0.0833 -0.9096 -0.4070
vn -0.1646 -0.8830 -0.4395
vn -0.2156 -0.9593 -0.1824
vn 0.2262 0.2839 0.9318
vn 0.2027 -0.5480 0.8116
vn 0.3267 -0.5461 0.7714
vn 0.3416 0.1318 0.9306
vn 0.0906 0.7342 0.6728
vn 0.3492 -0.3790 0.8570
vn 0.2986 -0.5663 0.7682
vn 0.2834 0.5000 0.8184
vn 0.9253 -0.3655 -0.1009
vn 0.9030 -0.3539 -0.2437
vn 0.3831 -0.8646 -0.3252
vn -0.1495 -0.9805 -0.1276
vn 0.1138 0.9746 -0.1931
vn -0.0550 0.9955 -0.0773
vn -0.3228 0.9423 -0.0888
vn 0.0629 0.9501 -0.3055
vn 0.7795 -0.1609 -0.6053
vn 0.3928 0.7736 -0.4972
vn 0.7170 0.5518 -0.4261
vn 0.8648 -0.2800 -0.4169
vn -0.1212 0.9915 0.0467
vn -0.0628 0.9770 0.2040
vn -0.1931 0.9087 0.3702
vn -0.3650 0.9236 0.1173
vn 0.5684 -0.7721 0.2843
vn 0.8139 -0.5740 -0.0898
vn -0.2907 -0.9538 0.0760
vn -0.1677 -0.9350 0.3125
vn -0.3808 -0.6174 0.6883
vn -0.5685 0.6301 0.5290
vn -0.7794 0.2631 -0.5686
vn -0.7358 -0.5256 -0.4271
vn 0.9433 0.1300 0.3055
vn 0.6170 0.6313 0.4698
vn -0.1662 0.4249 0.8899
vn 0.3597 -0.3422 0.8680
vn -0.8094 -0.3413 0.4779
vn -0.8571 -0.4410 0.2662
vn -0.7855 0.5573 0.2691
vn -0.2339 0.0908 0.9680
vn 0.9052 -0.3670 0.2141
vn 0.8912 -0.1905 0.4116
vn 0.9179 -0.0287 0.3957
vn 0.8147 -0.5441 -0.2004
vn 0.3323 0.2756 0.9020
vn -0.3502 0.2219 0.9100
vn 0.3237 -0.2765 0.9048
vn 0.1204 -0.3473 0.9300
vn -0.2574 -0.4737 -0.8423
vn 0.2559 -0.3146 -0.9141
vn 0.1118 -0.9091 -0.4013
vn 0.6103 0.5479 0.5721
vn -0.2652 -0.3395 -0.9024
vn -0.2629 0.2783 -0.9238
vn 0.3556 0.2788 -0.8921
vn 0.3538 -0.3418 -0.8706
vn 0.9102 -0.3207 -0.2620
vn 0.9122 0.2961 -0.2832
vn 0.9198 0.3501 0.1774
vn 0.9175 -0.3431 0.2012
vn -0.7890 0.3068 0.5324
vn -0.7908 -0.2644 0.5520
vn -0.5563 -0.1634 0.8148
vn -0.5550 0.2225 0.8015
vn -0.9340 -0.3402 0.1090
vn -0.9318 0.3530 0.0852
vn -0.8787 0.2988 -0.3724
vn -0.8807 -0.3180 -0.3512
vn 0.3211 -0.9074 -0.2711
vn 0.3362 -0.9219 0.1922
vn -0.3565 -0.9209 0.1578
vn -0.2953 -0.9065 -0.3018
vn 0.3423 0.9308 0.1286
vn 0.3269 0.8846 -0.3326
vn -0.2895 0.8855 -0.3633
vn -0.3505 0.9318 0.0941
vn 0.5640 -0.2258 -0.7943
vn 0.5637 -0.2257 -0.7945
vn 0.5637 -0.2256 -0.7946
vn 0.5653 0.1671 -0.8078
vn 0.5650 0.1670 -0.8080
vn 0.5651 0.1670 -0.8079
vn 0.5628 0.1661 -0.8097
vn 0.5615 -0.2248 -0.7963
vn -0.3167 -0.7411 0.5920
vn 0.2541 -0.7420 0.6204
vn 0.1497 -0.4860 0.8610
vn -0.2359 -0.4854 0.8418
vn 0.2590 0.7811 0.5681
vn -0.3118 0.7820 0.5397
vn -0.2326 0.5435 0.8065
vn 0.1530 0.5430 0.8257
vn 0.7313 -0.2667 0.6278
vn 0.7331 0.3044 0.6081
vn 0.4733 0.2209 0.8527
vn 0.4721 -0.1650 0.8660
vn 0.3481 0.9338 0.0829
vn -0.3518 0.9349 0.0480
vn -0.3127 0.8497 0.4245
vn 0.2716 0.8488 0.4536
vn 0.2392 0.4950 -0.8353
vn 0.2391 0.4948 -0.8355
vn 0.2391 0.4947 -0.8355
vn -0.1535 0.4956 -0.8549
vn -0.1533 0.4953 -0.8551
vn -0.1534 0.4953 -0.8551
vn -0.1524 0.4930 -0.8566
vn 0.2383 0.4924 -0.8371
vn -0.1569 -0.5521 -0.8189
vn -0.1568 -0.5518 -0.8191
vn 0.2358 -0.5527 -0.7993
vn 0.2357 -0.5524 -0.7996
vn 0.2357 -0.5524 -0.7995
vn 0.2349 -0.5502 -0.8013
vn -0.1558 -0.5496 -0.8208
vn -0.4818 0.1687 -0.8599
vn -0.4815 0.1686 -0.8601
vn -0.4830 -0.2242 -0.8464
vn -0.4827 -0.2241 -0.8466
vn -0.4828 -0.2241 -0.8466
vn -0.4804 -0.2233 -0.8482
vn -0.4791 0.1677 -0.8616
vn 0.1877 -0.2033 0.9610
vn 0.1892 0.2675 0.9448
vn -0.2813 0.2682 0.9214
vn -0.2828 -0.2026 0.9375
vn 0.9244 -0.3483 0.1557
vn 0.9266 0.3521 0.1317
vn 0.8103 0.3072 0.4991
vn 0.8084 -0.2775 0.5192
vn -0.9341 0.3550 0.0391
vn -0.9363 -0.3454 0.0631
vn -0.8568 -0.2749 0.4362
vn -0.8549 0.3097 0.4162
vn -0.3578 -0.9271 0.1119
vn 0.3421 -0.9281 0.1468
vn 0.2661 -0.8175 0.5108
vn -0.3181 -0.8166 0.4817
vn 0.0805 0.0751 0.9939
vn 0.1694 0.5413 0.8236
vn 0.5371 0.5419 0.6464
vn 0.5543 0.1667 0.8154
vn 0.0362 -0.9286 0.3693
vn 0.2894 -0.9143 0.2832
vn 0.0962 -0.9896 0.1073
vn 0.0121 -0.9888 0.1487
vn -0.9962 0.0674 0.0554
vn -0.8254 0.5505 0.1253
vn -0.7583 0.5955 0.2653
vn -0.9159 0.0812 0.3932
vn -0.0755 0.0899 -0.9931
vn -0.1224 0.5507 -0.8257
vn -0.2487 0.5924 -0.7663
vn -0.3721 0.0854 -0.9242
vn -0.1205 -0.4248 -0.8972
vn -0.1124 -0.0094 -0.9936
vn -0.3835 -0.0518 -0.9221
vn -0.3399 -0.4662 -0.8168
vn -0.8978 -0.4384 0.0408
vn -0.9976 -0.0518 0.0453
vn -0.9157 -0.0564 0.3979
vn -0.8100 -0.4689 0.3521
vn 0.0787 -0.4219 0.9032
vn 0.0710 -0.0639 0.9954
vn 0.5596 -0.1402 0.8168
vn 0.5934 -0.3745 0.7125
vn -0.3230 -0.4617 0.8261
vn -0.3644 -0.0558 0.9296
vn -0.0434 -0.0524 0.9977
vn -0.0382 -0.4322 0.9010
vn -0.3914 0.4805 -0.7848
vn 0.2033 0.3210 -0.9250
vn -0.1204 0.1090 -0.9867
vn -0.1984 -0.2837 -0.9382
vn 0.4079 0.4065 -0.8176
vn 0.4743 0.6053 -0.6392
vn 0.1511 0.5640 -0.8119
vn 0.0117 0.1664 -0.9860
vn 0.4688 -0.8801 -0.0755
vn 0.4736 -0.8600 0.1900
vn 0.1913 -0.9742 -0.1195
vn 0.1956 -0.9739 -0.1149
vn 0.1957 -0.9739 -0.1148
vn 0.1704 -0.9653 -0.1978
vn -0.3609 0.0786 0.9293
vn -0.2466 0.5853 0.7724
vn -0.1242 0.5408 0.8319
vn -0.0542 0.0642 0.9965
vn 0.0200 0.9755 -0.2190
vn 0.2793 0.9553 -0.0967
vn -0.0667 0.9978 -0.0046
vn 0.2832 0.9548 0.0901
vn 0.0175 0.9769 0.2128
vn -0.1333 0.9818 0.1354
vn -0.2124 0.9772 -0.0011
vn -0.1306 0.9812 -0.1424
vn -0.3075 -0.9429 -0.1283
vn -0.3579 -0.9336 -0.0159
vn -0.1460 -0.9893 -0.0065
vn -0.1459 -0.9893 -0.0000
vn -0.1459 -0.9893 0.0001
vn -0.1244 -0.9909 -0.0519
vn -0.8156 -0.4677 -0.3405
vn -0.9209 -0.0550 -0.3860
vn -0.9977 -0.0517 -0.0447
vn -0.8980 -0.4382 -0.0400
vn -0.9189 0.0843 -0.3855
vn -0.7548 0.5987 -0.2679
vn -0.8254 0.5505 -0.1254
vn -0.9962 0.0678 -0.0552
vn 0.5248 -0.8497 0.0508
vn 0.5025 -0.8565 0.1182
vn 0.2163 -0.9733 -0.0764
vn 0.2036 -0.9790 -0.0072
vn 0.8716 0.4651 -0.1546
vn 0.9104 0.2812 0.3036
vn 0.9322 -0.2463 0.2652
vn 0.9516 -0.2538 0.1731
vn 0.9622 0.0095 0.2723
vn 0.9209 0.3683 0.1274
vn 0.9994 0.0347 0.0010
vn 0.9060 0.4102 -0.1042
vn -0.4539 0.8892 -0.0577
vn -0.3819 0.9151 0.1294
vn -0.4034 0.9021 0.1533
vn -0.4724 0.8813 0.0136
vn -0.0178 0.9067 -0.4215
vn -0.1477 0.9205 -0.3617
vn -0.1718 0.8883 -0.4259
vn -0.0206 0.8656 -0.5002
vn -0.1381 0.9184 0.3708
vn 0.0581 0.8928 0.4467
vn -0.0156 0.8887 0.4582
vn -0.1611 0.9066 0.3900
vn 0.3567 0.9223 0.1488
vn 0.4151 0.9096 0.0185
vn 0.4929 0.8698 0.0220
vn 0.4196 0.8907 0.1751
vn -0.0451 -0.9441 -0.3265
vn 0.0568 -0.9334 -0.3544
vn 0.1936 -0.9705 -0.1436
vn 0.1999 -0.9736 -0.1102
vn -0.3577 -0.9337 0.0162
vn -0.3048 -0.9432 0.1325
vn -0.1232 -0.9909 0.0536
vn -0.1459 -0.9893 0.0066
vn 0.0212 -0.9282 -0.3716
vn -0.1148 -0.9408 -0.3188
vn -0.0262 -0.9889 -0.1463
vn 0.1028 -0.9768 -0.1877
vn -0.1230 -0.9410 0.3154
vn -0.0151 -0.9312 0.3643
vn -0.0061 -0.9888 0.1488
vn -0.0498 -0.9906 0.1278
vn 0.2624 0.9582 0.1137
vn 0.2584 0.9590 0.1160
vn 0.2663 0.9566 0.1182
vn 0.3137 0.9494 0.0151
vn 0.3130 0.9497 0.0129
vn 0.3168 0.9484 0.0136
vn 0.3200 0.9473 0.0121
vn 0.2625 0.9575 0.1199
vn 0.3157 0.9487 -0.0163
vn 0.3192 0.9475 -0.0204
vn 0.3202 0.9471 -0.0210
vn 0.2725 0.9545 -0.1207
vn 0.2812 0.9518 -0.1227
vn 0.2793 0.9525 -0.1214
vn 0.2902 0.9488 -0.1248
vn 0.3308 0.9434 -0.0242
vn -0.2289 0.9663 -0.1174
vn -0.2609 0.9651 -0.0235
vn -0.1427 0.9887 -0.0456
vn -0.1556 0.9778 -0.1406
vn 0.1115 0.9524 -0.2837
vn 0.1139 0.9518 -0.2848
vn 0.1162 0.9494 -0.2919
vn 0.0137 0.9453 -0.3259
vn 0.0137 0.9450 -0.3269
vn 0.0137 0.9452 -0.3262
vn 0.0141 0.9420 -0.3352
vn 0.1179 0.9491 -0.2922
vn 0.0665 0.9098 0.4096
vn 0.1593 0.9234 0.3492
vn 0.1667 0.8985 0.4060
vn 0.0223 0.8877 0.4600
vn 0.1435 0.9190 -0.3672
vn 0.0177 0.9064 -0.4221
vn 0.0211 0.8644 -0.5023
vn 0.1726 0.8803 -0.4418
vn -0.3524 0.9219 -0.1611
vn -0.4157 0.9070 -0.0671
vn -0.4734 0.8806 -0.0189
vn -0.4137 0.8952 -0.1655
vn 0.4152 0.9096 -0.0188
vn 0.3555 0.9219 -0.1544
vn 0.4280 0.8845 -0.1859
vn 0.4943 0.8690 -0.0224
vn -0.9915 -0.1301 0.0013
vn -0.9291 -0.1745 0.3260
vn -0.9315 -0.1456 0.3334
vn -0.9944 -0.1039 0.0174
vn -0.0563 -0.0251 -0.9981
vn -0.3790 -0.0464 -0.9242
vn -0.3455 -0.1722 -0.9225
vn -0.1341 -0.1668 -0.9768
vn -0.3293 -0.0969 0.9392
vn -0.0437 -0.0362 0.9984
vn -0.2136 -0.2441 0.9459
vn -0.4034 -0.3575 0.8423
vn 0.9108 -0.0268 0.4121
vn 0.9157 -0.0085 0.4019
vn 0.9159 -0.0075 0.4013
vn 0.9998 -0.0113 -0.0142
vn 0.9999 0.0110 0.0112
vn 0.9999 0.0114 0.0115
vn 0.9988 0.0337 0.0369
vn 0.9204 0.0108 0.3909
vn -0.0734 0.9659 0.2482
vn -0.0047 0.9576 0.2881
vn -0.0041 0.9573 0.2890
vn -0.0022 0.9565 0.2918
vn 0.0004 0.9553 0.2956
vn -0.0207 0.9662 0.2568
vn -0.0114 0.9460 -0.3239
vn -0.0104 0.9446 -0.3280
vn -0.0112 0.9456 -0.3250
vn -0.0947 0.9568 -0.2750
vn -0.0762 0.9561 -0.2831
vn -0.0094 0.9431 -0.3323
vn -0.2561 0.9666 0.0128
vn -0.2098 0.9719 0.1064
vn -0.0927 0.9873 0.1293
vn -0.1207 0.9925 0.0193
vn 0.0148 0.9568 0.2904
vn 0.0148 0.9567 0.2907
vn 0.0148 0.9565 0.2912
vn 0.1046 0.9611 0.2555
vn 0.1057 0.9600 0.2593
vn 0.1043 0.9610 0.2562
vn 0.1067 0.9589 0.2631
vn 0.0152 0.9541 0.2992
vn -0.8589 -0.3252 -0.3956
vn 0.3519 -0.5796 -0.7350
vn -0.6452 -0.6725 -0.3626
vn -0.8925 -0.2878 -0.3473
vn -0.4984 -0.8570 0.1311
vn -0.7819 -0.3932 -0.4837
vn -0.2854 -0.7206 -0.6319
vn -0.4000 -0.6493 -0.6468
vn -0.3592 -0.8275 0.4315
vn -0.5911 -0.6727 0.4451
vn -0.7982 -0.3982 0.4520
vn -0.3474 -0.8724 0.3438
vn 0.9863 -0.1622 -0.0307
vn 0.8969 -0.2041 -0.3924
vn 0.9475 -0.2323 -0.2197
vn 0.9790 -0.1815 0.0932
vn 0.0318 -0.0131 0.9994
vn 0.3685 -0.0015 0.9296
vn 0.3674 -0.0264 0.9297
vn -0.0735 -0.0973 0.9925
vn 0.3511 0.0288 -0.9359
vn 0.0131 0.0050 -0.9999
vn -0.1186 -0.0577 -0.9913
vn 0.3261 0.0209 -0.9451
vn -0.9475 -0.0842 -0.3084
vn -0.9951 -0.0913 -0.0368
vn -0.9907 -0.1242 -0.0555
vn -0.9220 -0.1322 -0.3638
vn 0.9980 0.0385 -0.0492
vn 0.9981 0.0338 -0.0514
vn 0.9981 0.0339 -0.0514
vn 0.9313 0.0384 -0.3623
vn 0.9240 0.0294 -0.3813
vn 0.9242 0.0297 -0.3806
vn 0.9166 0.0209 -0.3992
vn 0.9981 0.0292 -0.0536
vn 0.7162 0.6955 -0.0577
vn 0.6360 0.7313 -0.2464
vn 0.9360 0.0801 -0.3427
vn 0.9967 0.0411 -0.0698
vn 0.0772 -0.8044 0.5890
vn -0.0604 -0.9619 0.2667
vn -0.0184 -0.9776 0.2096
vn 0.2357 -0.9464 0.2207
vn 0.2504 0.7477 -0.6150
vn 0.0281 0.7217 -0.6916
vn 0.0363 0.0783 -0.9963
vn 0.3669 0.0975 -0.9251
vn 0.0303 0.7592 0.6501
vn 0.2322 0.7790 0.5824
vn 0.3669 0.0753 0.9272
vn 0.0440 0.0715 0.9965
vn 0.5843 0.7684 0.2611
vn 0.7024 0.7118 0.0053
vn 0.9970 0.0690 -0.0346
vn 0.9007 0.0976 0.4232
vn -0.0429 0.7906 0.6108
vn -0.0022 0.7608 0.6490
vn -0.0184 0.0543 0.9984
vn -0.1817 -0.1124 0.9769
vn -0.0173 0.7234 -0.6902
vn -0.1461 0.7797 -0.6088
vn -0.3031 -0.0593 -0.9511
vn -0.0336 0.0583 -0.9977
vn -0.0038 0.9310 0.3650
vn 0.5064 0.7781 -0.3717
vn 0.3490 0.9173 0.1915
vn 0.0075 0.9689 0.2474
vn -0.1970 -0.9668 0.1630
vn -0.1822 -0.9671 0.1777
vn -0.1946 -0.9680 0.1581
vn -0.4163 -0.8848 0.2093
vn -0.5253 -0.7785 0.3436
vn -0.2344 -0.9429 0.2368
vn -0.4956 0.8576 0.1375
vn -0.2389 0.9650 0.1083
vn -0.2230 0.9635 0.1481
vn -0.5103 0.8257 0.2404
vn -0.6710 -0.4402 -0.5967
vn -0.7463 0.2305 -0.6245
vn -0.8572 0.4823 -0.1805
vn -0.8247 -0.5391 -0.1709
vn -0.6645 0.6627 -0.3454
vn -0.4622 0.8811 0.0999
vn -0.3280 0.9308 0.1613
vn -0.5939 0.8044 -0.0133
vn -0.2695 -0.9625 0.0308
vn -0.4504 -0.8470 -0.2823
vn -0.4351 -0.9003 0.0143
vn -0.2052 -0.9685 0.1414
vn 0.2709 0.1379 -0.9527
vn 0.5519 0.0284 -0.8334
vn 0.8233 -0.5535 0.1261
vn 0.8812 0.4670 0.0737
vn -0.7497 0.5394 0.3834
vn -0.4026 0.8270 0.3924
vn -0.5325 -0.6837 0.4990
vn -0.8700 -0.0383 0.4915
vn 0.0063 0.8915 0.4530
vn 0.4335 0.7328 0.5244
vn 0.3996 -0.7122 0.5772
vn -0.0395 -0.8712 0.4893
vn 0.7960 0.5233 0.3042
vn 0.7525 -0.5739 0.3230
vn 0.7503 -0.4915 0.4422
vn 0.7456 0.5396 0.3910
vn 0.2127 -0.9560 0.2023
vn -0.0158 -0.9843 0.1758
vn -0.0318 -0.9764 0.2138
vn 0.1894 -0.9504 0.2465
vn -0.8647 -0.4072 0.2941
vn -0.7890 0.5751 0.2163
vn -0.7562 0.5158 0.4026
vn -0.8662 -0.0667 0.4952
vn 0.0119 0.9937 0.1113
vn 0.2839 0.9464 0.1540
vn 0.2479 0.9514 0.1829
vn 0.0092 0.9898 0.1425
vn -0.9631 -0.1651 0.2126
vn -0.5806 -0.5543 0.5964
vn -0.9730 -0.2258 -0.0473
vn -0.8812 -0.4012 0.2500
vn -0.4395 0.2357 -0.8668
vn -0.5714 -0.2058 -0.7945
vn 0.0689 -0.9592 -0.2741
vn 0.0398 -0.8790 -0.4752
vn -0.3041 -0.8199 -0.4851
vn -0.2559 -0.9435 -0.2107
vn -0.0784 0.7836 -0.6163
vn -0.0307 0.9590 -0.2818
vn -0.4362 0.8736 -0.2157
vn -0.5075 0.6086 -0.6100
vn 0.0204 -0.4863 -0.8736
vn -0.0555 0.3692 -0.9277
vn -0.5172 0.1999 -0.8322
vn -0.4331 -0.4379 -0.7878
vn -0.1576 0.9774 0.1409
vn -0.7309 0.5513 0.4022
vn -0.3963 -0.7459 -0.5353
vn -0.5850 -0.7363 0.3401
vn -0.9984 0.0568 -0.0052
vn 0.2473 -0.9591 -0.1375
vn -0.1282 -0.9791 0.1580
vn 0.0690 0.8939 -0.4429
vn 0.2287 -0.9093 0.3477
vn 0.3481 -0.9364 0.0448
vn 0.2514 -0.9678 -0.0113
vn 0.0654 -0.9313 0.3583
vn 0.3332 0.9334 0.1333
vn 0.1859 0.8596 0.4759
vn 0.0006 0.8451 0.5345
vn 0.1501 0.9793 0.1359
vn -0.4841 -0.4500 -0.7504
vn -0.4320 0.4881 -0.7584
vn -0.0722 0.4065 -0.9108
vn -0.0606 -0.4674 -0.8820
vn 0.0787 0.8987 -0.4315
vn 0.3126 0.9396 -0.1394
vn 0.1982 0.9609 -0.1933
vn 0.1157 0.8407 -0.5290
vn 0.2785 -0.9490 -0.1481
vn 0.0425 -0.9118 -0.4083
vn 0.1268 -0.8850 -0.4480
vn 0.2041 -0.9569 -0.2066
vn -0.1533 0.2981 0.9422
vn -0.1415 -0.5613 0.8154
vn -0.2717 -0.5851 0.7641
vn -0.2501 0.1548 0.9558
vn -0.0751 0.7327 0.6764
vn -0.3462 -0.3836 0.8562
vn -0.2571 -0.5733 0.7779
vn -0.2413 0.5077 0.8270
vn -0.9227 -0.3723 -0.1000
vn -0.9003 -0.3541 -0.2532
vn -0.3699 -0.8689 -0.3288
vn 0.1370 -0.9817 -0.1321
vn -0.1150 0.9742 -0.1940
vn 0.0508 0.9956 -0.0786
vn 0.3150 0.9437 -0.1005
vn -0.0730 0.9495 -0.3052
vn -0.7755 -0.1590 -0.6109
vn -0.3907 0.7733 -0.4994
vn -0.7139 0.5467 -0.4376
vn -0.8569 -0.2784 -0.4338
vn 0.1230 0.9914 0.0441
vn 0.0713 0.9771 0.2005
vn 0.2286 0.9041 0.3609
vn 0.3859 0.9166 0.1046
vn -0.5906 -0.7557 0.2832
vn -0.8201 -0.5704 -0.0455
vn 0.2913 -0.9549 0.0577
vn 0.1863 -0.9356 0.3000
vn -0.4826 -0.7163 0.5040
vn 0.4758 -0.6936 0.5408
vn 0.5257 -0.8238 0.2122
vn -0.4627 -0.8862 -0.0246
vn -0.4181 -0.3016 0.8569
vn 0.4027 -0.2919 0.8675
vn 0.4972 -0.6302 0.5963
vn -0.4961 -0.6284 0.5991
vn 0.8969 -0.0926 0.4324
vn 0.9828 -0.1599 0.0924
vn 0.9448 -0.2597 0.1997
vn 0.8415 -0.1204 0.5266
vn -0.9375 0.0470 0.3447
vn -0.8730 -0.2909 0.3916
vn -0.9647 0.1272 0.2305
vn -0.7787 -0.1169 0.6165
vn -0.2950 0.0440 0.9545
vn 0.3674 0.0791 0.9267
vn 0.3458 0.1835 0.9202
vn -0.3824 0.3813 0.8417
vn 0.2997 -0.2100 -0.9306
vn -0.3360 -0.2121 -0.9177
vn -0.3669 -0.5515 -0.7492
vn 0.2325 -0.5744 -0.7849
vn 0.2702 -0.3388 -0.9012
vn 0.2679 0.2778 -0.9225
vn -0.3494 0.2779 -0.8948
vn -0.3475 -0.3412 -0.8734
vn -0.9084 -0.3211 -0.2677
vn -0.9106 0.2957 -0.2889
vn -0.9210 0.3497 0.1717
vn -0.9186 -0.3434 0.1955
vn 0.7855 0.3071 0.5372
vn 0.7875 -0.2641 0.5568
vn 0.5513 -0.1632 0.8182
vn 0.5499 0.2227 0.8050
vn 0.9334 -0.3399 0.1148
vn 0.9311 0.3533 0.0910
vn 0.8808 0.2992 -0.3669
vn 0.8829 -0.3176 -0.3458
vn -0.3190 -0.9075 -0.2731
vn -0.3371 -0.9221 0.1901
vn 0.3559 -0.9207 0.1599
vn 0.2976 -0.9063 -0.3000
vn -0.3434 0.9306 0.1265
vn -0.3252 0.8845 -0.3346
vn 0.2914 0.8857 -0.3615
vn 0.3495 0.9320 0.0964
vn -0.5590 -0.2260 -0.7978
vn -0.5587 -0.2259 -0.7980
vn -0.5603 0.1669 -0.8113
vn -0.5601 0.1668 -0.8114
vn -0.5601 0.1668 -0.8115
vn -0.5578 0.1659 -0.8132
vn -0.5565 -0.2251 -0.7998
vn 0.3133 -0.7410 0.5939
vn -0.2576 -0.7421 0.6188
vn -0.1548 -0.4861 0.8601
vn 0.2309 -0.4854 0.8433
vn -0.2628 0.7810 0.5665
vn 0.3081 0.7821 0.5417
vn 0.2274 0.5436 0.8080
vn -0.1583 0.5429 0.8248
vn -0.7351 -0.2671 0.6232
vn -0.7370 0.3041 0.6036
vn -0.4787 0.2207 0.8498
vn -0.4774 -0.1652 0.8630
vn -0.3490 0.9336 0.0807
vn 0.3511 0.9350 0.0502
vn 0.3097 0.8498 0.4265
vn -0.2747 0.8487 0.4519
vn -0.2342 0.4950 -0.8368
vn -0.2341 0.4947 -0.8370
vn -0.2341 0.4947 -0.8369
vn 0.1585 0.4957 -0.8539
vn 0.1585 0.4955 -0.8541
vn 0.1584 0.4954 -0.8541
vn 0.1575 0.4931 -0.8556
vn -0.2333 0.4924 -0.8386
vn 0.1621 -0.5520 -0.8179
vn 0.1621 -0.5517 -0.8181
vn 0.1621 -0.5518 -0.8181
vn -0.2306 -0.5527 -0.8008
vn -0.2305 -0.5525 -0.8010
vn -0.2297 -0.5502 -0.8028
vn 0.1611 -0.5495 -0.8198
vn 0.4870 0.1689 -0.8569
vn 0.4867 0.1688 -0.8571
vn 0.4868 0.1689 -0.8570
vn 0.4883 -0.2239 -0.8434
vn 0.4881 -0.2239 -0.8436
vn 0.4857 -0.2230 -0.8452
vn 0.4844 0.1679 -0.8586
vn -0.1935 -0.2034 0.9598
vn -0.1952 0.2674 0.9436
vn 0.2755 0.2683 0.9231
vn 0.2771 -0.2025 0.9393
vn -0.9252 -0.3486 0.1500
vn -0.9276 0.3517 0.1260
vn -0.8135 0.3068 0.4941
vn -0.8115 -0.2778 0.5141
vn 0.9337 0.3553 0.0449
vn 0.9361 -0.3450 0.0689
vn 0.8542 -0.2746 0.4416
vn 0.8522 0.3101 0.4215
vn 0.3575 -0.9269 0.1141
vn -0.3426 -0.9283 0.1446
vn -0.2690 -0.8176 0.5091
vn 0.3154 -0.8164 0.4837
vt 0.856905 0.902234
vt 0.510983 0.868698
vt 0.846587 0.241256
vt 0.736304 0.902334
vt 0.846589 0.361878
vt 0.350636 0.758891
vt 0.967173 0.241256
vt 0.836436 0.590961
vt 0.510983 0.748447
vt 0.967175 0.361878
vt 0.836440 0.711502
vt 0.350573 0.879321
vt 0.856905 0.781725
vt 0.390423 0.868395
vt 0.615957 0.780576
vt 0.764287 0.732480
vt 0.708553 0.732480
vt 0.182503 0.709157
vt 0.957340 0.590403
vt 0.390159 0.747576
vt 0.614909 0.901717
vt 0.957062 0.711502
vt 0.229956 0.879321
vt 0.736055 0.901717
vt 0.797560 0.902283
vt 0.846588 0.300610
vt 0.957203 0.649992
vt 0.674522 0.901717
vt 0.967174 0.300610
vt 0.836438 0.650276
vt 0.797560 0.781774
vt 0.675305 0.780833
vt 0.736304 0.840043
vt 0.288289 0.758891
vt 0.898931 0.590672
vt 0.448529 0.747997
vt 0.898789 0.711502
vt 0.288227 0.879321
vt 0.856159 0.836810
vt 0.445518 0.868848
vt 0.797936 0.838952
vt 0.898181 0.650450
vt 0.229987 0.820477
vt 0.736304 0.842781
vt 0.510983 0.807203
vt 0.908253 0.241256
vt 0.390288 0.806610
vt 0.615421 0.842526
vt 0.908256 0.361878
vt 0.350604 0.820477
vt 0.907797 0.300929
vt 0.387682 0.487957
vt 0.278102 0.831012
vt 0.387673 0.578991
vt 0.278113 0.808286
vt 0.371994 0.556228
vt 0.387682 0.510719
vt 0.387684 0.533474
vt 0.387673 0.556228
vt 0.300863 0.831012
vt 0.300875 0.808286
vt 0.371994 0.533488
vt 0.387684 0.510719
vt 0.289867 0.831012
vt 0.387673 0.567225
vt 0.289879 0.808286
vt 0.371994 0.544474
vt 0.300869 0.819390
vt 0.387684 0.521837
vt 0.278108 0.819390
vt 0.387682 0.499597
vt 0.371994 0.487956
vt 0.371994 0.578991
vt 0.509961 0.097755
vt 0.487272 0.097369
vt 0.387681 0.556215
vt 0.371994 0.510717
vt 0.371994 0.533475
vt 0.371994 0.556229
vt 0.509517 0.120501
vt 0.387681 0.533475
vt 0.371994 0.510719
vt 0.486828 0.120115
vt 0.371994 0.567225
vt 0.509732 0.109512
vt 0.387681 0.544461
vt 0.487043 0.109127
vt 0.371994 0.521838
vt 0.497914 0.120304
vt 0.498358 0.097558
vt 0.371994 0.499596
vt 0.614909 0.003748
vt 0.027133 0.004334
vt 0.620364 0.000000
vt 0.394471 0.000000
vt 0.841444 0.005417
vt 0.836436 0.731963
vt 0.611287 0.224984
vt 0.027276 0.225688
vt 0.371994 0.601611
vt 0.615492 0.732480
vt 0.390159 0.220997
vt 0.353866 0.657252
vt 0.612680 0.117981
vt 0.027619 0.118645
vt 0.392242 0.114233
vt 0.722231 0.732230
vt 0.498803 0.209566
vt 0.371994 0.487956
vt 0.502180 0.001831
vt 0.733422 0.002770
vt 0.614909 0.184746
vt 0.211806 0.002937
vt 0.846587 0.179393
vt 0.834636 0.557979
vt 0.182542 0.709074
vt 0.212253 0.224693
vt 0.836436 0.369494
vt 0.614909 0.548210
vt 0.836440 0.590294
vt 0.182503 0.487988
vt 0.943271 0.369428
vt 0.000000 0.487956
vt 0.211806 0.117855
vt 0.004128 0.709186
vt 0.943271 0.590403
vt 0.721652 0.547805
vt 0.836438 0.482409
vt 0.182522 0.596013
vt 0.729677 0.189967
vt 0.943268 0.482259
vt 0.004128 0.600995
vt 0.348377 0.709157
vt 0.046527 0.225475
vt 0.611039 0.747576
vt 0.070586 0.117212
vt 0.045551 0.004255
vt 0.619910 0.018423
vt 0.731715 0.045913
vt 0.348377 0.487956
vt 0.615434 0.714052
vt 0.390159 0.743650
vt 0.372259 0.656080
vt 0.723306 0.689499
vt 0.338880 0.596357
vt 0.498952 0.747576
vt 0.840991 0.023840
vt 0.836378 0.713536
vt 0.015115 0.347332
vt 0.612099 0.346949
vt 0.423758 0.341895
vt 0.143847 0.850684
vt 0.510323 0.364923
vt 0.058614 0.341404
vt 0.610057 0.631463
vt 0.427037 0.624525
vt 0.157778 0.852269
vt 0.513533 0.608750
vt 0.348377 0.674671
vt 0.023861 0.487956
vt 0.522415 0.485787
vt 0.510625 0.465495
vt 0.142248 0.724669
vt 0.145684 0.710395
vt 0.353850 0.701399
vt 0.495418 0.480283
vt 0.371837 0.657252
vt 0.047560 0.486176
vt 0.547735 0.485787
vt 0.505334 0.503945
vt 0.155519 0.726576
vt 0.163305 0.713594
vt 0.371837 0.707100
vt 0.497915 0.489923
vt 0.000000 0.311494
vt 0.614909 0.311586
vt 0.523471 0.317486
vt 0.523570 0.655923
vt 0.069200 0.312960
vt 0.598741 0.659577
vt 0.454505 0.303148
vt 0.124581 0.888024
vt 0.460060 0.666258
vt 0.162208 0.892359
vt 0.528576 0.275599
vt 0.596383 0.690778
vt 0.071028 0.281697
vt 0.163305 0.917751
vt 0.463223 0.691732
vt 0.613332 0.273716
vt 0.000973 0.273668
vt 0.525871 0.688384
vt 0.118756 0.913921
vt 0.459758 0.276937
vt 0.524549 0.232024
vt 0.348377 0.511687
vt 0.064164 0.252722
vt 0.594831 0.719821
vt 0.156955 0.953024
vt 0.444147 0.726284
vt 0.372259 0.601973
vt 0.597461 0.240775
vt 0.010851 0.241260
vt 0.355318 0.586149
vt 0.519029 0.719314
vt 0.132887 0.955558
vt 0.445402 0.236115
vt 0.348377 0.601611
vt 0.003845 0.942145
vt 0.614909 0.363134
vt 0.390158 0.000000
vt 0.846587 0.357781
vt 0.006007 0.710396
vt 0.836436 0.379601
vt 0.118751 0.941153
vt 0.178375 0.489165
vt 0.390158 0.114917
vt 0.182503 0.710395
vt 0.118756 0.720178
vt 0.723452 0.369427
vt 0.000000 0.828929
vt 0.728405 0.369428
vt 0.118756 0.828322
vt 0.182503 0.602204
vt 0.967196 0.120631
vt 0.977446 0.853180
vt 0.182503 0.879321
vt 0.846587 0.120619
vt 0.856905 0.853184
vt 0.390159 0.989711
vt 0.967196 0.000012
vt 0.977413 0.732580
vt 0.302933 0.879383
vt 0.846587 0.000000
vt 0.977413 0.853180
vt 0.510409 0.989409
vt 0.977446 0.973802
vt 0.182503 0.999938
vt 0.846587 0.120631
vt 0.856905 0.973806
vt 0.390159 0.869150
vt 0.846587 0.241253
vt 0.856905 0.732480
vt 0.302933 1.000000
vt 0.967173 0.120634
vt 0.856905 0.853080
vt 0.510409 0.868848
vt 0.967173 0.241256
vt 0.386891 0.668577
vt 0.913652 0.188435
vt 0.381421 0.683469
vt 0.386891 0.653642
vt 0.913652 0.173498
vt 0.381421 0.683479
vt 0.898719 0.188435
vt 0.381421 0.668577
vt 0.375946 0.668565
vt 0.898719 0.173498
vt 0.381421 0.668566
vt 0.375946 0.653638
vt 0.381421 0.668572
vt 0.386894 0.683482
vt 0.386937 0.623800
vt 0.375946 0.638719
vt 0.381421 0.653638
vt 0.386931 0.653638
vt 0.375946 0.683482
vt 0.386937 0.608873
vt 0.386894 0.668591
vt 0.381421 0.668566
vt 0.375946 0.608863
vt 0.375946 0.623806
vt 0.386931 0.638747
vt 0.375946 0.668568
vt 0.381421 0.653638
vt 0.375946 0.593929
vt 0.386927 0.593929
vt 0.375946 0.623800
vt 0.386936 0.638713
vt 0.375946 0.653611
vt 0.386927 0.578991
vt 0.375946 0.608872
vt 0.371994 0.593928
vt 0.386927 0.608872
vt 0.386936 0.623800
vt 0.375946 0.638719
vt 0.371994 0.578991
vt 0.386927 0.593938
vt 0.229972 0.849899
vt 0.736179 0.872249
vt 0.750296 0.786261
vt 0.235396 0.734024
vt 0.766932 0.902308
vt 0.846589 0.331244
vt 0.957272 0.620198
vt 0.644715 0.901717
vt 0.967175 0.331244
vt 0.836439 0.680889
vt 0.780924 0.757127
vt 0.691929 0.756656
vt 0.928135 0.590538
vt 0.419344 0.747787
vt 0.937713 0.241256
vt 0.510983 0.777825
vt 0.867615 0.711502
vt 0.319400 0.879321
vt 0.390355 0.837503
vt 0.615689 0.811551
vt 0.856532 0.869522
vt 0.478251 0.868773
vt 0.350620 0.789684
vt 0.877423 0.361878
vt 0.827232 0.902259
vt 0.846588 0.270933
vt 0.957133 0.680747
vt 0.705288 0.901717
vt 0.967174 0.270933
vt 0.836437 0.620618
vt 0.827232 0.781750
vt 0.645631 0.780704
vt 0.797309 0.870812
vt 0.937657 0.300903
vt 0.927947 0.650354
vt 0.736304 0.871188
vt 0.319462 0.758891
vt 0.867683 0.590816
vt 0.479756 0.748222
vt 0.856532 0.809268
vt 0.417971 0.868622
vt 0.799252 0.807131
vt 0.867564 0.650495
vt 0.898202 0.680856
vt 0.768923 0.836998
vt 0.827010 0.839244
vt 0.310854 0.798421
vt 0.898272 0.620443
vt 0.206245 0.764817
vt 0.722429 0.787631
vt 0.510983 0.837951
vt 0.877420 0.241256
vt 0.390223 0.777093
vt 0.615165 0.872121
vt 0.937716 0.361878
vt 0.350589 0.849899
vt 0.877364 0.300903
vt 0.314356 0.819779
vt 0.268700 0.840488
vt 0.259092 0.879321
vt 0.927926 0.711502
vt 0.907835 0.331284
vt 0.907834 0.270973
vt 0.262128 0.816326
vt 0.300872 0.813838
vt 0.387684 0.516278
vt 0.387673 0.561727
vt 0.295365 0.831012
vt 0.283996 0.808286
vt 0.371994 0.550351
vt 0.278105 0.825201
vt 0.387682 0.493777
vt 0.283984 0.831012
vt 0.387673 0.573108
vt 0.379839 0.533474
vt 0.379833 0.556229
vt 0.300866 0.825201
vt 0.387684 0.527656
vt 0.278111 0.813838
vt 0.387682 0.505158
vt 0.379833 0.567332
vt 0.379838 0.487957
vt 0.379833 0.578991
vt 0.295377 0.808286
vt 0.371994 0.538981
vt 0.379838 0.499525
vt 0.251564 0.780462
vt 0.289282 0.843804
vt 0.286008 0.791498
vt 0.310833 0.840488
vt 0.492371 0.120210
vt 0.371994 0.516278
vt 0.371994 0.561727
vt 0.509624 0.115007
vt 0.487158 0.103248
vt 0.387681 0.550338
vt 0.371994 0.493776
vt 0.504160 0.097656
vt 0.371994 0.573108
vt 0.509846 0.103634
vt 0.447275 0.161333
vt 0.371994 0.527656
vt 0.503716 0.120403
vt 0.492815 0.097463
vt 0.371994 0.505157
vt 0.498968 0.166535
vt 0.448950 0.057574
vt 0.387681 0.538968
vt 0.486936 0.114621
vt 0.439653 0.111108
vt 0.379837 0.533481
vt 0.379839 0.510719
vt 0.379837 0.544574
vt 0.379839 0.521910
vt 0.379837 0.556222
vt 0.379838 0.510718
vt 0.456976 0.204509
vt 0.611984 0.171482
vt 0.027448 0.172167
vt 0.393356 0.057117
vt 0.779333 0.732097
vt 0.558545 0.002789
vt 0.676893 0.001385
vt 0.613795 0.060864
vt 0.027376 0.061490
vt 0.037486 0.213695
vt 0.555045 0.217275
vt 0.371994 0.544784
vt 0.448325 0.000916
vt 0.787433 0.004094
vt 0.132064 0.117011
vt 0.036342 0.004294
vt 0.620137 0.009211
vt 0.391200 0.167615
vt 0.668862 0.732355
vt 0.730667 0.107942
vt 0.500653 0.049701
vt 0.553630 0.059354
vt 0.561265 0.113191
vt 0.551896 0.163464
vt 0.836439 0.536352
vt 0.182513 0.542001
vt 0.212030 0.171274
vt 0.889853 0.369461
vt 0.778575 0.550466
vt 0.672449 0.189130
vt 0.213521 0.060102
vt 0.004128 0.655091
vt 0.943269 0.536331
vt 0.182532 0.652544
vt 0.836437 0.425952
vt 0.787552 0.187202
vt 0.943269 0.425843
vt 0.002064 0.544475
vt 0.889853 0.481659
vt 0.668281 0.548008
vt 0.889856 0.590349
vt 0.846587 0.268587
vt 0.835536 0.468790
vt 0.615172 0.631131
vt 0.265440 0.487972
vt 0.723328 0.719976
vt 0.613504 0.329267
vt 0.007558 0.329413
vt 0.841218 0.014628
vt 0.836407 0.722750
vt 0.265460 0.709115
vt 0.129390 0.225084
vt 0.039839 0.117469
vt 0.617410 0.101584
vt 0.128679 0.003596
vt 0.732374 0.015055
vt 0.615463 0.723266
vt 0.363063 0.656666
vt 0.722964 0.628439
vt 0.262020 0.596840
vt 0.835507 0.635758
vt 0.843789 0.101616
vt 0.786987 0.044593
vt 0.343628 0.542156
vt 0.444555 0.745613
vt 0.779271 0.691886
vt 0.068339 0.061116
vt 0.675710 0.042632
vt 0.068734 0.171475
vt 0.668884 0.691429
vt 0.343628 0.652757
vt 0.554996 0.747576
vt 0.473302 0.360203
vt 0.036390 0.359723
vt 0.553272 0.364023
vt 0.505124 0.415437
vt 0.149514 0.839374
vt 0.476486 0.610623
vt 0.555152 0.611403
vt 0.511676 0.220795
vt 0.360185 0.499821
vt 0.518756 0.638659
vt 0.055346 0.239098
vt 0.602935 0.733699
vt 0.134214 0.869354
vt 0.439131 0.322522
vt 0.417153 0.734967
vt 0.372259 0.629027
vt 0.503021 0.472889
vt 0.143966 0.717533
vt 0.360107 0.665961
vt 0.035711 0.487066
vt 0.351113 0.688035
vt 0.508916 0.483035
vt 0.154494 0.711995
vt 0.362844 0.704249
vt 0.149931 0.741210
vt 0.501624 0.496934
vt 0.159412 0.720085
vt 0.371837 0.682176
vt 0.522825 0.487855
vt 0.467191 0.403695
vt 0.143047 0.787677
vt 0.466185 0.564235
vt 0.156649 0.789423
vt 0.509136 0.556666
vt 0.053087 0.413790
vt 0.578896 0.558625
vt 0.019488 0.417644
vt 0.567257 0.416368
vt 0.000487 0.292581
vt 0.614121 0.292651
vt 0.516951 0.335878
vt 0.525881 0.671988
vt 0.604399 0.645520
vt 0.063907 0.327182
vt 0.457132 0.290043
vt 0.121668 0.900973
vt 0.159993 0.872314
vt 0.443548 0.645392
vt 0.035109 0.311893
vt 0.488975 0.658855
vt 0.485578 0.312928
vt 0.144096 0.888376
vt 0.567246 0.316103
vt 0.561011 0.656859
vt 0.527525 0.297397
vt 0.070114 0.297329
vt 0.597562 0.675178
vt 0.461641 0.678995
vt 0.162757 0.905055
vt 0.605397 0.257245
vt 0.005912 0.257464
vt 0.523934 0.704277
vt 0.125821 0.934740
vt 0.452580 0.256526
vt 0.560781 0.688785
vt 0.568997 0.275202
vt 0.141899 0.917616
vt 0.491841 0.275456
vt 0.492600 0.690042
vt 0.036015 0.278218
vt 0.526790 0.254441
vt 0.595607 0.705300
vt 0.067596 0.267209
vt 0.160130 0.935387
vt 0.453685 0.709008
vt 0.019063 0.233474
vt 0.363656 0.593880
vt 0.510311 0.733445
vt 0.417780 0.228556
vt 0.351121 0.629432
vt 0.037214 0.248280
vt 0.479346 0.721194
vt 0.480585 0.237261
vt 0.144921 0.954291
vt 0.360318 0.601792
vt 0.561005 0.236399
vt 0.351847 0.548918
vt 0.558345 0.719066
vt 0.062381 0.715287
vt 0.779944 0.374514
vt 0.001922 0.885537
vt 0.671657 0.366281
vt 0.061298 0.941649
vt 0.390158 0.057459
vt 0.182503 0.656300
vt 0.118756 0.774250
vt 0.787496 0.363605
vt 0.003004 0.769663
vt 0.118753 0.884737
vt 0.180439 0.545684
vt 0.060062 0.828582
vt 0.729183 0.277732
vt 0.092742 0.600926
vt 0.093316 0.709791
vt 0.722552 0.458616
vt 0.614910 0.273940
vt 0.300982 0.001469
vt 0.089187 0.488560
vt 0.300982 0.116386
vt 0.967196 0.060321
vt 0.242718 0.879352
vt 0.906892 0.120625
vt 0.917175 0.853182
vt 0.846587 0.060310
vt 0.450284 0.989560
vt 0.906892 0.000006
vt 0.977413 0.792880
vt 0.917159 0.732530
vt 0.302933 0.939691
vt 0.917159 0.853130
vt 0.510409 0.929129
vt 0.856905 0.792780
vt 0.967173 0.180945
vt 0.242718 0.999969
vt 0.906880 0.120632
vt 0.450284 0.868999
vt 0.906880 0.241255
vt 0.846587 0.180942
vt 0.917175 0.973804
vt 0.977446 0.913491
vt 0.182503 0.939629
vt 0.856905 0.913495
vt 0.390159 0.929431
vt 0.898719 0.180966
vt 0.375946 0.661102
vt 0.906185 0.188435
vt 0.381421 0.676023
vt 0.906185 0.173498
vt 0.381421 0.676022
vt 0.913652 0.180967
vt 0.386891 0.661110
vt 0.887456 0.161873
vt 0.887456 0.200037
vt 0.925609 0.161873
vt 0.925609 0.200037
vt 0.381421 0.661102
vt 0.375946 0.601396
vt 0.386894 0.676037
vt 0.375946 0.631262
vt 0.386931 0.646192
vt 0.375946 0.676025
vt 0.381421 0.661105
vt 0.386937 0.616336
vt 0.384156 0.668575
vt 0.384157 0.683475
vt 0.384156 0.653640
vt 0.378683 0.683481
vt 0.384157 0.668584
vt 0.378683 0.668565
vt 0.378683 0.668567
vt 0.378683 0.653638
vt 0.371994 0.586460
vt 0.386927 0.601405
vt 0.379460 0.593928
vt 0.386936 0.631257
vt 0.375946 0.646165
vt 0.379460 0.578991
vt 0.386927 0.586460
vt 0.375946 0.616336
vt 0.381438 0.653624
vt 0.381441 0.608872
vt 0.381438 0.638733
vt 0.381436 0.593933
vt 0.381436 0.608868
vt 0.381441 0.623803
vt 0.381441 0.623800
vt 0.381441 0.638716
vt 0.928013 0.620333
vt 0.277586 0.843472
vt 0.937666 0.270966
vt 0.827028 0.870393
vt 0.767099 0.870840
vt 0.937667 0.331277
vt 0.927908 0.680815
vt 0.867561 0.680886
vt 0.774289 0.797906
vt 0.827223 0.809796
vt 0.254214 0.795686
vt 0.867596 0.620543
vt 0.449733 0.807972
vt 0.314011 0.807774
vt 0.877374 0.331277
vt 0.877373 0.270966
vt 0.265420 0.831176
vt 0.672128 0.835543
vt 0.379839 0.527663
vt 0.379837 0.538985
vt 0.379833 0.561738
vt 0.379838 0.493769
vt 0.266061 0.783210
vt 0.313998 0.831522
vt 0.301065 0.794953
vt 0.301370 0.843472
vt 0.530510 0.051084
vt 0.471417 0.050079
vt 0.470531 0.165977
vt 0.441066 0.081014
vt 0.379833 0.573119
vt 0.379837 0.550355
vt 0.379839 0.516285
vt 0.379838 0.505150
vt 0.263212 0.652716
vt 0.668655 0.628485
vt 0.131711 0.171503
vt 0.674053 0.106439
vt 0.559959 0.142261
vt 0.439916 0.140165
vt 0.528560 0.168097
vt 0.560946 0.083054
vt 0.093259 0.655628
vt 0.889854 0.536274
vt 0.889853 0.425830
vt 0.787582 0.274354
vt 0.131536 0.060728
vt 0.778854 0.630625
vt 0.263202 0.542144
vt 0.787242 0.106455
vt 0.787123 0.015824
vt 0.560117 0.640429
vt 0.779417 0.720398
vt 0.039141 0.061307
vt 0.676509 0.013190
vt 0.039419 0.170767
vt 0.668953 0.720585
vt 0.562836 0.334759
vt 0.486194 0.559454
vt 0.484902 0.410744
vt 0.147044 0.869442
vt 0.476923 0.331361
vt 0.480707 0.640500
vt 0.035736 0.329800
vt 0.151794 0.720367
vt 0.361475 0.685105
vt 0.036240 0.417252
vt 0.541265 0.556380
vt 0.149823 0.788898
vt 0.533515 0.417210
vt 0.035353 0.294975
vt 0.492784 0.674498
vt 0.490621 0.294839
vt 0.142369 0.903011
vt 0.569299 0.296174
vt 0.561174 0.672646
vt 0.559841 0.704248
vt 0.565686 0.255462
vt 0.143063 0.935241
vt 0.488800 0.255283
vt 0.488354 0.706070
vt 0.036726 0.262519
vt 0.037183 0.235227
vt 0.463593 0.733933
vt 0.465515 0.223933
vt 0.361690 0.629229
vt 0.361920 0.546851
vt 0.556850 0.733409
vt 0.060948 0.771952
vt 0.060406 0.885133
vt 0.671817 0.276956
vt 0.091194 0.545013
vt 0.301154 0.058901
vt 0.779085 0.463458
vt 0.906892 0.060316
vt 0.917159 0.792830
vt 0.881587 0.180955
vt 0.917175 0.913493
vt 0.242718 0.939660
vt 0.450284 0.929280
vt 0.384156 0.661107
vt 0.906533 0.156002
vt 0.906533 0.205908
vt 0.931478 0.180956
vt 0.381438 0.646179
vt 0.384157 0.676030
vt 0.378683 0.676024
vt 0.378683 0.661102
vt 0.379460 0.586460
vt 0.381436 0.601400
vt 0.381441 0.616336
vt 0.381441 0.631260
vt 0.856905 0.902234
vt 0.510983 0.868698
vt 0.846587 0.241256
vt 0.736304 0.902334
vt 0.846589 0.361878
vt 0.350636 0.758891
vt 0.967173 0.241256
vt 0.836436 0.590961
vt 0.510983 0.748447
vt 0.967175 0.361878
vt 0.836440 0.711502
vt 0.350573 0.879321
vt 0.856905 0.781725
vt 0.390423 0.868395
vt 0.615957 0.780576
vt 0.764287 0.732480
vt 0.708553 0.732480
vt 0.182503 0.709157
vt 0.957340 0.590403
vt 0.390159 0.747576
vt 0.614909 0.901717
vt 0.957062 0.711502
vt 0.229956 0.879321
vt 0.736055 0.901717
vt 0.797560 0.902283
vt 0.846588 0.300610
vt 0.957203 0.649992
vt 0.674522 0.901717
vt 0.967174 0.300610
vt 0.836438 0.650276
vt 0.797560 0.781774
vt 0.675305 0.780833
vt 0.736304 0.840043
vt 0.288289 0.758891
vt 0.898931 0.590672
vt 0.448529 0.747997
vt 0.898789 0.711502
vt 0.288227 0.879321
vt 0.856159 0.836810
vt 0.445518 0.868848
vt 0.797936 0.838952
vt 0.898181 0.650450
vt 0.229987 0.820477
vt 0.736304 0.842781
vt 0.510983 0.807203
vt 0.908253 0.241256
vt 0.390288 0.806610
vt 0.615421 0.842526
vt 0.908256 0.361878
vt 0.350604 0.820477
vt 0.907797 0.300929
vt 0.387682 0.487957
vt 0.278102 0.831012
vt 0.387673 0.578991
vt 0.278113 0.808286
vt 0.371994 0.556228
vt 0.387682 0.510719
vt 0.387684 0.533474
vt 0.387673 0.556228
vt 0.300863 0.831012
vt 0.300875 0.808286
vt 0.371994 0.533488
vt 0.387684 0.510719
vt 0.289867 0.831012
vt 0.387673 0.567225
vt 0.289879 0.808286
vt 0.371994 0.544474
vt 0.300869 0.819390
vt 0.387684 0.521837
vt 0.278108 0.819390
vt 0.387682 0.499597
vt 0.371994 0.487956
vt 0.371994 0.578991
vt 0.509961 0.097755
vt 0.487272 0.097369
vt 0.387681 0.556215
vt 0.371994 0.510717
vt 0.371994 0.533475
vt 0.371994 0.556229
vt 0.509517 0.120501
vt 0.387681 0.533475
vt 0.371994 0.510719
vt 0.486828 0.120115
vt 0.371994 0.567225
vt 0.509732 0.109512
vt 0.387681 0.544461
vt 0.487043 0.109127
vt 0.371994 0.521838
vt 0.497914 0.120304
vt 0.498358 0.097558
vt 0.371994 0.499596
vt 0.614909 0.003748
vt 0.027133 0.004334
vt 0.620364 0.000000
vt 0.394471 0.000000
vt 0.841444 0.005417
vt 0.836436 0.731963
vt 0.611287 0.224984
vt 0.027276 0.225688
vt 0.371994 0.601611
vt 0.615492 0.732480
vt 0.390159 0.220997
vt 0.353866 0.657252
vt 0.612680 0.117981
vt 0.027619 0.118645
vt 0.392242 0.114233
vt 0.722231 0.732230
vt 0.498803 0.209566
vt 0.371994 0.487956
vt 0.502180 0.001831
vt 0.733422 0.002770
vt 0.614909 0.184746
vt 0.211806 0.002937
vt 0.846587 0.179393
vt 0.834636 0.557979
vt 0.182542 0.709074
vt 0.212253 0.224693
vt 0.836436 0.369494
vt 0.614909 0.548210
vt 0.836440 0.590294
vt 0.182503 0.487988
vt 0.943271 0.369428
vt 0.000000 0.487956
vt 0.211806 0.117855
vt 0.004128 0.709186
vt 0.943271 0.590403
vt 0.721652 0.547805
vt 0.836438 0.482409
vt 0.182522 0.596013
vt 0.729677 0.189967
vt 0.943268 0.482259
vt 0.004128 0.600995
vt 0.348377 0.709157
vt 0.046527 0.225475
vt 0.611039 0.747576
vt 0.070586 0.117212
vt 0.045551 0.004255
vt 0.619910 0.018423
vt 0.731715 0.045913
vt 0.348377 0.487956
vt 0.615434 0.714052
vt 0.390159 0.743650
vt 0.372259 0.656080
vt 0.723306 0.689499
vt 0.338880 0.596357
vt 0.498952 0.747576
vt 0.840991 0.023840
vt 0.836378 0.713536
vt 0.015115 0.347332
vt 0.612099 0.346949
vt 0.423758 0.341895
vt 0.143847 0.850684
vt 0.510323 0.364923
vt 0.058614 0.341404
vt 0.610057 0.631463
vt 0.427037 0.624525
vt 0.157778 0.852269
vt 0.513533 0.608750
vt 0.348377 0.674671
vt 0.023861 0.487956
vt 0.522415 0.485787
vt 0.510625 0.465495
vt 0.142248 0.724669
vt 0.145684 0.710395
vt 0.353850 0.701399
vt 0.495418 0.480283
vt 0.371837 0.657252
vt 0.047560 0.486176
vt 0.547735 0.485787
vt 0.505334 0.503945
vt 0.155519 0.726576
vt 0.163305 0.713594
vt 0.371837 0.707100
vt 0.497915 0.489923
vt 0.000000 0.311494
vt 0.614909 0.311586
vt 0.523471 0.317486
vt 0.523570 0.655923
vt 0.069200 0.312960
vt 0.598741 0.659577
vt 0.454505 0.303148
vt 0.124581 0.888024
vt 0.460060 0.666258
vt 0.162208 0.892359
vt 0.528576 0.275599
vt 0.596383 0.690778
vt 0.071028 0.281697
vt 0.163305 0.917751
vt 0.463223 0.691732
vt 0.613332 0.273716
vt 0.000973 0.273668
vt 0.525871 0.688384
vt 0.118756 0.913921
vt 0.459758 0.276937
vt 0.524549 0.232024
vt 0.348377 0.511687
vt 0.064164 0.252722
vt 0.594831 0.719821
vt 0.156955 0.953024
vt 0.444147 0.726284
vt 0.372259 0.601973
vt 0.597461 0.240775
vt 0.010851 0.241260
vt 0.355318 0.586149
vt 0.519029 0.719314
vt 0.132887 0.955558
vt 0.445402 0.236115
vt 0.348377 0.601611
vt 0.003845 0.942145
vt 0.614909 0.363134
vt 0.390158 0.000000
vt 0.846587 0.357781
vt 0.006007 0.710396
vt 0.836436 0.379601
vt 0.118751 0.941153
vt 0.178375 0.489165
vt 0.390158 0.114917
vt 0.182503 0.710395
vt 0.118756 0.720178
vt 0.723452 0.369427
vt 0.000000 0.828929
vt 0.728405 0.369428
vt 0.118756 0.828322
vt 0.182503 0.602204
vt 0.967196 0.120631
vt 0.977446 0.853180
vt 0.182503 0.879321
vt 0.846587 0.120619
vt 0.856905 0.853184
vt 0.390159 0.989711
vt 0.967196 0.000012
vt 0.977413 0.732580
vt 0.302933 0.879383
vt 0.846587 0.000000
vt 0.977413 0.853180
vt 0.510409 0.989409
vt 0.977446 0.973802
vt 0.182503 0.999938
vt 0.846587 0.120631
vt 0.856905 0.973806
vt 0.390159 0.869150
vt 0.846587 0.241253
vt 0.856905 0.732480
vt 0.302933 1.000000
vt 0.967173 0.120634
vt 0.856905 0.853080
vt 0.510409 0.868848
vt 0.967173 0.241256
vt 0.386891 0.668577
vt 0.913652 0.188435
vt 0.381421 0.683469
vt 0.386891 0.653642
vt 0.913652 0.173498
vt 0.381421 0.683479
vt 0.898719 0.188435
vt 0.381421 0.668577
vt 0.375946 0.668565
vt 0.898719 0.173498
vt 0.381421 0.668566
vt 0.375946 0.653638
vt 0.381421 0.668572
vt 0.386894 0.683482
vt 0.386937 0.623800
vt 0.375946 0.638719
vt 0.381421 0.653638
vt 0.386931 0.653638
vt 0.375946 0.683482
vt 0.386937 0.608873
vt 0.386894 0.668591
vt 0.381421 0.668566
vt 0.375946 0.608863
vt 0.375946 0.623806
vt 0.386931 0.638747
vt 0.375946 0.668568
vt 0.381421 0.653638
vt 0.375946 0.593929
vt 0.386927 0.593929
vt 0.375946 0.623800
vt 0.386936 0.638713
vt 0.375946 0.653611
vt 0.386927 0.578991
vt 0.375946 0.608872
vt 0.371994 0.593928
vt 0.386927 0.608872
vt 0.386936 0.623800
vt 0.375946 0.638719
vt 0.371994 0.578991
vt 0.386927 0.593938
vt 0.229972 0.849899
vt 0.736179 0.872249
vt 0.750296 0.786261
vt 0.235396 0.734024
vt 0.766932 0.902308
vt 0.846589 0.331244
vt 0.957272 0.620198
vt 0.644715 0.901717
vt 0.967175 0.331244
vt 0.836439 0.680889
vt 0.780924 0.757127
vt 0.691929 0.756656
vt 0.928135 0.590538
vt 0.419344 0.747787
vt 0.937713 0.241256
vt 0.510983 0.777825
vt 0.867615 0.711502
vt 0.319400 0.879321
vt 0.390355 0.837503
vt 0.615689 0.811551
vt 0.856532 0.869522
vt 0.478251 0.868773
vt 0.350620 0.789684
vt 0.877423 0.361878
vt 0.827232 0.902259
vt 0.846588 0.270933
vt 0.957133 0.680747
vt 0.705288 0.901717
vt 0.967174 0.270933
vt 0.836437 0.620618
vt 0.827232 0.781750
vt 0.645631 0.780704
vt 0.797309 0.870812
vt 0.937657 0.300903
vt 0.927947 0.650354
vt 0.736304 0.871188
vt 0.319462 0.758891
vt 0.867683 0.590816
vt 0.479756 0.748222
vt 0.856532 0.809268
vt 0.417971 0.868622
vt 0.799252 0.807131
vt 0.867564 0.650495
vt 0.898202 0.680856
vt 0.768923 0.836998
vt 0.827010 0.839244
vt 0.310854 0.798421
vt 0.898272 0.620443
vt 0.206245 0.764817
vt 0.722429 0.787631
vt 0.510983 0.837951
vt 0.877420 0.241256
vt 0.390223 0.777093
vt 0.615165 0.872121
vt 0.937716 0.361878
vt 0.350589 0.849899
vt 0.877364 0.300903
vt 0.314356 0.819779
vt 0.268700 0.840488
vt 0.259092 0.879321
vt 0.927926 0.711502
vt 0.907835 0.331284
vt 0.907834 0.270973
vt 0.262128 0.816326
vt 0.300872 0.813838
vt 0.387684 0.516278
vt 0.387673 0.561727
vt 0.295365 0.831012
vt 0.283996 0.808286
vt 0.371994 0.550351
vt 0.278105 0.825201
vt 0.387682 0.493777
vt 0.283984 0.831012
vt 0.387673 0.573108
vt 0.379839 0.533474
vt 0.379833 0.556229
vt 0.300866 0.825201
vt 0.387684 0.527656
vt 0.278111 0.813838
vt 0.387682 0.505158
vt 0.379833 0.567332
vt 0.379838 0.487957
vt 0.379833 0.578991
vt 0.295377 0.808286
vt 0.371994 0.538981
vt 0.379838 0.499525
vt 0.251564 0.780462
vt 0.289282 0.843804
vt 0.286008 0.791498
vt 0.310833 0.840488
vt 0.492371 0.120210
vt 0.371994 0.516278
vt 0.371994 0.561727
vt 0.509624 0.115007
vt 0.487158 0.103248
vt 0.387681 0.550338
vt 0.371994 0.493776
vt 0.504160 0.097656
vt 0.371994 0.573108
vt 0.509846 0.103634
vt 0.447275 0.161333
vt 0.371994 0.527656
vt 0.503716 0.120403
vt 0.492815 0.097463
vt 0.371994 0.505157
vt 0.498968 0.166535
vt 0.448950 0.057574
vt 0.387681 0.538968
vt 0.486936 0.114621
vt 0.439653 0.111108
vt 0.379837 0.533481
vt 0.379839 0.510719
vt 0.379837 0.544574
vt 0.379839 0.521910
vt 0.379837 0.556222
vt 0.379838 0.510718
vt 0.456976 0.204509
vt 0.611984 0.171482
vt 0.027448 0.172167
vt 0.393356 0.057117
vt 0.779333 0.732097
vt 0.558545 0.002789
vt 0.676893 0.001385
vt 0.613795 0.060864
vt 0.027376 0.061490
vt 0.037486 0.213695
vt 0.555045 0.217275
vt 0.371994 0.544784
vt 0.448325 0.000916
vt 0.787433 0.004094
vt 0.132064 0.117011
vt 0.036342 0.004294
vt 0.620137 0.009211
vt 0.391200 0.167615
vt 0.668862 0.732355
vt 0.730667 0.107942
vt 0.500653 0.049701
vt 0.553630 0.059354
vt 0.561265 0.113191
vt 0.551896 0.163464
vt 0.836439 0.536352
vt 0.182513 0.542001
vt 0.212030 0.171274
vt 0.889853 0.369461
vt 0.778575 0.550466
vt 0.672449 0.189130
vt 0.213521 0.060102
vt 0.004128 0.655091
vt 0.943269 0.536331
vt 0.182532 0.652544
vt 0.836437 0.425952
vt 0.787552 0.187202
vt 0.943269 0.425843
vt 0.002064 0.544475
vt 0.889853 0.481659
vt 0.668281 0.548008
vt 0.889856 0.590349
vt 0.846587 0.268587
vt 0.835536 0.468790
vt 0.615172 0.631131
vt 0.265440 0.487972
vt 0.723328 0.719976
vt 0.613504 0.329267
vt 0.007558 0.329413
vt 0.841218 0.014628
vt 0.836407 0.722750
vt 0.265460 0.709115
vt 0.129390 0.225084
vt 0.039839 0.117469
vt 0.617410 0.101584
vt 0.128679 0.003596
vt 0.732374 0.015055
vt 0.615463 0.723266
vt 0.363063 0.656666
vt 0.722964 0.628439
vt 0.262020 0.596840
vt 0.835507 0.635758
vt 0.843789 0.101616
vt 0.786987 0.044593
vt 0.343628 0.542156
vt 0.444555 0.745613
vt 0.779271 0.691886
vt 0.068339 0.061116
vt 0.675710 0.042632
vt 0.068734 0.171475
vt 0.668884 0.691429
vt 0.343628 0.652757
vt 0.554996 0.747576
vt 0.473302 0.360203
vt 0.036390 0.359723
vt 0.553272 0.364023
vt 0.505124 0.415437
vt 0.149514 0.839374
vt 0.476486 0.610623
vt 0.555152 0.611403
vt 0.511676 0.220795
vt 0.360185 0.499821
vt 0.518756 0.638659
vt 0.055346 0.239098
vt 0.602935 0.733699
vt 0.134214 0.869354
vt 0.439131 0.322522
vt 0.417153 0.734967
vt 0.372259 0.629027
vt 0.503021 0.472889
vt 0.143966 0.717533
vt 0.360107 0.665961
vt 0.035711 0.487066
vt 0.351113 0.688035
vt 0.508916 0.483035
vt 0.154494 0.711995
vt 0.362844 0.704249
vt 0.149931 0.741210
vt 0.501624 0.496934
vt 0.159412 0.720085
vt 0.371837 0.682176
vt 0.522825 0.487855
vt 0.467191 0.403695
vt 0.143047 0.787677
vt 0.466185 0.564235
vt 0.156649 0.789423
vt 0.509136 0.556666
vt 0.053087 0.413790
vt 0.578896 0.558625
vt 0.019488 0.417644
vt 0.567257 0.416368
vt 0.000487 0.292581
vt 0.614121 0.292651
vt 0.516951 0.335878
vt 0.525881 0.671988
vt 0.604399 0.645520
vt 0.063907 0.327182
vt 0.457132 0.290043
vt 0.121668 0.900973
vt 0.159993 0.872314
vt 0.443548 0.645392
vt 0.035109 0.311893
vt 0.488975 0.658855
vt 0.485578 0.312928
vt 0.144096 0.888376
vt 0.567246 0.316103
vt 0.561011 0.656859
vt 0.527525 0.297397
vt 0.070114 0.297329
vt 0.597562 0.675178
vt 0.461641 0.678995
vt 0.162757 0.905055
vt 0.605397 0.257245
vt 0.005912 0.257464
vt 0.523934 0.704277
vt 0.125821 0.934740
vt 0.452580 0.256526
vt 0.560781 0.688785
vt 0.568997 0.275202
vt 0.141899 0.917616
vt 0.491841 0.275456
vt 0.492600 0.690042
vt 0.036015 0.278218
vt 0.526790 0.254441
vt 0.595607 0.705300
vt 0.067596 0.267209
vt 0.160130 0.935387
vt 0.453685 0.709008
vt 0.019063 0.233474
vt 0.363656 0.593880
vt 0.510311 0.733445
vt 0.417780 0.228556
vt 0.351121 0.629432
vt 0.037214 0.248280
vt 0.479346 0.721194
vt 0.480585 0.237261
vt 0.144921 0.954291
vt 0.360318 0.601792
vt 0.561005 0.236399
vt 0.351847 0.548918
vt 0.558345 0.719066
vt 0.062381 0.715287
vt 0.779944 0.374514
vt 0.001922 0.885537
vt 0.671657 0.366281
vt 0.061298 0.941649
vt 0.390158 0.057459
vt 0.182503 0.656300
vt 0.118756 0.774250
vt 0.787496 0.363605
vt 0.003004 0.769663
vt 0.118753 0.884737
vt 0.180439 0.545684
vt 0.060062 0.828582
vt 0.729183 0.277732
vt 0.092742 0.600926
vt 0.093316 0.709791
vt 0.722552 0.458616
vt 0.614910 0.273940
vt 0.300982 0.001469
vt 0.089187 0.488560
vt 0.300982 0.116386
vt 0.967196 0.060321
vt 0.242718 0.879352
vt 0.906892 0.120625
vt 0.917175 0.853182
vt 0.846587 0.060310
vt 0.450284 0.989560
vt 0.906892 0.000006
vt 0.977413 0.792880
vt 0.917159 0.732530
vt 0.302933 0.939691
vt 0.917159 0.853130
vt 0.510409 0.929129
vt 0.856905 0.792780
vt 0.967173 0.180945
vt 0.242718 0.999969
vt 0.906880 0.120632
vt 0.450284 0.868999
vt 0.906880 0.241255
vt 0.846587 0.180942
vt 0.917175 0.973804
vt 0.977446 0.913491
vt 0.182503 0.939629
vt 0.856905 0.913495
vt 0.390159 0.929431
vt 0.898719 0.180966
vt 0.375946 0.661102
vt 0.906185 0.188435
vt 0.381421 0.676023
vt 0.906185 0.173498
vt 0.381421 0.676022
vt 0.913652 0.180967
vt 0.386891 0.661110
vt 0.887456 0.161873
vt 0.887456 0.200037
vt 0.925609 0.161873
vt 0.925609 0.200037
vt 0.381421 0.661102
vt 0.375946 0.601396
vt 0.386894 0.676037
vt 0.375946 0.631262
vt 0.386931 0.646192
vt 0.375946 0.676025
vt 0.381421 0.661105
vt 0.386937 0.616336
vt 0.384156 0.668575
vt 0.384157 0.683475
vt 0.384156 0.653640
vt 0.378683 0.683481
vt 0.384157 0.668584
vt 0.378683 0.668565
vt 0.378683 0.668567
vt 0.378683 0.653638
vt 0.371994 0.586460
vt 0.386927 0.601405
vt 0.379460 0.593928
vt 0.386936 0.631257
vt 0.375946 0.646165
vt 0.379460 0.578991
vt 0.386927 0.586460
vt 0.375946 0.616336
vt 0.381438 0.653624
vt 0.381441 0.608872
vt 0.381438 0.638733
vt 0.381436 0.593933
vt 0.381436 0.608868
vt 0.381441 0.623803
vt 0.381441 0.623800
vt 0.381441 0.638716
vt 0.928013 0.620333
vt 0.277586 0.843472
vt 0.937666 0.270966
vt 0.827028 0.870393
vt 0.767099 0.870840
vt 0.937667 0.331277
vt 0.927908 0.680815
vt 0.867561 0.680886
vt 0.774289 0.797906
vt 0.827223 0.809796
vt 0.254214 0.795686
vt 0.867596 0.620543
vt 0.449733 0.807972
vt 0.314011 0.807774
vt 0.877374 0.331277
vt 0.877373 0.270966
vt 0.265420 0.831176
vt 0.672128 0.835543
vt 0.379839 0.527663
vt 0.379837 0.538985
vt 0.379833 0.561738
vt 0.379838 0.493769
vt 0.266061 0.783210
vt 0.313998 0.831522
vt 0.301065 0.794953
vt 0.301370 0.843472
vt 0.530510 0.051084
vt 0.471417 0.050079
vt 0.470531 0.165977
vt 0.441066 0.081014
vt 0.379833 0.573119
vt 0.379837 0.550355
vt 0.379839 0.516285
vt 0.379838 0.505150
vt 0.263212 0.652716
vt 0.668655 0.628485
vt 0.131711 0.171503
vt 0.674053 0.106439
vt 0.559959 0.142261
vt 0.439916 0.140165
vt 0.528560 0.168097
vt 0.560946 0.083054
vt 0.093259 0.655628
vt 0.889854 0.536274
vt 0.889853 0.425830
vt 0.787582 0.274354
vt 0.131536 0.060728
vt 0.778854 0.630625
vt 0.263202 0.542144
vt 0.787242 0.106455
vt 0.787123 0.015824
vt 0.560117 0.640429
vt 0.779417 0.720398
vt 0.039141 0.061307
vt 0.676509 0.013190
vt 0.039419 0.170767
vt 0.668953 0.720585
vt 0.562836 0.334759
vt 0.486194 0.559454
vt 0.484902 0.410744
vt 0.147044 0.869442
vt 0.476923 0.331361
vt 0.480707 0.640500
vt 0.035736 0.329800
vt 0.151794 0.720367
vt 0.361475 0.685105
vt 0.036240 0.417252
vt 0.541265 0.556380
vt 0.149823 0.788898
vt 0.533515 0.417210
vt 0.035353 0.294975
vt 0.492784 0.674498
vt 0.490621 0.294839
vt 0.142369 0.903011
vt 0.569299 0.296174
vt 0.561174 0.672646
vt 0.559841 0.704248
vt 0.565686 0.255462
vt 0.143063 0.935241
vt 0.488800 0.255283
vt 0.488354 0.706070
vt 0.036726 0.262519
vt 0.037183 0.235227
vt 0.463593 0.733933
vt 0.465515 0.223933
vt 0.361690 0.629229
vt 0.361920 0.546851
vt 0.556850 0.733409
vt 0.060948 0.771952
vt 0.060406 0.885133
vt 0.671817 0.276956
vt 0.091194 0.545013
vt 0.301154 0.058901
vt 0.779085 0.463458
vt 0.906892 0.060316
vt 0.917159 0.792830
vt 0.881587 0.180955
vt 0.917175 0.913493
vt 0.242718 0.939660
vt 0.450284 0.929280
vt 0.384156 0.661107
vt 0.906533 0.156002
vt 0.906533 0.205908
vt 0.931478 0.180956
vt 0.381438 0.646179
vt 0.384157 0.676030
vt 0.378683 0.676024
vt 0.378683 0.661102
vt 0.379460 0.586460
vt 0.381436 0.601400
vt 0.381441 0.616336
vt 0.381441 0.631260
s 1
usemtl Material.001
f 18/42/1 152/336/1 355/654/1 142/323/1
f 152/336/2 14/35/2 130/301/2 355/654/2
f 355/654/3 130/301/3 7/19/3 127/295/3
f 142/323/4 355/654/4 127/295/4 10/27/4
f 15/38/5 160/348/5 356/655/5 178/376/5
f 160/348/6 8/23/6 159/347/6 356/655/6
f 356/655/7 159/347/7 28/61/7 175/372/7
f 178/376/8 356/655/8 175/372/8 30/66/8
f 23/51/9 162/351/9 357/656/9 141/322/9
f 162/351/10 20/46/10 131/303/10 357/656/10
f 357/656/11 131/303/11 3/7/11 138/317/11
f 141/322/12 357/656/12 138/317/12 11/29/12
f 17/41/13 150/334/13 358/657/13 140/321/13
f 150/334/14 16/39/14 134/309/14 358/657/14
f 358/657/15 134/309/15 1/1/15 136/313/15
f 140/321/16 358/657/16 136/313/16 9/25/16
f 13/33/17 149/333/17 359/658/17 143/324/17
f 149/333/18 17/41/18 140/321/18 359/658/18
f 359/658/19 140/321/19 9/25/19 126/293/19
f 143/324/20 359/658/20 126/293/20 2/4/20
f 22/49/21 161/350/21 360/659/21 156/343/21
f 161/350/22 23/51/22 141/322/22 360/659/22
f 360/659/23 141/322/23 11/29/23 128/297/23
f 156/343/24 360/659/24 128/297/24 4/10/24
f 15/37/25 148/332/25 361/660/25 160/349/25
f 148/332/26 18/42/26 142/323/26 361/660/26
f 361/660/27 142/323/27 10/27/27 137/315/27
f 160/349/28 361/660/28 137/315/28 8/22/28
f 4/11/29 128/298/29 362/661/29 132/305/29
f 128/298/30 11/30/30 147/331/30 362/661/30
f 362/661/31 147/331/31 18/42/31 148/332/31
f 132/305/32 362/661/32 148/332/32 15/37/32
f 6/16/33 129/299/33 363/662/33 125/291/33
f 129/299/34 12/31/34 146/330/34 363/662/34
f 363/662/35 146/330/35 17/41/35 149/333/35
f 125/291/36 363/662/36 149/333/36 13/33/36
f 12/31/37 139/319/37 364/663/37 146/330/37
f 139/319/38 5/13/38 145/328/38 364/663/38
f 364/663/39 145/328/39 16/39/39 150/334/39
f 146/330/40 364/663/40 150/334/40 17/41/40
f 19/43/41 153/337/41 365/664/41 163/352/41
f 153/337/42 6/18/42 177/375/42 365/664/42
f 365/664/43 177/375/44 27/60/45 171/365/43
f 163/352/46 365/664/46 171/365/46 31/68/46
f 11/30/47 138/318/47 366/665/47 147/331/47
f 138/318/48 3/8/48 144/326/48 366/665/48
f 366/665/49 144/326/49 14/35/49 152/336/49
f 147/331/50 366/665/50 152/336/50 18/42/50
f 16/40/51 145/329/51 367/666/51 134/310/51
f 5/14/52 133/307/52 367/666/52 145/329/52
f 21/47/53 155/341/53 367/666/53 133/307/53
f 7/20/54 130/302/54 367/666/54 155/341/54
f 14/36/55 144/327/55 367/666/55 130/302/55
f 3/9/56 131/304/56 367/666/56 144/327/56
f 20/45/57 154/339/57 367/666/57 131/304/57
f 1/2/58 134/310/58 367/666/58 154/339/58
f 2/6/59 135/311/59 368/667/59 151/335/59
f 135/311/60 22/50/60 158/346/60 368/667/60
f 368/667/61 158/346/62 32/70/63 168/359/61
f 151/335/64 368/667/64 168/359/64 25/53/64
f 2/5/65 126/294/65 369/668/65 135/312/65
f 126/294/66 9/26/66 157/345/66 369/668/66
f 369/668/67 157/345/67 23/51/67 161/350/67
f 135/312/68 369/668/68 161/350/68 22/49/68
f 9/26/69 136/314/69 370/669/69 157/345/69
f 136/314/70 1/3/70 154/340/70 370/669/70
f 370/669/71 154/340/71 20/46/71 162/351/71
f 157/345/72 370/669/72 162/351/72 23/51/72
f 8/23/73 124/289/73 371/670/73 159/347/73
f 124/289/74 19/43/74 163/352/74 371/670/74
f 371/670/75 163/352/75 31/68/75 165/353/75
f 159/347/76 371/670/76 165/353/76 28/61/76
f 12/32/77 129/300/77 372/671/77 139/320/77
f 6/17/78 153/338/78 372/671/78 129/300/78
f 19/44/79 124/290/79 372/671/79 153/338/79
f 8/24/80 137/316/80 372/671/80 124/290/80
f 10/28/81 127/296/81 372/671/81 137/316/81
f 7/21/82 155/342/82 372/671/82 127/296/82
f 21/48/83 133/308/83 372/671/83 155/342/83
f 5/15/84 139/320/84 372/671/84 133/308/84
f 31/69/85 171/366/85 373/672/85 195/402/85
f 171/366/86 27/58/86 170/363/86 373/672/86
f 373/672/87 170/363/87 35/78/87 187/390/87
f 195/402/88 373/672/88 187/390/88 39/88/88
f 30/67/89 175/373/89 374/673/89 194/401/89
f 175/373/90 28/62/90 193/399/90 374/673/90
f 374/673/91 193/399/91 36/81/91 191/396/91
f 194/401/92 374/673/92 191/396/92 38/86/92
f 27/59/93 166/355/93 375/674/93 170/364/93
f 166/355/94 29/65/94 173/369/94 375/674/94
f 375/674/95 173/369/95 37/84/95 182/381/95
f 170/364/96 375/674/96 182/381/96 35/79/96
f 25/52/97 168/360/97 376/675/97 174/370/97
f 168/360/98 32/71/98 176/374/98 376/675/98
f 376/675/99 176/374/99 40/91/99 184/385/99
f 174/370/100 376/675/100 184/385/100 33/72/100
f 6/18/101 125/292/101 377/676/101 177/375/101
f 125/292/102 13/34/102 179/377/102 377/676/102
f 377/676/103 179/377/103 29/64/103 166/356/103
f 177/375/44 377/676/104 166/356/104 27/60/45
f 22/50/105 156/344/105 378/677/105 158/346/105
f 156/344/106 4/12/106 180/378/106 378/677/106
f 378/677/107 180/378/107 26/55/107 172/367/107
f 158/346/62 378/677/108 172/367/108 32/70/63
f 13/34/109 143/325/109 379/678/109 179/377/109
f 143/325/110 2/6/110 151/335/110 379/678/110
f 379/678/111 151/335/111 25/53/111 169/361/111
f 179/377/112 379/678/112 169/361/112 29/64/112
f 4/12/113 132/306/113 380/679/113 180/378/113
f 132/306/114 15/38/114 178/376/114 380/679/114
f 380/679/115 178/376/115 30/66/115 167/357/115
f 180/378/116 380/679/116 167/357/116 26/55/116
f 33/74/117 184/386/117 381/680/118 210/426/119
f 184/386/120 40/90/120 209/425/121 381/680/122
f 381/680/122 209/425/121 48/110/123 200/410/123
f 210/426/119 381/680/118 200/410/124 41/92/124
f 40/90/125 188/392/125 382/681/126 209/425/127
f 188/392/128 34/75/128 190/395/129 382/681/130
f 382/681/130 190/395/129 42/95/131 204/417/131
f 209/425/127 382/681/126 204/417/132 48/110/132
f 36/83/133 181/379/133 383/682/133 186/389/133
f 181/379/134 39/89/134 189/394/134 383/682/134
f 383/682/135 189/394/135 47/108/135 197/405/135
f 186/389/136 383/682/136 197/405/136 44/102/136
f 34/75/137 183/383/137 384/683/138 190/395/139
f 183/383/140 38/87/140 192/398/141 384/683/142
f 384/683/142 192/398/141 46/106/143 199/408/143
f 190/395/139 384/683/138 199/408/144 42/95/144
f 29/65/145 169/362/145 385/684/145 173/369/145
f 169/362/146 25/54/146 174/371/146 385/684/146
f 385/684/147 174/371/147 33/73/147 185/387/147
f 173/369/148 385/684/148 185/387/148 37/84/148
f 26/56/149 167/358/149 386/685/149 196/403/149
f 167/358/150 30/67/150 194/401/150 386/685/150
f 386/685/151 194/401/151 38/86/151 183/384/151
f 196/403/152 386/685/152 183/384/152 34/76/152
f 28/63/153 165/354/153 387/686/153 193/400/153
f 165/354/154 31/69/154 195/402/154 387/686/154
f 387/686/155 195/402/155 39/88/155 181/380/155
f 193/400/156 387/686/156 181/380/156 36/82/156
f 32/71/157 172/368/157 388/687/157 176/374/157
f 172/368/158 26/57/158 196/404/158 388/687/158
f 388/687/159 196/404/159 34/77/159 188/393/159
f 176/374/160 388/687/160 188/393/160 40/91/160
f 65/145/161 245/475/161 389/688/161 236/464/161
f 245/475/162 59/133/162 230/455/162 389/688/162
f 389/688/163 230/455/163 52/116/163 219/438/163
f 236/464/164 389/688/164 219/438/164 56/129/164
f 64/144/165 244/474/165 390/689/165 235/463/165
f 244/474/166 63/141/166 225/448/166 390/689/166
f 390/689/167 225/448/167 53/119/167 223/444/167
f 235/463/168 390/689/168 223/444/168 55/127/168
f 59/134/169 243/473/169 391/690/169 230/456/169
f 243/473/170 60/136/170 205/419/170 391/690/170
f 391/690/171 205/419/171 54/124/171 214/431/171
f 230/456/172 391/690/172 214/431/172 52/117/172
f 61/138/173 242/472/173 392/691/174 232/458/175
f 242/472/176 62/139/176 208/424/177 392/691/177
f 392/691/177 208/424/177 57/130/178 216/434/178
f 232/458/175 392/691/174 216/434/179 50/112/179
f 35/80/180 182/382/180 393/692/180 212/428/180
f 182/382/181 37/85/181 211/427/182 393/692/183
f 393/692/183 211/427/182 45/104/184 198/406/184
f 212/428/185 393/692/185 198/406/185 43/98/185
f 38/87/186 191/397/186 394/693/187 192/398/188
f 191/397/189 36/83/189 186/389/189 394/693/189
f 394/693/190 186/389/190 44/102/190 207/422/190
f 192/398/188 394/693/187 207/422/191 46/106/191
f 39/89/192 187/391/192 395/694/192 189/394/192
f 187/391/193 35/80/193 212/428/193 395/694/193
f 395/694/194 212/428/194 43/98/194 203/415/194
f 189/394/195 395/694/195 203/415/195 47/108/195
f 37/85/196 185/388/196 396/695/197 211/427/198
f 185/388/199 33/74/199 210/426/200 396/695/201
f 396/695/201 210/426/200 41/92/202 201/412/202
f 211/427/198 396/695/197 201/412/203 45/104/203
f 55/125/204 218/436/204 397/696/204 315/580/204
f 218/436/205 58/132/205 314/579/205 397/696/205
f 397/696/206 314/579/206 102/224/206 309/571/206
f 315/580/207 397/696/207 309/571/207 100/218/207
f 56/128/208 222/443/208 398/697/208 213/429/208
f 222/443/209 58/131/209 218/437/209 398/697/209
f 398/697/210 218/437/210 55/126/210 223/445/210
f 213/429/211 398/697/211 223/445/211 53/120/211
f 52/118/212 214/432/212 399/698/212 219/439/212
f 214/432/213 54/122/213 221/441/213 399/698/213
f 399/698/214 221/441/214 58/131/214 222/443/214
f 219/439/215 399/698/215 222/443/215 56/128/215
f 57/130/216 220/440/216 400/699/216 313/578/216
f 220/440/217 51/114/217 224/446/217 400/699/217
f 400/699/218 224/446/218 98/212/218 310/573/218
f 313/578/219 400/699/219 310/573/219 101/222/219
f 60/136/220 241/471/220 401/700/220 205/419/220
f 241/471/221 61/137/221 232/459/221 401/700/221
f 401/700/222 232/459/222 50/113/222 217/435/222
f 205/419/223 401/700/223 217/435/223 54/124/223
f 66/148/224 240/470/224 402/701/224 237/465/224
f 240/470/225 64/144/225 235/463/225 402/701/225
f 402/701/226 235/463/226 55/127/226 215/433/226
f 237/465/227 402/701/227 215/433/227 51/115/227
f 63/140/228 239/468/228 403/702/228 225/449/228
f 239/468/229 65/145/229 236/464/229 403/702/229
f 403/702/230 236/464/230 56/129/230 213/430/230
f 225/449/231 403/702/231 213/430/231 53/121/231
f 62/139/232 238/467/232 404/703/233 208/424/234
f 238/467/235 66/147/235 237/466/236 404/703/237
f 404/703/237 237/466/236 51/114/238 220/440/238
f 208/424/234 404/703/233 220/440/239 57/130/239
f 48/111/240 204/418/240 405/704/240 233/460/240
f 204/418/241 42/96/241 228/453/241 405/704/241
f 405/704/242 228/453/242 66/147/242 238/467/242
f 233/460/243 405/704/243 238/467/243 62/139/243
f 82/180/244 281/530/244 406/705/244 273/519/244
f 281/530/245 81/178/245 254/486/245 406/705/245
f 406/705/246 254/486/246 72/158/246 252/483/246
f 273/519/247 406/705/247 252/483/247 70/155/247
f 42/97/248 199/409/248 407/706/248 228/454/248
f 199/409/249 46/107/249 226/450/249 407/706/249
f 407/706/250 226/450/250 64/144/250 240/470/250
f 228/454/251 407/706/251 240/470/251 66/148/251
f 45/105/252 201/413/252 408/707/252 231/457/252
f 201/413/253 41/93/253 206/420/253 408/707/253
f 408/707/254 206/420/254 61/137/254 241/471/254
f 231/457/255 408/707/255 241/471/255 60/136/255
f 41/94/256 200/411/256 409/708/256 206/421/256
f 200/411/257 48/111/257 233/460/257 409/708/257
f 409/708/258 233/460/258 62/139/258 242/472/258
f 206/421/259 409/708/259 242/472/259 61/138/259
f 43/99/260 198/407/260 410/709/260 202/414/260
f 198/407/261 45/105/261 231/457/261 410/709/261
f 410/709/262 231/457/262 60/136/262 243/473/262
f 202/414/263 410/709/263 243/473/263 59/134/263
f 46/107/264 207/423/264 411/710/264 226/450/264
f 207/423/265 44/101/265 234/461/265 411/710/265
f 411/710/266 234/461/266 63/141/266 244/474/266
f 226/450/267 411/710/267 244/474/267 64/144/267
f 80/177/268 280/529/268 412/711/268 271/517/268
f 280/529/269 79/176/269 227/451/269 412/711/269
f 412/711/270 227/451/270 67/150/270 248/479/270
f 271/517/271 412/711/271 248/479/271 69/153/271
f 72/158/272 251/482/273 413/712/274 267/510/274
f 251/482/275 71/156/275 266/508/275 413/712/275
f 413/712/276 266/508/276 77/170/276 263/502/276
f 267/510/277 413/712/277 263/502/277 78/174/277
f 68/151/278 246/477/278 414/713/278 265/506/278
f 246/477/279 69/153/279 249/480/279 414/713/279
f 414/713/280 249/480/280 75/166/280 258/493/280
f 265/506/281 414/713/281 258/493/281 74/162/281
f 84/184/282 279/528/282 415/714/282 275/523/282
f 279/528/283 83/182/283 256/489/283 415/714/283
f 415/714/284 256/489/284 68/152/284 250/481/284
f 275/523/285 415/714/285 250/481/285 71/157/285
f 83/181/286 278/527/286 416/715/286 256/490/286
f 278/527/287 80/177/287 271/517/287 416/715/287
f 416/715/288 271/517/288 69/153/288 246/477/288
f 256/490/289 416/715/289 246/477/289 68/151/289
f 81/178/290 277/526/290 417/716/290 254/486/290
f 277/526/291 84/183/291 275/524/291 417/716/291
f 417/716/292 275/524/292 71/156/292 251/482/292
f 254/486/293 417/716/293 251/482/273 72/158/272
f 79/175/294 276/525/294 418/717/294 227/452/294
f 276/525/295 82/179/295 273/520/295 418/717/295
f 418/717/296 273/520/296 70/154/296 247/478/296
f 227/452/297 418/717/297 247/478/297 67/149/297
f 74/163/298 258/494/298 419/718/298 262/501/298
f 258/494/299 75/164/299 261/499/299 419/718/299
f 419/718/300 261/499/300 78/172/300 263/503/300
f 262/501/301 419/718/301 263/503/301 77/171/301
f 75/165/302 260/497/302 420/719/302 261/500/302
f 260/497/303 73/159/303 259/495/303 420/719/303
f 420/719/304 259/495/304 76/167/304 264/504/304
f 261/500/305 420/719/305 264/504/305 78/173/305
f 67/149/306 247/478/306 421/720/306 269/513/306
f 247/478/307 70/154/307 268/511/307 421/720/307
f 421/720/308 268/511/308 76/168/308 259/496/308
f 269/513/309 421/720/309 259/496/309 73/160/309
f 70/155/310 252/483/310 422/721/310 268/512/310
f 252/483/311 72/158/311 267/510/311 422/721/311
f 422/721/312 267/510/312 78/174/312 264/505/312
f 268/512/313 422/721/313 264/505/313 76/169/313
f 71/157/314 250/481/314 423/722/314 266/509/314
f 250/481/315 68/152/315 265/507/315 423/722/315
f 423/722/316 265/507/316 74/163/316 262/501/316
f 266/509/317 423/722/317 262/501/317 77/171/317
f 69/153/318 248/479/318 424/723/318 249/480/318
f 248/479/319 67/150/319 269/514/319 424/723/319
f 424/723/320 269/514/320 73/161/320 260/498/320
f 249/480/321 424/723/321 260/498/321 75/166/321
f 88/191/322 293/546/322 425/724/322 270/515/322
f 293/546/323 86/187/324 283/532/325 425/724/325
f 425/724/326 283/532/326 82/179/326 276/525/326
f 270/515/327 425/724/327 276/525/327 79/175/327
f 89/192/328 292/545/328 426/725/328 272/518/328
f 292/545/329 87/189/329 284/534/329 426/725/329
f 426/725/330 284/534/330 84/183/330 277/526/330
f 272/518/331 426/725/331 277/526/331 81/178/331
f 90/194/332 291/544/332 427/726/332 274/521/332
f 291/544/333 85/185/333 282/531/333 427/726/333
f 427/726/334 282/531/334 80/177/334 278/527/334
f 274/521/335 427/726/335 278/527/335 83/181/335
f 87/188/336 290/543/336 428/727/336 284/535/336
f 290/543/337 90/193/337 274/522/337 428/727/337
f 428/727/338 274/522/338 83/182/338 279/528/338
f 284/535/339 428/727/339 279/528/339 84/184/339
f 85/185/340 289/542/340 429/728/340 282/531/340
f 289/542/341 88/190/341 270/516/341 429/728/341
f 429/728/342 270/516/342 79/176/342 280/529/342
f 282/531/343 429/728/343 280/529/343 80/177/343
f 86/186/344 288/541/344 430/729/344 283/533/344
f 288/541/345 89/192/345 272/518/345 430/729/345
f 430/729/346 272/518/346 81/178/346 281/530/346
f 283/533/347 430/729/347 281/530/347 82/180/347
f 92/198/348 305/564/348 431/730/348 295/548/348
f 305/564/349 95/205/349 286/538/349 431/730/349
f 431/730/350 286/538/350 89/192/350 288/541/350
f 295/548/351 431/730/351 288/541/351 86/186/351
f 91/195/352 304/562/352 432/731/352 294/547/352
f 304/562/353 94/202/353 285/536/353 432/731/353
f 432/731/354 285/536/354 88/190/354 289/542/354
f 294/547/355 432/731/355 289/542/355 85/185/355
f 93/199/356 303/560/356 433/732/356 296/550/356
f 303/560/357 96/206/357 287/539/357 433/732/357
f 433/732/358 287/539/358 90/193/358 290/543/358
f 296/550/359 433/732/359 290/543/359 87/188/359
f 96/207/360 302/559/360 434/733/360 287/540/360
f 302/559/361 91/195/361 294/547/361 434/733/361
f 434/733/362 294/547/362 85/185/362 291/544/362
f 287/540/363 434/733/363 291/544/363 90/194/363
f 95/205/364 301/558/364 435/734/364 286/538/364
f 301/558/365 93/200/365 296/551/365 435/734/365
f 435/734/366 296/551/366 87/189/366 292/545/366
f 286/538/367 435/734/367 292/545/367 89/192/367
f 94/203/368 300/557/368 436/735/368 285/537/368
f 300/557/369 92/197/369 295/549/369 436/735/369
f 436/735/370 295/549/370 86/187/324 293/546/323
f 285/537/371 436/735/371 293/546/371 88/191/371
f 43/99/372 202/414/372 437/736/372 297/552/372
f 202/414/373 59/134/373 255/487/373 437/736/373
f 437/736/374 255/487/374 92/197/374 300/557/374
f 297/552/375 437/736/375 300/557/375 94/203/375
f 65/146/376 239/469/376 438/737/376 298/554/376
f 239/469/377 63/142/377 257/491/377 438/737/377
f 438/737/378 257/491/378 93/200/378 301/558/378
f 298/554/379 438/737/379 301/558/379 95/205/379
f 44/102/380 197/405/380 439/738/380 299/555/380
f 197/405/381 47/108/381 253/484/381 439/738/381
f 439/738/382 253/484/382 91/195/382 302/559/382
f 299/555/383 439/738/383 302/559/383 96/207/383
f 63/143/384 234/462/384 440/739/384 257/492/384
f 234/462/385 44/103/385 299/556/385 440/739/385
f 440/739/386 299/556/386 96/208/386 303/561/386
f 257/492/387 440/739/387 303/561/387 93/201/387
f 47/109/388 203/416/388 441/740/388 253/485/388
f 203/416/389 43/100/389 297/553/389 441/740/389
f 441/740/390 297/553/390 94/204/390 304/563/390
f 253/485/391 441/740/391 304/563/391 91/196/391
f 59/135/392 245/476/392 442/741/392 255/488/392
f 245/476/393 65/146/393 298/554/393 442/741/393
f 442/741/394 298/554/394 95/205/394 305/564/394
f 255/488/395 442/741/395 305/564/395 92/198/395
f 102/223/396 312/577/396 443/742/396 309/572/396
f 312/577/397 101/221/397 310/574/397 443/742/397
f 443/742/398 310/574/398 98/213/398 306/565/398
f 309/572/399 443/742/399 306/565/399 100/219/399
f 99/215/400 308/569/400 444/743/400 311/575/400
f 308/569/401 97/209/401 307/567/401 444/743/401
f 444/743/402 307/567/402 101/221/402 312/577/402
f 311/575/403 444/743/403 312/577/403 102/223/403
f 50/112/404 216/434/404 445/744/404 316/582/404
f 216/434/405 57/130/405 313/578/405 445/744/405
f 445/744/406 313/578/406 101/222/406 307/568/406
f 316/582/407 445/744/407 307/568/407 97/210/407
f 58/132/408 221/442/408 446/745/408 314/579/408
f 221/442/409 54/123/409 317/584/409 446/745/409
f 446/745/410 317/584/410 99/216/410 311/576/410
f 314/579/411 446/745/411 311/576/411 102/224/411
f 54/124/412 217/435/412 447/746/412 317/585/412
f 217/435/413 50/113/413 316/583/413 447/746/413
f 447/746/414 316/583/414 97/211/414 308/570/414
f 317/585/415 447/746/415 308/570/415 99/217/415
f 51/115/416 215/433/416 448/747/416 224/447/416
f 215/433/417 55/127/417 315/581/417 448/747/417
f 448/747/418 315/581/418 100/220/418 306/566/418
f 224/447/419 448/747/419 306/566/419 98/214/419
f 103/225/420 319/588/420 449/748/420 318/586/420
f 319/588/421 104/228/421 320/590/421 449/748/421
f 449/748/422 320/590/422 106/234/422 321/592/422
f 318/586/423 449/748/423 321/592/423 105/231/423
f 105/232/424 321/593/424 450/749/424 322/594/424
f 321/593/425 106/235/425 323/596/425 450/749/425
f 450/749/426 323/596/426 110/246/426 324/598/426
f 322/594/427 450/749/427 324/598/427 109/243/427
f 108/242/428 327/604/428 451/750/428 336/619/428
f 327/604/429 107/239/429 335/618/429 451/750/429
f 451/750/430 335/618/430 112/250/430 334/616/430
f 336/619/431 451/750/431 334/616/431 113/253/431
f 107/237/432 327/605/432 452/751/432 328/606/432
f 327/605/433 108/240/433 329/608/433 452/751/433
f 452/751/434 329/608/434 104/229/434 319/589/434
f 328/606/435 452/751/435 319/589/435 103/226/435
f 105/233/436 322/595/436 453/752/436 318/587/436
f 322/595/437 109/244/437 325/600/437 453/752/437
f 453/752/438 325/600/438 107/238/438 328/607/438
f 318/587/439 453/752/439 328/607/439 103/227/439
f 110/247/440 323/597/440 454/753/440 326/602/440
f 323/597/441 106/236/441 320/591/441 454/753/441
f 454/753/442 320/591/442 104/230/442 329/609/442
f 326/602/443 454/753/443 329/609/443 108/241/443
f 113/252/444 334/617/444 455/754/445 344/632/446
f 334/617/447 112/249/447 343/630/448 455/754/449
f 455/754/449 343/630/448 116/261/450 342/628/450
f 344/632/446 455/754/445 342/628/451 117/265/451
f 107/239/452 325/601/452 456/755/452 335/618/452
f 325/601/453 109/245/453 337/620/453 456/755/453
f 456/755/454 337/620/454 114/255/454 332/612/454
f 335/618/455 456/755/455 332/612/455 112/250/455
f 110/248/456 326/603/456 457/756/456 338/621/456
f 326/603/457 108/242/457 336/619/457 457/756/457
f 457/756/458 336/619/458 113/253/458 333/614/458
f 338/621/459 457/756/459 333/614/459 115/258/459
f 109/245/460 324/599/460 458/757/460 337/620/460
f 324/599/461 110/248/461 338/621/461 458/757/461
f 458/757/462 338/621/462 115/258/462 331/610/462
f 337/620/463 458/757/463 331/610/463 114/255/463
f 119/273/464 341/626/464 459/758/464 352/648/464
f 341/626/465 117/266/465 351/646/465 459/758/465
f 459/758/466 351/646/466 121/280/466 349/642/466
f 352/648/467 459/758/467 349/642/467 123/286/467
f 112/251/468 332/613/468 460/759/469 343/631/470
f 332/613/471 114/256/471 345/634/472 460/759/473
f 460/759/473 345/634/472 118/269/474 340/624/474
f 343/631/470 460/759/469 340/624/475 116/262/475
f 115/259/476 333/615/476 461/760/477 346/636/477
f 333/615/478 113/254/478 344/633/479 461/760/480
f 461/760/480 344/633/479 117/267/481 341/627/481
f 346/636/477 461/760/477 341/627/482 119/274/482
f 114/257/483 331/611/483 462/761/484 345/635/484
f 331/611/485 115/260/485 346/637/486 462/761/487
f 462/761/487 346/637/486 119/275/488 339/622/488
f 345/635/484 462/761/484 339/622/489 118/270/489
f 122/283/490 347/638/490 463/762/490 348/640/490
f 347/638/491 123/287/491 349/643/491 463/762/491
f 463/762/492 349/643/492 121/281/492 350/644/492
f 348/640/493 463/762/493 350/644/493 120/277/493
f 118/271/494 339/623/494 464/763/494 353/650/494
f 339/623/495 119/276/495 352/649/495 464/763/495
f 464/763/496 352/649/496 123/288/496 347/639/496
f 353/650/497 464/763/497 347/639/497 122/284/497
f 117/268/498 342/629/498 465/764/498 351/647/498
f 342/629/499 116/263/499 354/652/499 465/764/499
f 465/764/500 354/652/500 120/278/500 350/645/500
f 351/647/501 465/764/501 350/645/501 121/282/501
f 116/264/502 340/625/502 466/765/502 354/653/502
f 340/625/503 118/272/503 353/651/503 466/765/503
f 466/765/504 353/651/504 122/285/504 348/641/504
f 354/653/505 466/765/505 348/641/505 120/279/505
f 484/807/506 608/1088/506 821/1419/506 618/1101/506
f 618/1101/507 821/1419/507 596/1066/507 480/800/507
f 821/1419/508 593/1060/508 473/784/508 596/1066/508
f 608/1088/509 476/792/509 593/1060/509 821/1419/509
f 481/803/510 644/1141/510 822/1420/510 626/1113/510
f 626/1113/511 822/1420/511 625/1112/511 474/788/511
f 822/1420/512 641/1137/512 494/826/512 625/1112/512
f 644/1141/513 496/831/513 641/1137/513 822/1420/513
f 489/816/514 607/1087/514 823/1421/514 628/1116/514
f 628/1116/515 823/1421/515 597/1068/515 486/811/515
f 823/1421/516 604/1082/516 469/772/516 597/1068/516
f 607/1087/517 477/794/517 604/1082/517 823/1421/517
f 483/806/518 606/1086/518 824/1422/518 616/1099/518
f 616/1099/519 824/1422/519 600/1074/519 482/804/519
f 824/1422/520 602/1078/520 467/766/520 600/1074/520
f 606/1086/521 475/790/521 602/1078/521 824/1422/521
f 479/798/522 609/1089/522 825/1423/522 615/1098/522
f 615/1098/523 825/1423/523 606/1086/523 483/806/523
f 825/1423/524 592/1058/524 475/790/524 606/1086/524
f 609/1089/525 468/769/525 592/1058/525 825/1423/525
f 488/814/526 622/1108/526 826/1424/526 627/1115/526
f 627/1115/527 826/1424/527 607/1087/527 489/816/527
f 826/1424/528 594/1062/528 477/794/528 607/1087/528
f 622/1108/529 470/775/529 594/1062/529 826/1424/529
f 481/802/530 626/1114/530 827/1425/530 614/1097/530
f 614/1097/531 827/1425/531 608/1088/531 484/807/531
f 827/1425/532 603/1080/532 476/792/532 608/1088/532
f 626/1114/533 474/787/533 603/1080/533 827/1425/533
f 470/776/534 598/1070/534 828/1426/534 594/1063/534
f 594/1063/535 828/1426/535 613/1096/535 477/795/535
f 828/1426/536 614/1097/536 484/807/536 613/1096/536
f 598/1070/537 481/802/537 614/1097/537 828/1426/537
f 472/781/538 591/1056/538 829/1427/538 595/1064/538
f 595/1064/539 829/1427/539 612/1095/539 478/796/539
f 829/1427/540 615/1098/540 483/806/540 612/1095/540
f 591/1056/541 479/798/541 615/1098/541 829/1427/541
f 478/796/542 612/1095/542 830/1428/542 605/1084/542
f 605/1084/543 830/1428/543 611/1093/543 471/778/543
f 830/1428/544 616/1099/544 482/804/544 611/1093/544
f 612/1095/545 483/806/545 616/1099/545 830/1428/545
f 485/808/546 629/1117/546 831/1429/546 619/1102/546
f 619/1102/547 831/1429/547 643/1140/547 472/783/547
f 831/1429/548 637/1130/548 493/825/549 643/1140/550
f 629/1117/551 497/833/551 637/1130/551 831/1429/551
f 477/795/552 613/1096/552 832/1430/552 604/1083/552
f 604/1083/553 832/1430/553 610/1091/553 469/773/553
f 832/1430/554 618/1101/554 480/800/554 610/1091/554
f 613/1096/555 484/807/555 618/1101/555 832/1430/555
f 482/805/556 600/1075/556 833/1431/556 611/1094/556
f 471/779/557 611/1094/557 833/1431/557 599/1072/557
f 487/812/558 599/1072/558 833/1431/558 621/1106/558
f 473/785/559 621/1106/559 833/1431/559 596/1067/559
f 480/801/560 596/1067/560 833/1431/560 610/1092/560
f 469/774/561 610/1092/561 833/1431/561 597/1069/561
f 486/810/562 597/1069/562 833/1431/562 620/1104/562
f 467/767/563 620/1104/563 833/1431/563 600/1075/563
f 468/771/564 617/1100/564 834/1432/564 601/1076/564
f 601/1076/565 834/1432/565 624/1111/565 488/815/565
f 834/1432/566 634/1124/566 498/835/567 624/1111/568
f 617/1100/569 491/818/569 634/1124/569 834/1432/569
f 468/770/570 601/1077/570 835/1433/570 592/1059/570
f 592/1059/571 835/1433/571 623/1110/571 475/791/571
f 835/1433/572 627/1115/572 489/816/572 623/1110/572
f 601/1077/573 488/814/573 627/1115/573 835/1433/573
f 475/791/574 623/1110/574 836/1434/574 602/1079/574
f 602/1079/575 836/1434/575 620/1105/575 467/768/575
f 836/1434/576 628/1116/576 486/811/576 620/1105/576
f 623/1110/577 489/816/577 628/1116/577 836/1434/577
f 474/788/578 625/1112/578 837/1435/578 590/1054/578
f 590/1054/579 837/1435/579 629/1117/579 485/808/579
f 837/1435/580 631/1118/580 497/833/580 629/1117/580
f 625/1112/581 494/826/581 631/1118/581 837/1435/581
f 478/797/582 605/1085/582 838/1436/582 595/1065/582
f 472/782/583 595/1065/583 838/1436/583 619/1103/583
f 485/809/584 619/1103/584 838/1436/584 590/1055/584
f 474/789/585 590/1055/585 838/1436/585 603/1081/585
f 476/793/586 603/1081/586 838/1436/586 593/1061/586
f 473/786/587 593/1061/587 838/1436/587 621/1107/587
f 487/813/588 621/1107/588 838/1436/588 599/1073/588
f 471/780/589 599/1073/589 838/1436/589 605/1085/589
f 497/834/590 661/1167/590 839/1437/590 637/1131/590
f 637/1131/591 839/1437/591 636/1128/591 493/823/591
f 839/1437/592 653/1155/592 501/843/592 636/1128/592
f 661/1167/593 505/853/593 653/1155/593 839/1437/593
f 496/832/594 660/1166/594 840/1438/594 641/1138/594
f 641/1138/595 840/1438/595 659/1164/595 494/827/595
f 840/1438/596 657/1161/596 502/846/596 659/1164/596
f 660/1166/597 504/851/597 657/1161/597 840/1438/597
f 493/824/598 636/1129/598 841/1439/598 632/1120/598
f 632/1120/599 841/1439/599 639/1134/599 495/830/599
f 841/1439/600 648/1146/600 503/849/600 639/1134/600
f 636/1129/601 501/844/601 648/1146/601 841/1439/601
f 491/817/602 640/1135/602 842/1440/602 634/1125/602
f 634/1125/603 842/1440/603 642/1139/603 498/836/603
f 842/1440/604 650/1150/604 506/856/604 642/1139/604
f 640/1135/605 499/837/605 650/1150/605 842/1440/605
f 472/783/606 643/1140/606 843/1441/606 591/1057/606
f 591/1057/607 843/1441/607 645/1142/607 479/799/607
f 843/1441/608 632/1121/608 495/829/608 645/1142/608
f 643/1140/550 493/825/549 632/1121/609 843/1441/609
f 488/815/610 624/1111/610 844/1442/610 622/1109/610
f 622/1109/611 844/1442/611 646/1143/611 470/777/611
f 844/1442/612 638/1132/612 492/820/612 646/1143/612
f 624/1111/568 498/835/567 638/1132/613 844/1442/613
f 479/799/614 645/1142/614 845/1443/614 609/1090/614
f 609/1090/615 845/1443/615 617/1100/615 468/771/615
f 845/1443/616 635/1126/616 491/818/616 617/1100/616
f 645/1142/617 495/829/617 635/1126/617 845/1443/617
f 470/777/618 646/1143/618 846/1444/618 598/1071/618
f 598/1071/619 846/1444/619 644/1141/619 481/803/619
f 846/1444/620 633/1122/620 496/831/620 644/1141/620
f 646/1143/621 492/820/621 633/1122/621 846/1444/621
f 499/839/622 676/1191/623 847/1445/624 650/1151/622
f 650/1151/625 847/1445/626 675/1190/627 506/855/625
f 847/1445/626 666/1175/628 514/875/628 675/1190/627
f 676/1191/623 507/857/629 666/1175/629 847/1445/624
f 506/855/630 675/1190/631 848/1446/632 654/1157/630
f 654/1157/633 848/1446/634 656/1160/635 500/840/633
f 848/1446/634 670/1182/636 508/860/636 656/1160/635
f 675/1190/631 514/875/637 670/1182/637 848/1446/632
f 502/848/638 652/1154/638 849/1447/638 647/1144/638
f 647/1144/639 849/1447/639 655/1159/639 505/854/639
f 849/1447/640 663/1170/640 513/873/640 655/1159/640
f 652/1154/641 510/867/641 663/1170/641 849/1447/641
f 500/840/642 656/1160/643 850/1448/644 649/1148/642
f 649/1148/645 850/1448/646 658/1163/647 504/852/645
f 850/1448/646 665/1173/648 512/871/648 658/1163/647
f 656/1160/643 508/860/649 665/1173/649 850/1448/644
f 495/830/650 639/1134/650 851/1449/650 635/1127/650
f 635/1127/651 851/1449/651 640/1136/651 491/819/651
f 851/1449/652 651/1152/652 499/838/652 640/1136/652
f 639/1134/653 503/849/653 651/1152/653 851/1449/653
f 492/821/654 662/1168/654 852/1450/654 633/1123/654
f 633/1123/655 852/1450/655 660/1166/655 496/832/655
f 852/1450/656 649/1149/656 504/851/656 660/1166/656
f 662/1168/657 500/841/657 649/1149/657 852/1450/657
f 494/828/658 659/1165/658 853/1451/658 631/1119/658
f 631/1119/659 853/1451/659 661/1167/659 497/834/659
f 853/1451/660 647/1145/660 505/853/660 661/1167/660
f 659/1165/661 502/847/661 647/1145/661 853/1451/661
f 498/836/662 642/1139/662 854/1452/662 638/1133/662
f 638/1133/663 854/1452/663 662/1169/663 492/822/663
f 854/1452/664 654/1158/664 500/842/664 662/1169/664
f 642/1139/665 506/856/665 654/1158/665 854/1452/665
f 531/910/666 702/1229/666 855/1453/666 711/1240/666
f 711/1240/667 855/1453/667 696/1220/667 525/898/667
f 855/1453/668 685/1203/668 518/881/668 696/1220/668
f 702/1229/669 522/894/669 685/1203/669 855/1453/669
f 530/909/670 701/1228/670 856/1454/670 710/1239/670
f 710/1239/671 856/1454/671 691/1213/671 529/906/671
f 856/1454/672 689/1209/672 519/884/672 691/1213/672
f 701/1228/673 521/892/673 689/1209/673 856/1454/673
f 525/899/674 696/1221/674 857/1455/674 709/1238/674
f 709/1238/675 857/1455/675 671/1184/675 526/901/675
f 857/1455/676 680/1196/676 520/889/676 671/1184/676
f 696/1221/677 518/882/677 680/1196/677 857/1455/677
f 527/903/678 698/1223/679 858/1456/680 708/1237/678
f 708/1237/681 858/1456/682 674/1189/683 528/904/681
f 858/1456/682 682/1199/684 523/895/684 674/1189/683
f 698/1223/679 516/877/685 682/1199/685 858/1456/680
f 501/845/686 678/1193/686 859/1457/686 648/1147/686
f 648/1147/687 859/1457/688 677/1192/689 503/850/687
f 859/1457/688 664/1171/690 511/869/690 677/1192/689
f 678/1193/691 509/863/691 664/1171/691 859/1457/691
f 504/852/692 658/1163/693 860/1458/694 657/1162/692
f 657/1162/695 860/1458/695 652/1154/695 502/848/695
f 860/1458/696 673/1187/696 510/867/696 652/1154/696
f 658/1163/693 512/871/697 673/1187/697 860/1458/694
f 505/854/698 655/1159/698 861/1459/698 653/1156/698
f 653/1156/699 861/1459/699 678/1193/699 501/845/699
f 861/1459/700 669/1180/700 509/863/700 678/1193/700
f 655/1159/701 513/873/701 669/1180/701 861/1459/701
f 503/850/702 677/1192/703 862/1460/704 651/1153/702
f 651/1153/705 862/1460/706 676/1191/707 499/839/705
f 862/1460/706 667/1177/708 507/857/708 676/1191/707
f 677/1192/703 511/869/709 667/1177/709 862/1460/704
f 521/890/710 781/1345/710 863/1461/710 684/1201/710
f 684/1201/711 863/1461/711 780/1344/711 524/897/711
f 863/1461/712 775/1336/712 568/989/712 780/1344/712
f 781/1345/713 566/983/713 775/1336/713 863/1461/713
f 522/893/714 679/1194/714 864/1462/714 688/1208/714
f 688/1208/715 864/1462/715 684/1202/715 524/896/715
f 864/1462/716 689/1210/716 521/891/716 684/1202/716
f 679/1194/717 519/885/717 689/1210/717 864/1462/717
f 518/883/718 685/1204/718 865/1463/718 680/1197/718
f 680/1197/719 865/1463/719 687/1206/719 520/887/719
f 865/1463/720 688/1208/720 524/896/720 687/1206/720
f 685/1204/721 522/893/721 688/1208/721 865/1463/721
f 523/895/722 779/1343/722 866/1464/722 686/1205/722
f 686/1205/723 866/1464/723 690/1211/723 517/879/723
f 866/1464/724 776/1338/724 564/977/724 690/1211/724
f 779/1343/725 567/987/725 776/1338/725 866/1464/725
f 526/901/726 671/1184/726 867/1465/726 707/1236/726
f 707/1236/727 867/1465/727 698/1224/727 527/902/727
f 867/1465/728 683/1200/728 516/878/728 698/1224/728
f 671/1184/729 520/889/729 683/1200/729 867/1465/729
f 532/913/730 703/1230/730 868/1466/730 706/1235/730
f 706/1235/731 868/1466/731 701/1228/731 530/909/731
f 868/1466/732 681/1198/732 521/892/732 701/1228/732
f 703/1230/733 517/880/733 681/1198/733 868/1466/733
f 529/905/734 691/1214/734 869/1467/734 705/1233/734
f 705/1233/735 869/1467/735 702/1229/735 531/910/735
f 869/1467/736 679/1195/736 522/894/736 702/1229/736
f 691/1214/737 519/886/737 679/1195/737 869/1467/737
f 528/904/738 674/1189/739 870/1468/740 704/1232/738
f 704/1232/741 870/1468/742 703/1231/743 532/912/741
f 870/1468/742 686/1205/744 517/879/744 703/1231/743
f 674/1189/739 523/895/745 686/1205/745 870/1468/740
f 514/876/746 699/1225/746 871/1469/746 670/1183/746
f 670/1183/747 871/1469/747 694/1218/747 508/861/747
f 871/1469/748 704/1232/748 532/912/748 694/1218/748
f 699/1225/749 528/904/749 704/1232/749 871/1469/749
f 548/945/750 739/1284/750 872/1470/750 747/1295/750
f 747/1295/751 872/1470/751 720/1251/751 547/943/751
f 872/1470/752 718/1248/752 538/923/752 720/1251/752
f 739/1284/753 536/920/753 718/1248/753 872/1470/753
f 508/862/754 694/1219/754 873/1471/754 665/1174/754
f 665/1174/755 873/1471/755 692/1215/755 512/872/755
f 873/1471/756 706/1235/756 530/909/756 692/1215/756
f 694/1219/757 532/913/757 706/1235/757 873/1471/757
f 511/870/758 697/1222/758 874/1472/758 667/1178/758
f 667/1178/759 874/1472/759 672/1185/759 507/858/759
f 874/1472/760 707/1236/760 527/902/760 672/1185/760
f 697/1222/761 526/901/761 707/1236/761 874/1472/761
f 507/859/762 672/1186/762 875/1473/762 666/1176/762
f 666/1176/763 875/1473/763 699/1225/763 514/876/763
f 875/1473/764 708/1237/764 528/904/764 699/1225/764
f 672/1186/765 527/903/765 708/1237/765 875/1473/765
f 509/864/766 668/1179/766 876/1474/766 664/1172/766
f 664/1172/767 876/1474/767 697/1222/767 511/870/767
f 876/1474/768 709/1238/768 526/901/768 697/1222/768
f 668/1179/769 525/899/769 709/1238/769 876/1474/769
f 512/872/770 692/1215/770 877/1475/770 673/1188/770
f 673/1188/771 877/1475/771 700/1226/771 510/866/771
f 877/1475/772 710/1239/772 529/906/772 700/1226/772
f 692/1215/773 530/909/773 710/1239/773 877/1475/773
f 546/942/774 737/1282/774 878/1476/774 746/1294/774
f 746/1294/775 878/1476/775 693/1216/775 545/941/775
f 878/1476/776 714/1244/776 533/915/776 693/1216/776
f 737/1282/777 535/918/777 714/1244/777 878/1476/777
f 538/923/778 733/1275/779 879/1477/779 717/1247/780
f 717/1247/781 879/1477/781 732/1273/781 537/921/781
f 879/1477/782 729/1267/782 543/935/782 732/1273/782
f 733/1275/783 544/939/783 729/1267/783 879/1477/783
f 534/916/784 731/1271/784 880/1478/784 712/1242/784
f 712/1242/785 880/1478/785 715/1245/785 535/918/785
f 880/1478/786 724/1258/786 541/931/786 715/1245/786
f 731/1271/787 540/927/787 724/1258/787 880/1478/787
f 550/949/788 741/1288/788 881/1479/788 745/1293/788
f 745/1293/789 881/1479/789 722/1254/789 549/947/789
f 881/1479/790 716/1246/790 534/917/790 722/1254/790
f 741/1288/791 537/922/791 716/1246/791 881/1479/791
f 549/946/792 722/1255/792 882/1480/792 744/1292/792
f 744/1292/793 882/1480/793 737/1282/793 546/942/793
f 882/1480/794 712/1242/794 535/918/794 737/1282/794
f 722/1255/795 534/916/795 712/1242/795 882/1480/795
f 547/943/796 720/1251/796 883/1481/796 743/1291/796
f 743/1291/797 883/1481/797 741/1289/797 550/948/797
f 883/1481/798 717/1247/798 537/921/798 741/1289/798
f 720/1251/799 538/923/778 717/1247/780 883/1481/799
f 545/940/800 693/1217/800 884/1482/800 742/1290/800
f 742/1290/801 884/1482/801 739/1285/801 548/944/801
f 884/1482/802 713/1243/802 536/919/802 739/1285/802
f 693/1217/803 533/914/803 713/1243/803 884/1482/803
f 540/928/804 728/1266/804 885/1483/804 724/1259/804
f 724/1259/805 885/1483/805 727/1264/805 541/929/805
f 885/1483/806 729/1268/806 544/937/806 727/1264/806
f 728/1266/807 543/936/807 729/1268/807 885/1483/807
f 541/930/808 727/1265/808 886/1484/808 726/1262/808
f 726/1262/809 886/1484/809 725/1260/809 539/924/809
f 886/1484/810 730/1269/810 542/932/810 725/1260/810
f 727/1265/811 544/938/811 730/1269/811 886/1484/811
f 533/914/812 735/1278/812 887/1485/812 713/1243/812
f 713/1243/813 887/1485/813 734/1276/813 536/919/813
f 887/1485/814 725/1261/814 542/933/814 734/1276/814
f 735/1278/815 539/925/815 725/1261/815 887/1485/815
f 536/920/816 734/1277/816 888/1486/816 718/1248/816
f 718/1248/817 888/1486/817 733/1275/817 538/923/817
f 888/1486/818 730/1270/818 544/939/818 733/1275/818
f 734/1277/819 542/934/819 730/1270/819 888/1486/819
f 537/922/820 732/1274/820 889/1487/820 716/1246/820
f 716/1246/821 889/1487/821 731/1272/821 534/917/821
f 889/1487/822 728/1266/822 540/928/822 731/1272/822
f 732/1274/823 543/936/823 728/1266/823 889/1487/823
f 535/918/824 715/1245/824 890/1488/824 714/1244/824
f 714/1244/825 890/1488/825 735/1279/825 533/915/825
f 890/1488/826 726/1263/826 539/926/826 735/1279/826
f 715/1245/827 541/931/827 726/1263/827 890/1488/827
f 554/956/828 736/1280/828 891/1489/828 759/1311/828
f 759/1311/829 891/1489/830 749/1297/830 552/952/831
f 891/1489/832 742/1290/832 548/944/832 749/1297/832
f 736/1280/833 545/940/833 742/1290/833 891/1489/833
f 555/957/834 738/1283/834 892/1490/834 758/1310/834
f 758/1310/835 892/1490/835 750/1299/835 553/954/835
f 892/1490/836 743/1291/836 550/948/836 750/1299/836
f 738/1283/837 547/943/837 743/1291/837 892/1490/837
f 556/959/838 740/1286/838 893/1491/838 757/1309/838
f 757/1309/839 893/1491/839 748/1296/839 551/950/839
f 893/1491/840 744/1292/840 546/942/840 748/1296/840
f 740/1286/841 549/946/841 744/1292/841 893/1491/841
f 553/953/842 750/1300/842 894/1492/842 756/1308/842
f 756/1308/843 894/1492/843 740/1287/843 556/958/843
f 894/1492/844 745/1293/844 549/947/844 740/1287/844
f 750/1300/845 550/949/845 745/1293/845 894/1492/845
f 551/950/846 748/1296/846 895/1493/846 755/1307/846
f 755/1307/847 895/1493/847 736/1281/847 554/955/847
f 895/1493/848 746/1294/848 545/941/848 736/1281/848
f 748/1296/849 546/942/849 746/1294/849 895/1493/849
f 552/951/850 749/1298/850 896/1494/850 754/1306/850
f 754/1306/851 896/1494/851 738/1283/851 555/957/851
f 896/1494/852 747/1295/852 547/943/852 738/1283/852
f 749/1298/853 548/945/853 747/1295/853 896/1494/853
f 558/963/854 761/1313/854 897/1495/854 771/1329/854
f 771/1329/855 897/1495/855 752/1303/855 561/970/855
f 897/1495/856 754/1306/856 555/957/856 752/1303/856
f 761/1313/857 552/951/857 754/1306/857 897/1495/857
f 557/960/858 760/1312/858 898/1496/858 770/1327/858
f 770/1327/859 898/1496/859 751/1301/859 560/967/859
f 898/1496/860 755/1307/860 554/955/860 751/1301/860
f 760/1312/861 551/950/861 755/1307/861 898/1496/861
f 559/964/862 762/1315/862 899/1497/862 769/1325/862
f 769/1325/863 899/1497/863 753/1304/863 562/971/863
f 899/1497/864 756/1308/864 556/958/864 753/1304/864
f 762/1315/865 553/953/865 756/1308/865 899/1497/865
f 562/972/866 753/1305/866 900/1498/866 768/1324/866
f 768/1324/867 900/1498/867 760/1312/867 557/960/867
f 900/1498/868 757/1309/868 551/950/868 760/1312/868
f 753/1305/869 556/959/869 757/1309/869 900/1498/869
f 561/970/870 752/1303/870 901/1499/870 767/1323/870
f 767/1323/871 901/1499/871 762/1316/871 559/965/871
f 901/1499/872 758/1310/872 553/954/872 762/1316/872
f 752/1303/873 555/957/873 758/1310/873 901/1499/873
f 560/968/874 751/1302/874 902/1500/874 766/1322/874
f 766/1322/875 902/1500/875 761/1314/875 558/962/875
f 902/1500/876 759/1311/829 552/952/831 761/1314/876
f 751/1302/877 554/956/877 759/1311/877 902/1500/877
f 509/864/878 763/1317/878 903/1501/878 668/1179/878
f 668/1179/879 903/1501/879 721/1252/879 525/899/879
f 903/1501/880 766/1322/880 558/962/880 721/1252/880
f 763/1317/881 560/968/881 766/1322/881 903/1501/881
f 531/911/882 764/1319/882 904/1502/882 705/1234/882
f 705/1234/883 904/1502/883 723/1256/883 529/907/883
f 904/1502/884 767/1323/884 559/965/884 723/1256/884
f 764/1319/885 561/970/885 767/1323/885 904/1502/885
f 510/867/886 765/1320/886 905/1503/886 663/1170/886
f 663/1170/887 905/1503/887 719/1249/887 513/873/887
f 905/1503/888 768/1324/888 557/960/888 719/1249/888
f 765/1320/889 562/972/889 768/1324/889 905/1503/889
f 529/908/890 723/1257/890 906/1504/890 700/1227/890
f 700/1227/891 906/1504/891 765/1321/891 510/868/891
f 906/1504/892 769/1326/892 562/973/892 765/1321/892
f 723/1257/893 559/966/893 769/1326/893 906/1504/893
f 513/874/894 719/1250/894 907/1505/894 669/1181/894
f 669/1181/895 907/1505/895 763/1318/895 509/865/895
f 907/1505/896 770/1328/896 560/969/896 763/1318/896
f 719/1250/897 557/961/897 770/1328/897 907/1505/897
f 525/900/898 721/1253/898 908/1506/898 711/1241/898
f 711/1241/899 908/1506/899 764/1319/899 531/911/899
f 908/1506/900 771/1329/900 561/970/900 764/1319/900
f 721/1253/901 558/963/901 771/1329/901 908/1506/901
f 568/988/902 775/1337/902 909/1507/902 778/1342/902
f 778/1342/903 909/1507/903 776/1339/903 567/986/903
f 909/1507/904 772/1330/904 564/978/904 776/1339/904
f 775/1337/905 566/984/905 772/1330/905 909/1507/905
f 565/980/906 777/1340/906 910/1508/906 774/1334/906
f 774/1334/907 910/1508/907 773/1332/907 563/974/907
f 910/1508/908 778/1342/908 567/986/908 773/1332/908
f 777/1340/909 568/988/909 778/1342/909 910/1508/909
f 516/877/910 782/1347/910 911/1509/910 682/1199/910
f 682/1199/911 911/1509/911 779/1343/911 523/895/911
f 911/1509/912 773/1333/912 567/987/912 779/1343/912
f 782/1347/913 563/975/913 773/1333/913 911/1509/913
f 524/897/914 780/1344/914 912/1510/914 687/1207/914
f 687/1207/915 912/1510/915 783/1349/915 520/888/915
f 912/1510/916 777/1341/916 565/981/916 783/1349/916
f 780/1344/917 568/989/917 777/1341/917 912/1510/917
f 520/889/918 783/1350/918 913/1511/918 683/1200/918
f 683/1200/919 913/1511/919 782/1348/919 516/878/919
f 913/1511/920 774/1335/920 563/976/920 782/1348/920
f 783/1350/921 565/982/921 774/1335/921 913/1511/921
f 517/880/922 690/1212/922 914/1512/922 681/1198/922
f 681/1198/923 914/1512/923 781/1346/923 521/892/923
f 914/1512/924 772/1331/924 566/985/924 781/1346/924
f 690/1212/925 564/979/925 772/1331/925 914/1512/925
f 569/990/926 784/1351/926 915/1513/926 785/1353/926
f 785/1353/927 915/1513/927 786/1355/927 570/993/927
f 915/1513/928 787/1357/928 572/999/928 786/1355/928
f 784/1351/929 571/996/929 787/1357/929 915/1513/929
f 571/997/930 788/1359/930 916/1514/930 787/1358/930
f 787/1358/931 916/1514/931 789/1361/931 572/1000/931
f 916/1514/932 790/1363/932 576/1011/932 789/1361/932
f 788/1359/933 575/1008/933 790/1363/933 916/1514/933
f 574/1007/934 802/1384/934 917/1515/934 793/1369/934
f 793/1369/935 917/1515/935 801/1383/935 573/1004/935
f 917/1515/936 800/1381/936 578/1015/936 801/1383/936
f 802/1384/937 579/1018/937 800/1381/937 917/1515/937
f 573/1002/938 794/1371/938 918/1516/938 793/1370/938
f 793/1370/939 918/1516/939 795/1373/939 574/1005/939
f 918/1516/940 785/1354/940 570/994/940 795/1373/940
f 794/1371/941 569/991/941 785/1354/941 918/1516/941
f 571/998/942 784/1352/942 919/1517/942 788/1360/942
f 788/1360/943 919/1517/943 791/1365/943 575/1009/943
f 919/1517/944 794/1372/944 573/1003/944 791/1365/944
f 784/1352/945 569/992/945 794/1372/945 919/1517/945
f 576/1012/946 792/1367/946 920/1518/946 789/1362/946
f 789/1362/947 920/1518/947 786/1356/947 572/1001/947
f 920/1518/948 795/1374/948 570/995/948 786/1356/948
f 792/1367/949 574/1006/949 795/1374/949 920/1518/949
f 579/1017/950 810/1397/951 921/1519/951 800/1382/950
f 800/1382/952 921/1519/953 809/1395/954 578/1014/952
f 921/1519/953 808/1393/955 582/1026/955 809/1395/954
f 810/1397/951 583/1030/956 808/1393/956 921/1519/951
f 573/1004/957 801/1383/957 922/1520/957 791/1366/957
f 791/1366/958 922/1520/958 803/1385/958 575/1010/958
f 922/1520/959 798/1377/959 580/1020/959 803/1385/959
f 801/1383/960 578/1015/960 798/1377/960 922/1520/960
f 576/1013/961 804/1386/961 923/1521/961 792/1368/961
f 792/1368/962 923/1521/962 802/1384/962 574/1007/962
f 923/1521/963 799/1379/963 579/1018/963 802/1384/963
f 804/1386/964 581/1023/964 799/1379/964 923/1521/964
f 575/1010/965 803/1385/965 924/1522/965 790/1364/965
f 790/1364/966 924/1522/966 804/1386/966 576/1013/966
f 924/1522/967 797/1375/967 581/1023/967 804/1386/967
f 803/1385/968 580/1020/968 797/1375/968 924/1522/968
f 585/1038/969 818/1413/969 925/1523/969 807/1391/969
f 807/1391/970 925/1523/970 817/1411/970 583/1031/970
f 925/1523/971 815/1407/971 587/1045/971 817/1411/971
f 818/1413/972 589/1051/972 815/1407/972 925/1523/972
f 578/1016/973 809/1396/974 926/1524/975 798/1378/973
f 798/1378/976 926/1524/977 811/1399/978 580/1021/976
f 926/1524/977 806/1389/979 584/1034/979 811/1399/978
f 809/1396/974 582/1027/980 806/1389/980 926/1524/975
f 581/1024/981 812/1401/982 927/1525/983 799/1380/981
f 799/1380/984 927/1525/985 810/1398/985 579/1019/984
f 927/1525/985 807/1392/986 583/1032/986 810/1398/985
f 812/1401/982 585/1039/987 807/1392/987 927/1525/983
f 580/1022/988 811/1400/989 928/1526/990 797/1376/988
f 797/1376/991 928/1526/992 812/1402/992 581/1025/991
f 928/1526/992 805/1387/993 585/1040/993 812/1402/992
f 811/1400/989 584/1035/994 805/1387/994 928/1526/990
f 588/1048/995 814/1405/995 929/1527/995 813/1403/995
f 813/1403/996 929/1527/996 815/1408/996 589/1052/996
f 929/1527/997 816/1409/997 587/1046/997 815/1408/997
f 814/1405/998 586/1042/998 816/1409/998 929/1527/998
f 584/1036/999 819/1415/999 930/1528/999 805/1388/999
f 805/1388/1000 930/1528/1000 818/1414/1000 585/1041/1000
f 930/1528/1001 813/1404/1001 589/1053/1001 818/1414/1001
f 819/1415/1002 588/1049/1002 813/1404/1002 930/1528/1002
f 583/1033/1003 817/1412/1003 931/1529/1003 808/1394/1003
f 808/1394/1004 931/1529/1004 820/1417/1004 582/1028/1004
f 931/1529/1005 816/1410/1005 586/1043/1005 820/1417/1005
f 817/1412/1006 587/1047/1006 816/1410/1006 931/1529/1006
f 582/1029/1007 820/1418/1007 932/1530/1007 806/1390/1007
f 806/1390/1008 932/1530/1008 819/1416/1008 584/1037/1008
f 932/1530/1009 814/1406/1009 588/1050/1009 819/1416/1009
f 820/1418/1010 586/1044/1010 814/1406/1010 932/1530/1010
