# Blender 3.3.0
# www.blender.org
mtllib Fiend.mtl
o mesh_0
v 17.924208 21.606537 -2.316407
v -18.474804 26.219267 -6.808002
v -1.438829 24.185047 -2.885135
v 21.724541 -11.765677 -2.226578
v -20.858473 -9.808519 -9.085027
v -8.911341 -21.383841 -41.627728
v -9.108772 -10.661004 -34.183319
v 11.156208 -1.606634 -22.905300
v 3.064871 10.181196 -22.272017
v 1.684386 17.068808 -18.182964
v -0.062104 -26.376148 -39.992764
v -8.776865 -24.357742 -41.375393
v -10.189091 7.500160 -21.288061
v 20.897783 14.031686 -5.729112
v 22.779251 3.485439 8.508993
v 22.614594 -9.435961 2.422981
v 14.573854 -18.688486 7.823720
v 3.884300 -17.600521 17.051620
v -15.693645 -17.790495 7.855556
v -11.886152 -20.032743 -13.333747
v 9.511486 22.826664 -9.796521
v 17.224705 32.783062 -17.548151
v 7.252289 22.579538 -6.516649
v -0.829254 20.381866 -14.205550
v -15.383349 21.248280 -15.429769
v -20.483301 6.168205 12.604618
v -18.655205 14.916376 7.074859
v 8.710883 -5.213595 17.082870
v 3.201369 -4.348103 20.675810
v 3.085414 17.022167 18.057852
v -2.145256 5.186427 24.655451
v -16.180334 -0.111599 18.669975
v -11.130310 6.193686 21.319973
v -8.378842 -1.303071 21.637978
v 11.621738 13.511745 -17.526089
v 2.830530 -1.237454 -26.921638
v 2.247647 13.439476 -20.746475
v 9.946523 -8.352771 -26.286030
v 13.437811 -14.812320 -19.245560
v -2.499520 -24.053694 -42.324745
v 2.124220 -14.984802 -38.515354
v 0.486952 -9.984385 -35.673626
v -2.856151 -20.945448 -42.785927
v -5.365821 -17.133881 -41.645771
v -12.697012 -16.105440 -33.520596
v -13.113200 -20.047945 -34.050808
v -15.171628 -13.185648 -18.489763
v -14.445715 -15.619826 -19.723007
v -6.637723 15.278899 -18.556227
v -17.311405 11.855199 -13.725653
v 19.796186 2.322900 -14.956786
v 19.686672 -4.154874 -14.765258
v 21.951189 -2.050074 -11.264080
v 22.664257 33.669373 -16.985762
v 22.909739 26.930323 -13.021091
v 19.554792 24.856331 -6.633162
v 24.216030 2.305651 0.359532
v 22.160801 10.458175 2.910193
v 18.773666 16.725588 2.296641
v 20.054783 10.649332 10.241267
v 19.162954 13.759935 8.128513
v 20.221857 -14.199547 2.650698
v 20.594627 -8.166369 11.322102
v 18.186445 -1.009629 17.037186
v 11.301977 -19.959478 -14.248112
v -1.280843 -29.235373 -36.340004
v 11.075494 -21.627846 4.702268
v -6.287690 -23.376369 3.849955
v -7.426632 -20.338055 12.205418
v -6.892386 -19.084900 14.475870
v -11.411567 -18.588072 12.071250
v -10.079893 -16.808289 15.400603
v -12.923234 -14.276442 15.601764
v -4.854383 -25.216028 -18.220781
v -13.765447 -17.776878 -14.676900
v 9.833298 18.308899 -13.912456
v 7.687225 21.237862 -10.240314
v 19.195845 35.297699 -17.406378
v 14.284389 27.778271 -13.692102
v 14.817401 28.952375 -11.563281
v -13.561200 18.655947 -14.582843
v -9.945044 22.087303 -11.384197
v -9.275777 23.182617 -8.315884
v -17.082598 33.028992 -17.256823
v -18.228344 34.061623 -13.713774
v -17.221273 28.914400 -8.956660
v -4.282545 22.567272 -8.796376
v -7.091846 23.124315 4.403323
v -18.109545 19.033010 0.012342
v -11.164514 19.435261 10.923900
v -13.621143 16.068897 13.551122
v 12.282790 22.307707 -0.056130
v 8.595046 21.559723 8.609540
v 8.004938 23.085627 2.027763
v -19.708483 -11.628804 9.870588
v -18.321611 -15.795656 6.152924
v -20.139551 -14.075138 3.951223
v -20.204683 1.209035 14.475745
v -16.108616 12.829107 16.638088
v -22.230070 9.935134 4.100550
v -23.839024 4.434087 2.685481
v -20.341551 15.461707 -1.152152
v -20.795086 27.289865 -18.256634
v -16.423012 15.457182 -13.847275
v -20.056192 -3.678375 -14.312337
v -18.682955 2.115170 -16.461510
v 4.039460 -2.902900 23.312981
v 0.721526 -6.653086 17.248993
v 7.305014 -9.812493 15.695889
v 4.625525 -7.913141 16.115582
v 0.447225 -10.428932 15.297544
v 6.034080 11.918185 20.917788
v 7.377426 15.374194 18.297384
v 6.873254 0.961183 23.504534
v 0.047738 1.211791 24.255114
v -13.890104 14.920359 16.687973
v -13.237645 3.604604 20.635025
v -3.184848 -3.601080 23.170061
v -6.929621 -5.193411 18.569084
v 17.248390 7.298027 -16.589336
v 14.746159 10.519269 -17.252537
v 17.117785 1.159970 -18.180367
v 12.760536 6.281691 -20.416714
v 8.793361 1.354991 -23.373915
v 7.397987 8.592096 -21.916706
v 7.078662 -4.225255 -27.077019
v 4.657639 3.446695 -24.078979
v -0.909993 0.028398 -26.415642
v -1.123384 3.665678 -24.367188
v -0.433466 9.378405 -22.711546
v 7.044356 17.029623 -16.909616
v 6.520689 13.715376 -19.690977
v 10.618765 11.400314 -19.441933
v 13.664973 -5.099512 -21.379824
v 15.061499 -7.895362 -19.654966
v 11.568688 -10.106556 -24.276499
v 6.718415 -17.392612 -33.744415
v 14.588044 -11.893244 -19.016724
v 10.466823 -15.454363 -25.748816
v 10.446020 -18.292688 -22.696287
v 5.958912 -21.599545 -34.271252
v 3.787956 -21.015417 -38.358612
v 0.312038 -21.322012 -41.678062
v 1.924345 -24.638454 -39.378933
v 2.764103 -26.040539 -36.586380
v -2.450251 -27.307489 -40.338299
v -3.998946 -29.018030 -38.457272
v -5.346295 -23.296154 -42.803684
v 3.839312 -16.382694 -37.606869
v -2.344036 -17.148708 -41.596893
v -3.038495 -1.496721 -27.544462
v -4.547420 -11.608897 -37.690533
v -6.617361 -20.870150 -42.747505
v -8.033280 -16.531404 -40.280182
v -10.525658 -17.211130 -38.440582
v -11.273967 -11.240286 -31.773603
v -10.182030 -3.474071 -25.047968
v -6.799766 -26.740427 -40.999722
v -7.027160 -28.649733 -38.388447
v -8.903532 -28.349579 -34.897293
v -9.898399 -26.475393 -38.560978
v -11.466893 -24.274231 -37.638767
v -11.677945 -25.409081 -32.063835
v -13.016880 -22.244410 -31.009844
v -11.249646 -21.196758 -38.874977
v -13.425671 -18.433739 -20.250742
v -14.196713 -10.153332 -23.153303
v -13.754601 -2.410261 -20.889750
v -13.345271 -6.269113 -22.751801
v -15.164152 -8.448238 -19.974051
v -16.929335 -7.668695 -16.866880
v -15.631810 -4.682340 -19.129389
v -1.514473 16.514343 -18.606737
v -3.380538 12.908828 -20.951443
v -4.890547 3.090476 -24.005695
v -6.414190 -1.874847 -26.556185
v -5.889754 8.355714 -22.422926
v -13.514979 9.488461 -18.708384
v -9.008353 1.532859 -23.125154
v -13.938923 4.345311 -20.125151
v -16.360168 2.728008 -18.664490
v -10.615298 14.865321 -17.040756
v -9.694198 12.027228 -19.521776
v -13.794536 12.558436 -16.671362
v -14.774938 13.815052 -14.867853
v 19.647398 -12.282540 -9.166752
v 18.857452 -10.100071 -13.012293
v 21.910185 -8.017977 -8.177384
v 24.022978 -2.082761 -3.928900
v 22.927605 -8.402629 -2.735266
v 17.644583 -15.821574 -8.022854
v 16.949930 -18.205656 -2.738017
v 19.858917 6.836522 -13.332275
v 15.872321 12.919558 -14.584553
v 19.183704 11.247759 -11.634418
v 14.741993 15.507916 -14.344841
v 16.833035 19.310507 -14.829305
v 17.156002 14.624511 -13.354340
v 19.014490 18.320072 -13.222299
v 19.116665 15.636102 -11.673350
v 21.244970 24.054031 -16.070473
v 20.467390 18.335772 -10.148148
v 20.943880 11.866127 -7.662645
v 21.590078 32.510067 -19.393265
v 19.371845 33.433323 -19.266502
v 20.709009 34.574120 -18.900358
v 20.850286 35.397942 -17.006599
v 22.933004 31.570103 -17.524872
v 20.187096 35.266434 -15.031683
v 21.525663 33.105801 -13.209833
v 20.739738 19.842291 -7.668950
v 19.979271 18.290974 -3.759769
v 23.216755 0.612257 -7.960218
v 22.171988 5.418550 -9.390558
v 23.470987 5.477738 -4.375488
v 23.456736 6.807872 -1.628005
v 23.805838 3.876980 4.132353
v 20.715342 14.338665 -0.376506
v 22.070173 7.673178 7.981591
v 15.421547 14.862119 13.130323
v 17.642721 11.148399 13.752205
v 16.956030 12.916904 14.682839
v 21.001596 3.313148 12.761974
v 17.215965 8.251857 16.118532
v 19.330917 6.345691 14.397447
v 17.838844 2.939842 17.302681
v 19.520039 -15.369279 -2.335422
v 23.731329 -5.580129 1.041466
v 24.005600 -2.489369 3.594237
v 22.721558 -0.532563 9.430061
v 22.464310 -7.029305 7.379285
v 18.579697 -4.449228 15.999441
v 21.380764 -1.371432 12.509858
v 18.117697 -15.593371 7.144159
v 20.283739 -12.413321 7.187794
v 18.001293 -10.285625 13.849113
v 13.835409 -16.845757 -15.441891
v 8.056527 -22.425558 -12.371641
v 8.314864 -21.560122 -21.611280
v 4.834435 -25.212749 -31.947493
v 14.669218 -20.069502 -1.579267
v 12.052369 -21.619362 -0.200765
v 4.585552 -23.759476 -10.881423
v 8.330588 -23.059771 -0.120504
v 1.208575 -24.214375 -8.818811
v 2.371985 -27.675930 -31.990265
v 5.704714 -23.794409 -20.282898
v 2.487429 -25.157944 -19.166185
v -1.454344 -29.226858 -30.127441
v -1.156900 -25.614889 -18.134972
v 17.744644 -17.525759 0.772363
v 16.468384 -18.468756 3.426746
v 17.049271 -14.444640 11.273990
v 13.492514 -16.737991 12.796431
v 14.976118 -13.736500 14.628995
v 10.444375 -19.877779 10.787161
v 9.507979 -17.044338 15.584147
v 4.706863 -19.518780 14.730103
v 4.382494 -21.871296 10.687939
v 6.778323 -22.452194 7.453610
v 1.456382 -23.648436 6.005341
v 5.062296 -23.817268 2.372297
v -1.963155 -23.446112 6.865843
v -6.990249 -22.306084 7.739035
v 1.309034 -21.166277 12.797725
v -2.988521 -21.979038 10.862280
v -1.233524 -19.508368 15.518634
v -5.284092 -17.096205 17.110052
v -12.255059 -20.063759 8.211953
v -13.538488 -16.100920 13.676715
v -16.992672 -14.600448 11.065907
v -10.567204 -22.087286 3.366823
v -15.105618 -19.697868 2.120760
v -7.348809 -28.723692 -30.425814
v -5.423004 -29.699551 -35.576061
v -4.864449 -29.078032 -29.307884
v -4.249916 -24.039379 -11.283571
v -8.970929 -22.204250 -11.531219
v -8.686052 -23.363352 -17.544416
v -11.694851 -21.253967 -19.904037
v -0.472596 -24.308855 0.853341
v -2.822783 -24.033606 -4.321846
v -6.746114 -23.502661 -0.928989
v -6.508431 -23.132423 -6.484243
v -9.897519 -21.729895 -7.243243
v -11.209607 -21.950138 -1.510921
v -14.296575 -20.119936 -2.951828
v -13.754979 -19.058285 -8.771700
v -15.508917 -15.851218 -12.338986
v -15.716133 -14.166182 -15.038589
v 13.529543 18.158686 -14.383188
v 11.447922 19.765102 -13.637759
v 10.901879 21.897921 -12.642544
v 15.187007 26.218542 -15.954552
v 18.330315 30.053209 -18.937477
v 4.584347 19.781143 -14.393134
v 3.149269 21.449162 -11.990055
v 2.882689 23.516451 -6.360741
v 8.741899 22.845718 -2.694031
v 17.085869 33.429848 -15.040504
v 9.041880 23.123779 -6.355291
v 10.687741 23.739029 -3.692860
v 18.852055 34.264057 -13.669725
v 16.212139 29.137911 -9.692157
v 17.629360 27.944218 -8.025775
v -5.629757 18.203760 -16.164528
v -4.617404 20.541008 -13.151340
v -8.354315 20.348948 -11.754680
v -10.869148 17.149458 -14.613606
v -13.545335 16.024742 -14.593225
v -18.832779 30.234379 -19.282013
v -11.170566 19.153206 -13.628928
v -14.815999 25.263103 -15.571588
v -14.478211 27.236111 -14.614208
v -14.415153 28.442560 -12.455865
v -20.308466 32.954121 -19.735929
v -20.704672 34.959881 -18.641232
v -18.636803 34.960915 -17.357328
v -15.380600 29.193720 -10.765886
v -20.096296 35.395336 -15.349579
v -10.809218 23.311113 -2.530246
v -0.817037 22.780704 -9.276287
v -7.413188 21.722673 -9.252631
v -9.435678 23.351522 -5.293675
v -7.659447 22.739401 -5.427185
v -6.282101 23.569725 -1.314351
v -2.506786 24.096222 2.809590
v -2.591563 22.887115 8.467796
v -9.740149 22.667517 -0.505669
v -13.681522 22.652737 -0.698349
v -16.008699 20.591167 0.762029
v -13.063723 21.074657 2.534773
v -15.830479 17.937881 6.960883
v -11.835114 20.853914 6.410209
v -15.567038 16.136255 11.081264
v -11.356826 16.664988 14.887953
v -13.366876 16.232006 15.003500
v 0.372308 20.998722 13.323708
v -6.286030 21.614029 10.224182
v -5.864191 19.734938 13.993398
v -5.938005 17.318604 16.930666
v 15.142636 21.396940 0.427094
v 15.282892 19.734200 3.138834
v 10.979592 22.036764 1.980653
v 16.530434 18.009300 5.157547
v 12.388546 20.239567 7.397537
v 3.171346 24.173716 0.869779
v 4.251044 23.490187 5.337128
v 1.825784 22.781097 9.134949
v 4.751308 21.317812 11.628034
v -1.245749 19.015411 16.052471
v 11.532901 18.573311 12.039773
v 11.900808 16.526907 14.511531
v 15.071616 16.594337 11.161749
v -16.711004 -12.263914 14.012860
v -20.359619 -3.405799 13.848861
v -18.686554 -6.835190 14.938977
v -20.830139 -7.851641 10.892033
v -22.635046 -4.322773 8.687246
v -23.674225 -0.027627 6.112005
v -23.999357 -3.275222 3.102919
v -22.310923 -9.509290 4.604128
v -23.343847 -7.481662 -1.260111
v -20.954012 -13.270550 -0.259398
v -18.282757 -0.324243 16.961117
v -17.321375 3.810559 17.600815
v -17.120323 8.106764 16.347206
v -20.748392 10.737868 8.357608
v -16.821096 13.286811 14.680066
v -17.734486 10.911201 13.811750
v -18.893938 11.618236 11.482908
v -16.067373 14.086851 13.067030
v -22.203560 1.095770 10.745817
v -22.717676 5.312544 7.739850
v -24.110872 2.865422 -2.578309
v -23.370184 7.281981 -0.438982
v -21.549603 11.914898 -4.963768
v -22.974791 6.558064 -5.571353
v -22.559893 26.369080 -11.959599
v -20.508457 17.040733 -5.456749
v -21.316738 32.616844 -12.651691
v -21.450792 35.107208 -16.113323
v -23.064484 32.805180 -16.659155
v -21.924152 24.183550 -15.146730
v -22.584665 32.246849 -18.472303
v -20.596020 18.609230 -9.660025
v -20.387539 14.204229 -8.955892
v -19.278624 17.442078 -12.189551
v -17.405769 18.799431 -14.470181
v -23.253618 0.061107 -7.944815
v -21.365171 1.350919 -12.530639
v -21.446072 6.019515 -10.779447
v -18.291405 6.735949 -15.687341
v -17.808130 -17.256908 -2.969691
v -17.482880 -17.842031 0.235067
v -23.104778 -6.811267 -4.901103
v -20.610500 -13.227886 -4.205895
v -17.244411 -16.510614 -7.244905
v -24.144377 -1.881515 -2.213879
v -22.212872 -5.304442 -9.350881
v -19.655363 -8.687618 -12.514681
v -19.206139 -13.030821 -9.045085
v 11.702435 -13.704794 16.339865
v 11.381998 -11.776481 16.508421
v 13.475714 -6.970638 16.726305
v 16.436083 -6.965792 16.407257
v 13.077769 -1.510425 19.595768
v 10.434451 -0.926056 20.975655
v 13.874439 -4.019386 17.992733
v 8.120678 -2.169421 20.930077
v 3.039398 0.317155 24.262154
v 5.278099 -6.070549 17.281301
v 0.340020 -4.654450 23.205639
v -1.753420 -4.596014 21.621460
v 8.025431 -14.852129 17.428503
v 6.434144 -11.810360 16.604448
v 4.967657 -15.320267 17.514563
v 1.310934 -16.155571 17.549105
v 17.238380 9.465142 16.583027
v 14.116042 6.138875 19.640753
v 16.441105 10.727194 17.590071
v 14.999321 7.950178 19.449697
v 8.983108 10.082769 21.910089
v 9.332616 6.538671 21.972767
v 13.529010 2.461554 20.592327
v 14.141316 10.501602 20.006353
v 14.117353 15.882527 14.822684
v 14.820685 13.718843 17.400076
v 11.297345 14.822954 18.580639
v 10.211530 15.844558 17.283804
v 12.302752 12.672296 20.273233
v 11.614019 8.830705 21.626789
v 9.435257 13.350836 20.429708
v 7.091936 18.832081 14.785132
v 2.632817 15.108574 19.619930
v 1.032175 10.545341 22.325518
v 7.108203 3.789065 23.205730
v 4.513373 3.584349 24.775970
v 3.195678 7.140765 23.296907
v 1.930062 8.137674 23.724848
v 1.018150 5.753059 24.790838
v -3.691133 2.423210 24.885460
v -4.980182 -0.612563 23.876579
v -1.681161 8.778924 23.555504
v -3.027189 7.652397 23.103954
v -4.791002 4.546236 24.378334
v -6.028851 6.011580 22.987673
v -7.317154 3.310144 23.216175
v -2.794198 15.860307 19.064875
v -9.912582 15.455272 17.796892
v -1.948344 12.251378 21.432718
v -6.242944 12.458962 20.564701
v -8.945147 10.958041 21.861055
v -6.597391 9.742266 21.732641
v -11.224304 14.742224 18.867353
v -12.297575 12.671899 20.276815
v -11.613415 8.830626 21.627176
v -7.032498 15.098793 18.585335
v -16.864258 9.601337 17.364286
v -14.006928 12.111762 19.708414
v -8.377661 7.454314 22.042547
v -14.388535 6.305827 19.358271
v 0.517923 -12.781170 16.613070
v -3.100453 -15.405608 17.389559
v -2.574032 -6.320580 17.381981
v -4.353954 -12.832127 15.844499
v -6.518024 -9.020344 15.740097
v -3.745358 -16.399235 17.598452
v -8.737711 -13.855110 17.328995
v -0.127650 -3.736866 24.103727
v -5.179517 -3.676154 20.977850
v -8.619576 -3.360003 20.147934
v -3.930887 -4.642619 19.220795
v -8.962782 -5.800205 16.649273
v -10.470657 -3.146552 18.974825
v -12.889502 -2.168340 19.242186
v -10.493786 0.922788 21.810656
v -14.080674 -6.412237 16.907595
v -9.793388 -12.108237 16.873739
v -12.372499 -11.531732 16.523508
v -16.497055 -7.400889 16.244503
v -11.985238 -1.910014 -22.373478
v 18.083660 24.373291 -17.166817
v 20.997450 30.624563 -19.460985
v -9.952008 -26.508471 -28.859005
v 12.537406 15.837758 -14.857543
v -20.189814 21.425177 -5.937989
v -19.989862 11.025624 -10.474437
v -16.906103 -11.894448 -14.564960
v 9.677131 -7.529464 15.996106
v 3.103774 -13.426099 15.983095
v -15.108886 7.987239 19.334478
v -9.669180 -9.357983 15.815262
vn 0.2499 0.1969 -0.9480
vn 0.5387 0.5005 -0.6777
vn 0.5279 0.5422 -0.6537
vn 0.4919 0.4452 -0.7482
vn 0.4960 0.3582 -0.7910
vn 0.5806 0.2947 -0.7590
vn 0.5963 0.0794 -0.7988
vn 0.4195 0.1944 -0.8867
vn 0.1498 -0.0368 -0.9880
vn 0.1851 0.2953 -0.9373
vn 0.0584 0.2714 -0.9607
vn 0.1867 0.6141 -0.7669
vn 0.3483 0.5337 -0.7706
vn 0.1858 0.4545 -0.8712
vn -0.0243 0.5742 -0.8183
vn 0.0183 0.5384 -0.8425
vn 0.7426 -0.0691 -0.6662
vn 0.6906 0.3595 -0.6276
vn 0.5979 0.2709 -0.7544
vn 0.8443 -0.2978 -0.4455
vn 0.8610 -0.0378 -0.5071
vn 0.8512 -0.4206 -0.3138
vn 0.8534 -0.3847 -0.3519
vn 0.9158 -0.2972 -0.2701
vn 0.8237 -0.3673 -0.4321
vn 0.9098 -0.0750 -0.4083
vn 0.9099 -0.1143 -0.3988
vn 0.8274 -0.2901 -0.4809
vn 0.8731 -0.0978 -0.4777
vn 0.4876 -0.3085 -0.8168
vn 0.5562 -0.7343 -0.3892
vn 0.3774 -0.7861 -0.4894
vn -0.1105 -0.7977 -0.5929
vn 0.0052 -0.7420 -0.6704
vn 0.3173 -0.1035 -0.9427
vn 0.4834 0.4467 -0.7529
vn 0.4448 0.5482 -0.7083
vn 0.6573 0.3857 -0.6475
vn 0.5901 0.2190 -0.7770
vn 0.0169 0.2776 -0.9606
vn 0.1339 0.6828 -0.7182
vn 0.1209 0.6037 -0.7880
vn -0.3875 0.6290 -0.6740
vn -0.3584 0.6723 -0.6478
vn -0.2598 0.5873 -0.7666
vn -0.3551 0.3719 -0.8577
vn -0.6178 0.3122 -0.7217
vn -0.8045 0.3947 -0.4438
vn -0.6916 0.5259 -0.4950
vn -0.4860 -0.6848 -0.5430
vn -0.8332 -0.5349 -0.1404
vn -0.7734 -0.6244 -0.1094
vn -0.9280 -0.3567 -0.1077
vn -0.7392 0.2042 -0.6418
vn -0.8011 -0.1736 -0.5728
vn -0.8913 0.1516 -0.4274
vn -0.9677 0.1311 -0.2153
vn -0.9480 -0.1371 -0.2873
vn -0.9646 -0.0774 -0.2520
vn -0.8755 -0.1432 -0.4615
vn -0.6325 0.4024 -0.6618
vn -0.7524 0.4885 -0.4419
vn -0.7130 0.2783 -0.6435
vn -0.6624 0.2674 -0.6998
vn -0.8628 0.3744 -0.3397
vn -0.8874 0.2355 -0.3963
vn -0.8738 0.1330 -0.4678
vn -0.7230 0.0645 -0.6878
vn -0.8692 0.0030 -0.4945
vn -0.6713 -0.0195 -0.7410
vn -0.6850 -0.0216 -0.7282
vn -0.0088 0.4403 -0.8978
vn -0.2559 0.4221 -0.8697
vn -0.2570 0.4891 -0.8335
vn -0.1044 0.2885 -0.9518
vn -0.1559 0.4778 -0.8645
vn -0.4976 0.5123 -0.7000
vn -0.2907 0.2285 -0.9291
vn -0.4846 0.2692 -0.8323
vn -0.4308 0.1866 -0.8829
vn -0.4818 0.0856 -0.8721
vn -0.6177 0.2558 -0.7436
vn -0.3465 0.5511 -0.7591
vn -0.4820 0.6124 -0.6267
vn -0.4216 0.3692 -0.8282
vn -0.6366 0.3853 -0.6680
vn -0.6407 0.3786 -0.6680
vn -0.6275 0.4362 -0.6450
vn 0.7835 -0.5102 -0.3547
vn 0.7835 -0.4574 -0.4205
vn 0.8216 -0.2636 -0.5055
vn 0.8505 -0.3630 -0.3807
vn 0.7751 -0.5430 -0.3230
vn 0.8743 -0.2277 -0.4286
vn 0.9554 -0.1186 -0.2704
vn 0.9990 -0.0439 -0.0001
vn 0.9963 -0.0864 -0.0024
vn 0.9608 -0.2773 0.0028
vn 0.7406 -0.6437 -0.1930
vn 0.8804 -0.4132 -0.2327
vn 0.9135 -0.3564 -0.1960
vn 0.7312 0.1566 -0.6640
vn 0.7744 -0.0318 -0.6319
vn 0.9092 0.0758 -0.4094
vn 0.6692 0.3895 -0.6329
vn 0.6726 0.0272 -0.7395
vn 0.7147 0.3835 -0.5849
vn 0.3336 -0.1345 -0.9331
vn 0.0257 -0.4243 -0.9052
vn -0.1240 -0.2904 -0.9488
vn 0.9136 0.0103 -0.4065
vn 0.7887 -0.4907 -0.3703
vn 0.9975 0.0578 -0.0409
vn 0.9650 -0.2574 0.0504
vn 0.9380 0.2445 -0.2458
vn 0.7408 -0.2099 -0.6381
vn -0.0372 0.0476 -0.9982
vn 0.9893 0.0991 0.1072
vn 0.6738 0.6736 0.3037
vn 0.3122 0.5455 0.7778
vn 0.8106 0.2780 0.5155
vn 0.9945 -0.0078 -0.1045
vn 0.9339 0.3575 0.0113
vn 0.9589 0.1341 -0.2500
vn 0.9883 0.1392 -0.0623
vn 0.9832 0.1799 0.0320
vn 0.9720 0.0391 0.2315
vn 0.8658 0.4149 0.2796
vn 0.6297 0.5887 0.5069
vn 0.6884 0.6506 0.3206
vn 0.8771 0.4153 0.2412
vn 0.7390 0.5148 0.4346
vn 0.7955 0.3464 0.4972
vn 0.9374 0.2236 0.2668
vn 0.9104 0.0516 0.4104
vn 0.9009 0.2010 0.3847
vn 0.8704 0.2511 0.4236
vn 0.8661 0.2642 0.4244
vn 0.7302 0.2291 0.6436
vn 0.8179 0.0334 0.5744
vn 0.8077 0.1356 0.5738
vn 0.7562 -0.6401 0.1362
vn 0.8851 -0.4370 0.1600
vn 0.8073 -0.5527 0.2066
vn 0.9208 -0.1501 0.3600
vn 0.9084 -0.1717 0.3812
vn 0.8399 -0.1863 0.5098
vn 0.8112 -0.0819 0.5789
vn 0.7780 -0.2836 0.5606
vn 0.5260 -0.3203 0.7879
vn 0.7727 -0.5311 0.3476
vn 0.7844 -0.4463 0.4307
vn 0.6957 -0.6677 -0.2650
vn 0.6619 -0.7485 0.0416
vn 0.8229 -0.5627 -0.0782
vn 0.6782 -0.6992 -0.2263
vn 0.5690 -0.8039 -0.1731
vn 0.4693 -0.8778 -0.0959
vn 0.3370 -0.9398 -0.0562
vn 0.2170 -0.9761 -0.0121
vn 0.0870 -0.9962 0.0054
vn -0.0690 -0.9974 -0.0217
vn 0.3806 -0.9247 0.0119
vn 0.3802 -0.9230 0.0595
vn 0.4339 -0.8848 0.1698
vn 0.4014 -0.9151 0.0390
vn 0.1966 -0.9402 0.2783
vn 0.0274 -0.9573 0.2877
vn 0.1122 -0.9937 0.0045
vn -0.1221 -0.9507 -0.2852
vn 0.5373 -0.8400 0.0755
vn 0.5291 -0.8278 0.1866
vn 0.4510 -0.8443 0.2896
vn 0.6527 -0.6693 0.3550
vn 0.5107 -0.7568 0.4079
vn 0.4822 -0.6177 0.6213
vn 0.2691 -0.8416 0.4682
vn 0.3131 -0.7897 0.5276
vn 0.1388 -0.8607 0.4898
vn 0.0219 -0.9382 0.3454
vn 0.3026 -0.9469 0.1089
vn 0.1393 -0.9516 0.2741
vn 0.0295 -0.9405 0.3385
vn 0.0220 -0.9367 0.3495
vn -0.1384 -0.9896 0.0394
vn -0.1602 -0.9392 0.3037
vn -0.3033 -0.9313 0.2015
vn -0.0242 -0.5373 0.8430
vn -0.1566 -0.8486 0.5053
vn -0.1762 -0.7309 0.6594
vn -0.2836 -0.6741 0.6820
vn -0.3593 -0.7787 0.5143
vn -0.5526 -0.7310 0.4003
vn -0.4736 -0.8799 0.0376
vn -0.6802 -0.7172 0.1516
vn -0.3536 -0.9343 0.0448
vn -0.1096 -0.9785 0.1749
vn -0.2721 -0.9086 0.3168
vn -0.3645 -0.8726 0.3253
vn -0.3649 -0.9173 0.1595
vn -0.6304 -0.7672 0.1180
vn -0.6843 -0.6792 0.2654
vn -0.0357 -0.9993 0.0082
vn -0.2679 -0.9618 0.0557
vn -0.1959 -0.9779 -0.0736
vn -0.3186 -0.9448 -0.0766
vn -0.3626 -0.9319 0.0055
vn -0.4565 -0.8789 -0.1383
vn -0.6190 -0.7605 -0.1963
vn -0.6298 -0.7729 -0.0772
vn -0.6353 -0.7422 -0.2133
vn -0.8491 -0.5002 0.1698
vn -0.7759 -0.6303 0.0270
vn -0.8540 -0.5154 0.0709
vn -0.6404 -0.7582 0.1223
vn -0.5611 -0.8272 -0.0297
vn -0.8059 -0.5789 -0.1242
vn -0.8452 -0.4801 -0.2348
vn -0.1112 -0.0652 -0.9917
vn 0.3837 0.6649 -0.6408
vn -0.1127 0.2450 -0.9630
vn -0.6125 0.2000 -0.7647
vn -0.6950 0.1502 -0.7032
vn -0.4066 0.5835 -0.7030
vn -0.7748 0.3826 -0.5034
vn -0.8740 0.1599 -0.4589
vn -0.5000 -0.2379 -0.8327
vn -0.1845 -0.0388 -0.9821
vn 0.0660 0.7868 -0.6136
vn 0.0818 0.9368 -0.3402
vn 0.2764 0.8236 -0.4954
vn -0.2428 0.9033 -0.3538
vn -0.6279 0.7634 -0.1516
vn -0.2946 0.9544 0.0483
vn 0.2024 0.9683 -0.1463
vn 0.2229 0.9747 -0.0147
vn 0.3326 0.9431 0.0040
vn -0.6238 0.5218 -0.5820
vn -0.8762 0.4799 -0.0453
vn -0.9232 0.3566 -0.1431
vn -0.5310 0.8280 0.1802
vn -0.7778 0.3278 -0.5363
vn -0.7702 0.6178 -0.1584
vn -0.7667 0.6238 -0.1521
vn 0.0353 0.9874 0.1540
vn -0.1855 0.8839 0.4292
vn -0.3094 0.8308 0.4627
vn -0.6328 0.6511 0.4191
vn -0.6412 0.6462 0.4139
vn 0.1364 0.7634 0.6314
vn 0.1830 0.6975 0.6928
vn -0.2537 0.6711 0.6966
vn -0.0520 0.7782 -0.6259
vn -0.0674 0.7452 -0.6634
vn -0.1278 0.8040 -0.5807
vn -0.1999 0.8887 -0.4127
vn 0.6414 0.6675 -0.3782
vn -0.1832 0.8966 -0.4031
vn -0.0837 0.8961 -0.4359
vn 0.0025 0.8992 -0.4376
vn -0.3315 0.6695 -0.6647
vn -0.0768 0.1650 -0.9833
vn -0.1799 0.4119 -0.8933
vn 0.5957 -0.1123 -0.7953
vn 0.7148 0.0574 -0.6969
vn 0.3357 0.4799 -0.8106
vn 0.3815 -0.0655 -0.9220
vn 0.7131 0.2131 -0.6679
vn 0.7114 0.2045 -0.6724
vn 0.7909 0.5240 -0.3160
vn 0.9242 0.3213 -0.2066
vn 0.5951 0.1927 -0.7802
vn 0.5511 0.4054 -0.7293
vn 0.4771 0.8642 0.1598
vn 0.7910 0.5802 0.1940
vn 0.3016 0.8471 0.4376
vn -0.0962 0.7148 0.6927
vn -0.0517 0.6609 0.7487
vn -0.1455 0.9699 -0.1954
vn -0.0906 0.9708 -0.2221
vn -0.0233 0.9760 -0.2167
vn 0.5484 0.8162 -0.1816
vn -0.2432 0.9691 0.0410
vn -0.1288 0.9916 -0.0087
vn -0.0089 0.9999 0.0139
vn -0.3160 0.9068 0.2790
vn -0.0081 0.9779 0.2088
vn -0.1178 0.9267 0.3568
vn 0.0660 0.9016 0.4275
vn -0.3107 0.9383 0.1519
vn -0.6354 0.7031 0.3192
vn -0.4076 0.7875 0.4623
vn -0.5548 0.8020 0.2216
vn -0.5279 0.7847 0.3250
vn -0.5294 0.7273 0.4369
vn -0.4796 0.7300 0.4869
vn -0.6322 0.7745 0.0237
vn -0.0354 0.9239 0.3809
vn -0.1116 0.9013 0.4186
vn -0.3090 0.8369 0.4518
vn -0.3482 0.7762 0.5256
vn -0.3144 0.7370 0.5983
vn -0.1595 0.7643 0.6248
vn -0.1315 0.7176 0.6840
vn -0.0139 0.6940 0.7198
vn 0.3984 0.7910 0.4644
vn 0.1826 0.8424 0.5071
vn 0.3671 0.8620 0.3496
vn 0.4249 0.8864 0.1836
vn 0.3787 0.9034 0.2012
vn 0.5769 0.7525 0.3175
vn 0.0353 0.9891 0.1428
vn 0.3294 0.9259 0.1851
vn 0.2726 0.9424 0.1940
vn 0.1922 0.9280 0.3191
vn 0.1268 0.7941 0.5944
vn 0.1492 0.8277 0.5410
vn 0.4092 0.8322 0.3741
vn 0.5138 0.6968 0.5004
vn 0.3052 0.9011 -0.3081
vn -0.5491 -0.5119 0.6606
vn -0.5116 -0.3397 0.7893
vn -0.5449 -0.3298 0.7709
vn -0.7801 -0.3684 0.5057
vn -0.6054 -0.2016 0.7699
vn -0.8055 -0.0531 0.5902
vn -0.8804 -0.0347 0.4729
vn -0.9060 -0.0854 0.4146
vn -0.9705 -0.1044 0.2175
vn -0.9995 0.0093 0.0297
vn -0.9896 -0.1433 -0.0106
vn -0.9667 -0.2409 0.0870
vn -0.8611 -0.4447 0.2465
vn -0.8945 -0.4381 0.0893
vn -0.9258 -0.3765 0.0329
vn -0.7979 -0.6016 0.0394
vn -0.7645 0.0788 0.6398
vn -0.7922 0.1760 0.5844
vn -0.7787 0.2090 0.5915
vn -0.8493 0.3321 0.4104
vn -0.8897 0.2821 0.3590
vn -0.9069 0.1656 0.3874
vn -0.9710 0.0036 0.2392
vn -0.8749 0.2918 0.3866
vn -0.9191 0.2389 0.3132
vn -0.8290 0.2641 0.4929
vn -0.6510 0.7558 0.0707
vn -0.6045 0.6255 0.4933
vn -0.7260 0.5689 0.3864
vn -0.8489 0.4877 0.2035
vn -0.6055 0.5314 0.5924
vn -0.8203 0.3706 0.4357
vn -0.9739 0.1147 0.1961
vn -0.9566 0.2357 0.1713
vn -0.9864 0.1645 0.0019
vn -0.9712 0.2137 -0.1050
vn -0.9139 0.2768 -0.2969
vn -0.9099 0.2831 -0.3032
vn -0.9684 0.1212 -0.2180
vn -0.9464 0.3229 -0.0005
vn -0.6312 0.3513 0.6915
vn -0.7995 0.4725 0.3709
vn -0.4524 0.7156 0.5323
vn -0.8901 0.2213 0.3986
vn -0.7609 0.5948 -0.2592
vn -0.7760 0.5151 -0.3640
vn -0.5340 0.3213 -0.7820
vn -0.9617 0.0105 -0.2739
vn -0.9845 -0.1470 -0.0956
vn -0.8618 -0.4450 -0.2435
vn -0.9530 0.0250 -0.3018
vn -0.5730 -0.1518 -0.8054
vn -0.7643 0.3531 -0.5396
vn -0.5057 -0.5116 -0.6946
vn 0.0281 -0.3847 -0.9226
vn -0.6314 -0.3175 -0.7075
vn -0.2918 0.2762 -0.9157
vn -0.4626 0.0843 -0.8826
vn -0.8394 0.1781 -0.5135
vn -0.7014 0.1752 -0.6909
vn -0.8074 -0.5851 -0.0766
vn -0.8563 -0.4424 -0.2665
vn -0.7724 -0.6006 -0.2067
vn -0.6454 -0.6980 -0.3102
vn -0.9879 -0.0049 -0.1552
vn -0.9141 -0.2915 -0.2819
vn -0.8713 -0.2856 -0.3990
vn -0.9031 -0.0860 -0.4207
vn -0.8246 -0.0143 -0.5655
vn -0.7432 -0.1678 -0.6477
vn -0.7401 -0.5870 -0.3281
vn -0.8057 -0.4183 -0.4194
vn -0.8039 -0.4198 -0.4214
vn -0.9194 -0.1920 -0.3432
vn -0.8775 -0.4067 -0.2540
vn -0.8849 -0.4227 -0.1959
vn 0.4371 -0.3155 0.8423
vn 0.0885 -0.0721 0.9935
vn -0.1722 0.0496 0.9838
vn 0.2937 -0.0347 0.9553
vn 0.0987 -0.4036 0.9096
vn 0.4972 -0.1980 0.8447
vn 0.4407 -0.2350 0.8663
vn 0.4242 -0.2654 0.8658
vn 0.3429 -0.4260 0.8372
vn 0.3652 -0.7020 0.6115
vn -0.0731 -0.3849 0.9200
vn 0.0274 -0.6780 0.7346
vn 0.0524 -0.4062 0.9123
vn 0.1889 -0.5719 0.7983
vn 0.4145 -0.3457 0.8418
vn 0.3939 -0.8530 0.3423
vn 0.2228 -0.2106 0.9519
vn 0.2236 -0.2119 0.9514
vn 0.2635 -0.6028 0.7531
vn 0.0342 -0.9961 -0.0819
vn 0.2641 -0.5101 0.8186
vn -0.0119 0.2556 0.9667
vn 0.0168 0.2696 0.9628
vn 0.0360 -0.1670 0.9853
vn 0.0149 0.4085 0.9126
vn -0.2934 0.4097 0.8638
vn -0.9270 0.3651 -0.0858
vn 0.7626 0.3330 0.5545
vn 0.0232 -0.2882 0.9573
vn -0.1182 0.5514 0.8258
vn 0.6067 -0.0000 0.7949
vn 0.6545 0.2368 0.7181
vn 0.8216 -0.2170 0.5271
vn 0.1209 0.0295 0.9922
vn 0.4434 0.1576 0.8824
vn 0.3994 -0.2655 0.8775
vn 0.3836 0.0834 0.9197
vn 0.4386 -0.3050 0.8453
vn 0.6477 0.3923 0.6531
vn 0.7172 0.0904 0.6910
vn 0.6850 0.6392 0.3497
vn 0.1960 0.6614 0.7240
vn 0.2719 0.8534 0.4447
vn 0.5406 -0.0018 0.8413
vn 0.4082 0.2374 0.8815
vn 0.2357 0.2851 0.9291
vn 0.1973 0.5425 0.8166
vn 0.2023 0.5405 0.8166
vn 0.2322 0.7025 0.6727
vn 0.1848 0.5949 0.7823
vn 0.0081 0.6312 0.7756
vn -0.0099 0.5469 0.8371
vn 0.1145 0.4766 0.8716
vn 0.4262 0.0600 0.9026
vn 0.5144 0.0477 0.8562
vn -0.3276 -0.0156 0.9447
vn 0.2869 0.4565 0.8422
vn 0.6229 0.5536 0.5527
vn 0.0516 0.5161 0.8550
vn 0.2280 -0.2508 0.9408
vn 0.0117 0.0119 0.9999
vn 0.0504 -0.3342 0.9412
vn -0.1411 0.1603 0.9769
vn -0.5936 0.7833 -0.1846
vn -0.2034 0.4683 0.8599
vn -0.5255 0.3104 0.7921
vn -0.1929 0.2863 0.9385
vn -0.2562 0.2021 0.9453
vn -0.4378 -0.1106 0.8922
vn -0.4181 0.0004 0.9084
vn -0.5195 0.3149 0.7943
vn -0.1452 0.5187 0.8425
vn -0.3326 0.6635 0.6701
vn -0.1526 0.5633 0.8121
vn -0.1910 0.5517 0.8119
vn 0.0884 0.0658 0.9939
vn -0.2953 0.2696 0.9166
vn -0.0792 0.5887 0.8045
vn -0.3776 0.2465 0.8926
vn -0.5595 0.0746 0.8255
vn 0.0106 0.9251 0.3795
vn -0.2182 0.9142 0.3416
vn -0.2587 0.7995 0.5422
vn -0.5833 0.6059 0.5409
vn -0.4682 -0.0939 0.8786
vn -0.3259 0.1795 0.9282
vn -0.3951 0.0794 0.9152
vn -0.1134 0.0331 0.9930
vn -0.1874 -0.1475 0.9712
vn -0.5022 0.1853 0.8447
vn -0.8121 -0.2268 0.5377
vn 0.0110 0.2697 0.9629
vn 0.1454 0.5604 0.8154
vn -0.1614 0.4780 0.8634
vn -0.1315 0.4624 0.8769
vn -0.0486 -0.7470 0.6630
vn 0.0262 -0.5471 0.8367
vn 0.2768 0.1830 0.9434
vn 0.0776 0.0713 0.9944
vn 0.0612 0.2862 0.9562
vn 0.0393 0.1811 0.9827
vn -0.0770 -0.9183 0.3884
vn -0.2772 -0.9180 0.2837
vn -0.4352 -0.8015 0.4103
vn -0.2269 -0.7378 0.6357
vn -0.2856 -0.3796 0.8800
vn -0.4284 -0.4435 0.7872
vn -0.4210 -0.4607 0.7813
vn 0.1460 -0.9772 0.1543
vn 0.0485 -0.2371 0.9703
vn -0.3488 -0.7219 0.5976
vn 0.1033 -0.5015 0.8590
vn -0.3341 -0.2845 0.8986
vn -0.0491 -0.4708 0.8809
vn -0.3257 -0.4325 0.8408
vn -0.3161 -0.3951 0.8625
vn -0.3506 -0.2342 0.9068
vn -0.0875 0.2014 0.9756
vn 0.2463 0.0095 0.9691
vn -0.0459 0.3606 0.9316
vn -0.3090 -0.2465 0.9186
vn 0.3396 0.5726 -0.7462
vn 0.3886 0.6244 -0.6776
vn 0.6128 0.1860 -0.7680
vn 0.5753 0.1374 -0.8063
vn 0.3819 0.3246 -0.8653
vn 0.3593 0.2503 -0.8990
vn 0.2804 0.2411 -0.9291
vn 0.2654 0.4224 -0.8667
vn 0.0490 0.4923 -0.8690
vn 0.0620 0.5000 -0.8638
vn 0.0582 0.2715 -0.9607
vn 0.1585 0.5859 -0.7947
vn 0.2909 0.4227 -0.8583
vn 0.2262 0.4205 -0.8787
vn 0.0156 0.4272 -0.9040
vn 0.7418 -0.0424 -0.6693
vn 0.8245 -0.1831 -0.5355
vn 0.7929 0.0203 -0.6090
vn 0.7886 0.0253 -0.6144
vn -0.3730 -0.1305 -0.9186
vn 0.8094 0.0853 -0.5810
vn 0.7060 0.2120 -0.6757
vn 0.8745 -0.3157 -0.3683
vn 0.8812 -0.4173 -0.2224
vn 0.8419 -0.4518 -0.2951
vn 0.6894 -0.1554 -0.7075
vn 0.6814 0.1099 -0.7236
vn 0.5146 -0.3053 -0.8012
vn 0.6555 -0.5773 -0.4869
vn 0.6963 -0.6929 -0.1871
vn 0.5957 -0.7714 -0.2237
vn 0.3126 -0.8166 -0.4852
vn 0.1305 -0.1308 -0.9828
vn 0.3096 -0.4920 -0.8137
vn 0.0229 -0.4714 -0.8816
vn 0.0619 -0.5194 -0.8523
vn -0.0099 0.0180 -0.9998
vn 0.3932 0.5955 -0.7005
vn 0.4405 0.2969 -0.8472
vn 0.3457 0.2377 -0.9078
vn -0.0038 0.2993 -0.9541
vn 0.0160 0.5805 -0.8141
vn 0.2830 0.5423 -0.7911
vn -0.0886 0.6695 -0.7375
vn 0.0573 0.7029 -0.7090
vn -0.2715 0.7016 -0.6589
vn -0.4723 0.3142 -0.8235
vn -0.5935 0.5249 -0.6101
vn -0.7045 0.4876 -0.5158
vn -0.5037 0.6492 -0.5699
vn 0.6960 0.7175 0.0261
vn -0.2620 -0.3587 -0.8959
vn -0.5445 -0.5515 -0.6319
vn -0.7722 -0.3203 -0.5487
vn -0.5764 -0.7803 -0.2427
vn -0.9576 -0.2472 -0.1482
vn -0.7621 -0.0889 -0.6413
vn -0.9360 -0.0723 -0.3444
vn -0.8954 0.2057 -0.3949
vn -0.9913 -0.1198 -0.0552
vn -0.9959 -0.0107 -0.0893
vn -0.9007 -0.4191 0.1142
vn -0.9308 -0.3543 0.0901
vn -0.9617 -0.1835 -0.2039
vn -0.9112 0.2347 -0.3385
vn -0.1507 0.5926 -0.7913
vn -0.1659 0.6579 -0.7346
vn -0.1170 0.3632 -0.9243
vn -0.3056 0.3749 -0.8752
vn -0.3257 0.6632 -0.6738
vn -0.1318 0.2623 -0.9559
vn -0.2549 0.7794 -0.5724
vn -0.1465 0.4872 -0.8609
vn -0.3352 0.4052 -0.8506
vn -0.2847 0.2260 -0.9316
vn -0.6494 0.4236 -0.6316
vn -0.5530 0.0788 -0.8294
vn -0.6184 0.2543 -0.7435
vn -0.4494 0.5008 -0.7398
vn -0.4661 0.4593 -0.7562
vn -0.4891 0.5682 -0.6618
vn 0.7812 -0.1876 -0.5954
vn 0.8474 -0.0300 -0.5301
vn 0.8637 -0.2496 -0.4379
vn 0.9598 -0.2030 -0.1938
vn 0.9519 -0.1459 -0.2695
vn 0.9804 -0.1834 -0.0715
vn 0.9410 -0.3382 -0.0107
vn 0.8146 -0.5341 -0.2261
vn 0.8364 -0.5052 -0.2127
vn 0.7432 -0.6679 -0.0389
vn 0.7779 0.2032 -0.5947
vn 0.8558 0.2946 -0.4251
vn 0.8691 0.2756 -0.4108
vn 0.8754 0.1529 -0.4587
vn 0.8996 0.0810 -0.4291
vn 0.7584 0.3320 -0.5609
vn 0.4494 0.2750 -0.8500
vn 0.4470 -0.3507 -0.8229
vn 0.2501 -0.4561 -0.8541
vn 0.3401 -0.5211 -0.7828
vn 0.2553 -0.4358 -0.8631
vn 0.7069 -0.3332 -0.6240
vn 0.6499 0.0032 -0.7600
vn 0.8849 -0.2071 -0.4172
vn 0.8479 -0.1345 -0.5128
vn 0.9294 -0.2595 -0.2626
vn 0.9243 -0.3279 -0.1953
vn 0.7439 -0.2841 -0.6049
vn 0.0497 0.2520 -0.9665
vn 0.7244 0.4366 -0.5335
vn 0.6500 0.6779 -0.3434
vn 0.8414 0.2329 -0.4876
vn 0.9252 0.2169 0.3114
vn 0.6628 0.6988 0.2691
vn 0.8663 0.1038 0.4887
vn 0.8381 0.2033 0.5062
vn 0.9375 0.2426 -0.2493
vn 0.9680 0.1028 0.2291
vn 0.9518 0.1725 0.2536
vn 0.9793 0.2011 0.0218
vn 0.9425 0.3341 0.0004
vn 0.9859 0.0628 -0.1552
vn 0.9554 0.2677 -0.1246
vn 0.9915 0.0658 -0.1119
vn 0.9949 0.0229 0.0986
vn 0.9645 0.2543 0.0709
vn 0.9494 0.2678 0.1640
vn 0.9516 0.1914 0.2403
vn 0.8570 0.4794 0.1890
vn 0.8735 0.4001 0.2773
vn 0.8546 0.4837 0.1889
vn 0.7182 0.6384 0.2767
vn 0.8788 0.4115 0.2417
vn 0.7387 0.5106 0.4400
vn 0.7028 0.5913 0.3954
vn 0.8478 0.4641 -0.2564
vn 0.7183 0.6808 0.1431
vn 0.8908 0.2729 0.3633
vn 0.9925 -0.0591 0.1066
vn 0.9189 0.0756 0.3871
vn 0.7589 0.3413 0.5546
vn 0.8187 0.0354 0.5732
vn 0.7931 -0.6082 0.0311
vn 0.7557 -0.6359 0.1566
vn 0.8530 -0.5219 0.0024
vn 0.8934 -0.4462 0.0526
vn 0.9038 -0.3735 0.2088
vn 0.8772 -0.3663 0.3103
vn 0.9633 -0.2287 0.1403
vn 0.9674 -0.2066 0.1462
vn 0.9775 0.0129 0.2108
vn 0.9609 -0.1172 0.2507
vn 0.5727 -0.3328 0.7492
vn 0.7950 -0.4520 0.4046
vn 0.6099 -0.6102 0.5057
vn 0.6930 -0.4875 0.5311
vn 0.7730 -0.5854 -0.2444
vn 0.5912 -0.8057 -0.0363
vn 0.7362 -0.6586 -0.1555
vn 0.6231 -0.7777 -0.0837
vn 0.7065 -0.7069 0.0332
vn 0.6346 -0.7728 0.0060
vn 0.5456 -0.8260 -0.1419
vn 0.3593 -0.9315 -0.0563
vn 0.1281 -0.9917 -0.0089
vn 0.4399 -0.8820 0.1692
vn 0.1915 -0.9766 0.0982
vn 0.1582 -0.9794 0.1253
vn -0.0193 -0.9948 0.1004
vn 0.0736 -0.9780 -0.1949
vn 0.6261 -0.7793 0.0242
vn 0.5207 -0.8476 0.1023
vn 0.6636 -0.7048 0.2507
vn 0.3614 -0.9298 0.0704
vn 0.6115 -0.6824 0.4006
vn 0.4214 -0.7424 0.5208
vn 0.2848 -0.8844 0.3698
vn 0.2438 -0.7034 0.6676
vn 0.0853 -0.7530 0.6524
vn 0.0740 -0.8194 0.5684
vn 0.2830 -0.9459 0.1586
vn 0.3573 -0.8871 0.2922
vn 0.1612 -0.9654 0.2049
vn 0.0593 -0.9927 0.1050
vn -0.0244 -0.9904 0.1361
vn -0.0979 -0.9882 0.1175
vn -0.1768 -0.9567 0.2313
vn -0.2935 -0.9545 0.0534
vn -0.3304 -0.9437 0.0170
vn -0.0525 -0.8738 0.4834
vn -0.1589 -0.8461 0.5088
vn -0.0268 -0.5815 0.8131
vn -0.2194 -0.9005 0.3754
vn -0.3400 -0.8724 0.3512
vn -0.3795 -0.8335 0.4016
vn -0.3743 -0.7472 0.5492
vn -0.4573 -0.5679 0.6844
vn -0.4225 -0.7182 0.5529
vn -0.5319 -0.7400 0.4117
vn -0.6098 -0.6717 0.4207
vn -0.3603 -0.8987 0.2498
vn -0.5542 -0.8052 0.2110
vn -0.4967 -0.8488 0.1815
vn -0.6643 -0.7270 0.1737
vn -0.3799 -0.9165 -0.1254
vn -0.1902 -0.9751 0.1136
vn -0.1089 -0.9387 0.3271
vn -0.1106 -0.9782 0.1756
vn -0.4007 -0.8969 0.1870
vn -0.5918 -0.7940 0.1393
vn -0.6690 -0.7353 0.1080
vn -0.5174 -0.8078 0.2824
vn -0.7684 -0.6059 0.2060
vn -0.1291 -0.9916 0.0059
vn -0.3572 -0.9266 -0.1174
vn -0.3859 -0.9224 0.0186
vn -0.5030 -0.8408 -0.2002
vn -0.5068 -0.8620 -0.0091
vn -0.6005 -0.7991 -0.0293
vn -0.5723 -0.8179 -0.0597
vn -0.7152 -0.6833 -0.1470
vn -0.8799 -0.4751 0.0024
vn -0.9375 -0.3102 -0.1580
vn 0.2390 0.0953 -0.9663
vn -0.1086 0.2992 -0.9480
vn -0.5064 0.7157 -0.4809
vn -0.4310 -0.0865 -0.8982
vn -0.4001 -0.0954 -0.9115
vn -0.7232 0.0574 -0.6883
vn 0.2689 0.7698 -0.5788
vn 0.1605 0.7404 -0.6527
vn 0.0745 0.8395 -0.5382
vn 0.2191 0.8579 -0.4647
vn 0.1714 0.9274 -0.3325
vn 0.1884 0.9308 -0.3134
vn 0.0785 0.9925 -0.0934
vn -0.4014 0.9152 0.0366
vn 0.1723 0.9804 -0.0960
vn -0.6427 0.1244 -0.7560
vn -0.3617 0.6412 -0.6768
vn -0.7656 0.6114 -0.2001
vn 0.0415 0.9151 -0.4012
vn -0.0707 0.9966 0.0426
vn -0.4928 0.8219 0.2858
vn -0.6041 0.7727 0.1949
vn -0.4501 0.8704 0.1994
vn 0.0049 0.8149 0.5796
vn 0.1490 0.6425 0.7517
vn 0.4945 0.5944 0.6342
vn -0.2439 0.8043 -0.5419
vn -0.1127 0.9042 -0.4120
vn -0.3205 0.7587 -0.5671
vn 0.3514 0.4550 -0.8183
vn 0.3695 0.0059 -0.9292
vn 0.3252 -0.0792 -0.9423
vn 0.8185 0.1623 -0.5510
vn 0.8285 0.1233 -0.5463
vn 0.8011 0.4867 -0.3485
vn -0.0379 -0.2571 -0.9656
vn 0.4585 0.4938 -0.7389
vn -0.1516 0.9832 -0.1020
vn 0.0908 0.9849 -0.1471
vn 0.7756 0.6275 0.0679
vn 0.8135 0.5736 0.0959
vn 0.4851 0.6428 0.5928
vn -0.1423 0.6567 0.7406
vn -0.2339 0.7239 0.6491
vn 0.1635 0.8186 0.5506
vn 0.5322 0.8003 0.2762
vn -0.2152 0.9403 -0.2638
vn 0.3288 0.7702 -0.5465
vn 0.3232 0.9457 -0.0358
vn -0.1694 0.9755 -0.1402
vn 0.3323 0.9305 0.1541
vn 0.2803 0.9476 0.1532
vn -0.2733 0.9565 -0.1016
vn -0.1907 0.9804 0.0494
vn -0.1956 0.9423 0.2716
vn -0.1342 0.9695 0.2052
vn -0.3857 0.9144 0.1230
vn -0.3811 0.6782 0.6284
vn -0.3656 0.8518 0.3751
vn -0.3457 0.8793 0.3277
vn -0.5502 0.7516 0.3638
vn -0.2140 0.9742 -0.0719
vn -0.1299 0.8815 0.4540
vn -0.1110 0.8341 0.5404
vn 0.5542 0.5712 0.6055
vn 0.6669 0.7175 0.2010
vn 0.5726 0.7635 0.2986
vn 0.1951 0.9755 0.1021
vn 0.0157 0.9810 0.1932
vn 0.1918 0.9354 0.2971
vn 0.2965 0.8448 0.4453
vn 0.0959 0.9035 0.4177
vn 0.0761 0.7846 0.6154
vn 0.5217 0.7679 0.3718
vn 0.3250 0.8333 0.4472
vn 0.3853 0.7381 0.5538
vn 0.3618 0.6789 0.6390
vn -0.0975 0.9786 0.1814
vn 0.2147 0.9099 0.3548
vn 0.5230 0.6839 0.5088
vn -0.7398 -0.4910 0.4600
vn -0.6379 -0.5726 0.5150
vn -0.7787 -0.3698 0.5068
vn -0.7583 -0.5561 0.3404
vn -0.6986 -0.6285 0.3419
vn -0.5424 -0.2439 0.8039
vn -0.7434 -0.1559 0.6504
vn -0.8298 -0.2455 0.5012
vn -0.8859 -0.1882 0.4240
vn -0.9133 -0.2857 0.2904
vn -0.9577 -0.2126 0.1941
vn -0.9492 -0.0428 0.3116
vn -0.8143 -0.5131 0.2714
vn -0.8891 -0.3453 0.3004
vn -0.7537 -0.6468 0.1168
vn -0.7804 0.3361 0.5272
vn -0.8759 0.1265 0.4656
vn -0.8853 0.4162 -0.2073
vn -0.7110 0.4912 0.5031
vn -0.7197 0.5657 0.4025
vn -0.6837 0.6516 0.3286
vn -0.7984 0.5020 0.3324
vn -0.6841 0.6519 0.3271
vn -0.8585 0.4691 0.2071
vn -0.8193 0.3722 0.4361
vn -0.8491 0.4862 0.2063
vn -0.9555 0.0850 0.2826
vn -0.9164 0.3028 0.2618
vn -0.9619 0.2580 0.0908
vn -0.9964 0.0251 0.0806
vn -0.9987 0.0232 0.0447
vn -0.9572 0.2673 -0.1114
vn -0.9448 0.1474 -0.2926
vn -0.9264 0.3764 0.0127
vn -0.9714 0.2083 0.1141
vn -0.9945 0.0797 0.0678
vn -0.9566 -0.1725 0.2349
vn -0.9677 -0.2511 -0.0209
vn -0.9957 0.0778 0.0498
vn -0.8314 0.2219 0.5094
vn -0.7608 -0.2997 -0.5756
vn -0.4296 -0.1935 -0.8821
vn -0.9674 0.1793 -0.1788
vn -0.9989 -0.0467 0.0034
vn -0.9650 -0.1636 -0.2050
vn -0.9014 -0.1096 -0.4189
vn -0.7814 0.1725 -0.5997
vn -0.8273 0.2706 -0.4923
vn -0.4954 -0.5046 -0.7071
vn -0.1441 -0.2384 -0.9604
vn 0.0846 -0.3775 -0.9221
vn -0.2514 0.0023 -0.9679
vn -0.9295 0.1153 -0.3503
vn -0.8296 0.1599 -0.5350
vn -0.7945 -0.6065 -0.0301
vn -0.9159 -0.3926 -0.0840
vn -0.9195 -0.3714 -0.1288
vn -0.9019 -0.3740 -0.2163
vn -0.7823 -0.5705 -0.2502
vn -0.9768 -0.1040 -0.1871
vn -0.9833 -0.1565 -0.0934
vn -0.9638 -0.1252 -0.2356
vn -0.8625 -0.2307 -0.4505
vn -0.9147 -0.0733 -0.3973
vn -0.7420 -0.0714 -0.6666
vn -0.7889 -0.2625 -0.5556
vn -0.7726 -0.3070 -0.5558
vn -0.7564 -0.5026 -0.4186
vn 0.4104 -0.4492 0.7936
vn 0.1069 -0.0914 0.9901
vn -0.1943 0.0402 0.9801
vn 0.3775 -0.4333 0.8184
vn -0.1482 -0.5655 0.8114
vn -0.1025 -0.4573 0.8834
vn 0.2321 -0.8027 0.5493
vn 0.4121 -0.7839 0.4645
vn 0.2904 -0.7282 0.6208
vn 0.3629 -0.8610 0.3565
vn 0.1063 -0.8590 0.5009
vn 0.0644 -0.5497 0.8329
vn 0.1356 -0.8648 0.4836
vn 0.0621 -0.2268 0.9720
vn -0.0717 0.1616 0.9843
vn -0.0327 -0.2595 0.9652
vn 0.2014 0.3846 0.9009
vn 0.0609 -0.2263 0.9722
vn 0.7978 -0.3363 0.5004
vn 0.7869 0.0047 0.6171
vn 0.5952 0.1109 0.7959
vn 0.4277 -0.1140 0.8967
vn 0.4509 -0.3233 0.8320
vn 0.5990 0.4238 0.6794
vn 0.7637 0.4434 0.4692
vn 0.4158 0.6745 0.6101
vn 0.4091 0.7508 0.5186
vn -0.0036 0.7841 0.6207
vn 0.1424 0.3920 0.9089
vn -0.0456 0.4174 0.9076
vn -0.2511 0.7878 0.5625
vn 0.1588 0.3629 0.9182
vn 0.0287 0.5023 0.8642
vn 0.2297 0.3210 0.9188
vn 0.2272 0.2395 0.9439
vn 0.4270 0.4776 0.7679
vn 0.0279 0.3990 0.9165
vn 0.4581 0.2109 0.8635
vn 0.0374 -0.1717 0.9844
vn -0.2840 -0.9487 0.1385
vn -0.0636 0.1180 0.9910
vn -0.0948 0.3026 0.9484
vn -0.3075 0.5054 0.8062
vn -0.2024 0.2844 0.9371
vn -0.3651 -0.0611 0.9290
vn -0.0752 0.3561 0.9314
vn -0.1386 0.3668 0.9199
vn -0.1995 0.6470 0.7360
vn 0.1225 0.7502 0.6498
vn -0.1620 0.4075 0.8987
vn 0.0235 0.6289 0.7771
vn 0.2348 0.3579 0.9038
vn -0.1637 0.8794 0.4470
vn -0.4229 0.6495 0.6319
vn -0.4462 0.6639 0.6001
vn -0.6193 0.6841 0.3853
vn -0.6515 0.6833 0.3297
vn -0.6905 0.1198 0.7134
vn -0.7503 0.3073 0.5854
vn -0.3999 -0.0074 0.9165
vn -0.5111 -0.1913 0.8380
vn -0.5022 -0.2033 0.8405
vn -0.5874 0.1275 0.7992
vn -0.7889 -0.3307 0.5180
vn -0.6420 0.2423 0.7274
vn -0.5943 0.0460 0.8029
vn -0.6322 0.0272 0.7744
vn -0.0004 0.2060 0.9786
vn -0.0016 -0.3068 0.9518
vn -0.1834 -0.2595 0.9482
vn -0.3052 -0.8771 0.3709
vn -0.2984 -0.9098 0.2884
vn -0.0114 -0.0302 0.9995
vn -0.0649 -0.0282 0.9975
vn -0.4690 -0.7583 0.4527
vn -0.2433 -0.5502 0.7988
vn -0.1337 -0.7792 0.6124
vn -0.1353 -0.3630 0.9219
vn 0.0478 -0.8605 0.5073
vn -0.2203 -0.7451 0.6294
vn 0.0778 -0.2422 0.9671
vn -0.3961 -0.7810 0.4829
vn -0.5118 -0.4639 0.7231
vn -0.2158 -0.7153 0.6647
vn -0.2127 -0.7096 0.6718
vn -0.3647 -0.4114 0.8353
vn -0.3894 -0.3911 0.8339
vn -0.0163 0.3598 0.9329
vn -0.2076 -0.1419 0.9679
vt 0.371101 0.241049
vt 0.378856 0.502830
vt 0.392333 0.386616
vt 0.389210 0.047004
vt 0.438393 0.692250
vt 0.601657 0.692473
vt 0.586875 0.654274
vt 0.701997 0.629163
vt 0.646452 0.557974
vt 0.636187 0.507723
vt 0.494571 0.369296
vt 0.663076 0.725102
vt 0.604352 0.707412
vt 0.553873 0.572322
vt 0.400343 0.200433
vt 0.319685 0.147246
vt 0.357895 0.065325
vt 0.318904 0.980860
vt 0.253588 0.901251
vt 0.092277 0.749185
vt 0.318436 0.757880
vt 0.459313 0.789522
vt 0.435749 0.309316
vt 0.430004 0.267861
vt 0.417573 0.325299
vt 0.470682 0.380741
vt 0.464841 0.494430
vt 0.288746 0.582671
vt 0.323599 0.519175
vt 0.061209 0.672695
vt 0.101408 0.666058
vt 0.101540 0.504442
vt 0.253339 0.352691
vt 0.137886 0.591233
vt 0.237609 0.626658
vt 0.200441 0.582367
vt 0.182480 0.637780
vt 0.712916 0.522810
vt 0.649386 0.620793
vt 0.639311 0.533525
vt 0.704070 0.661430
vt 0.497925 0.020299
vt 0.740924 0.724854
vt 0.648148 0.704627
vt 0.662431 0.662371
vt 0.650874 0.647575
vt 0.643475 0.684817
vt 0.624004 0.667637
vt 0.562709 0.686488
vt 0.562936 0.707206
vt 0.512794 0.710998
vt 0.519734 0.735314
vt 0.498793 0.767533
vt 0.577528 0.516126
vt 0.478146 0.539790
vt 0.476581 0.140668
vt 0.749088 0.654122
vt 0.476133 0.095606
vt 0.448718 0.111801
vt 0.405834 0.233239
vt 0.401173 0.218885
vt 0.380052 0.236405
vt 0.372583 0.139213
vt 0.354127 0.192536
vt 0.354528 0.231433
vt 0.302565 0.198852
vt 0.318326 0.223544
vt 0.356703 0.028608
vt 0.296072 0.068771
vt 0.257231 0.115718
vt 0.003593 0.621609
vt 0.458896 0.961941
vt 0.656928 0.745635
vt 0.494794 0.904168
vt 0.342918 0.947347
vt 0.348978 0.836872
vt 0.291524 0.825092
vt 0.272624 0.824629
vt 0.287162 0.793372
vt 0.201856 0.749450
vt 0.257248 0.801353
vt 0.227364 0.739169
vt 0.251497 0.774809
vt 0.452182 0.857699
vt 0.474843 0.773070
vt 0.476185 0.301522
vt 0.444607 0.318957
vt 0.415212 0.258102
vt 0.430849 0.284116
vt 0.410286 0.282135
vt 0.474967 0.486622
vt 0.445563 0.444440
vt 0.425054 0.438148
vt 0.427507 0.481902
vt 0.400007 0.486476
vt 0.389353 0.481927
vt 0.431372 0.403989
vt 0.346577 0.420769
vt 0.362092 0.508774
vt 0.296868 0.454994
vt 0.266633 0.483365
vt 0.370209 0.290523
vt 0.316159 0.317769
vt 0.362201 0.324658
vt 0.304113 0.708002
vt 0.331245 0.738002
vt 0.347930 0.718489
vt 0.275679 0.615290
vt 0.245540 0.530122
vt 0.347905 0.557803
vt 0.356882 0.596841
vt 0.371307 0.538501
vt 0.437865 0.521129
vt 0.473410 0.519464
vt 0.474374 0.650768
vt 0.488622 0.611374
vt 0.097719 0.644998
vt 0.119585 0.685020
vt 0.079028 0.699902
vt 0.094333 0.692162
vt 0.123063 0.704866
vt 0.080705 0.545409
vt 0.071275 0.516061
vt 0.251774 0.302289
vt 0.078854 0.620640
vt 0.124232 0.617872
vt 0.229009 0.511677
vt 0.213620 0.599541
vt 0.146591 0.649023
vt 0.175247 0.669513
vt 0.746916 0.573185
vt 0.494183 0.176644
vt 0.736739 0.545740
vt 0.499372 0.216578
vt 0.497937 0.131591
vt 0.742137 0.618326
vt 0.712572 0.581832
vt 0.685698 0.612494
vt 0.673975 0.567862
vt 0.679786 0.638270
vt 0.656776 0.601776
vt 0.622240 0.615363
vt 0.621427 0.597455
vt 0.621997 0.564674
vt 0.674906 0.504042
vt 0.492872 0.324562
vt 0.670584 0.529589
vt 0.700426 0.546100
vt 0.719573 0.649382
vt 0.737275 0.670308
vt 0.499475 0.073140
vt 0.719364 0.677721
vt 0.698120 0.692141
vt 0.743088 0.701005
vt 0.498143 0.045529
vt 0.720117 0.708943
vt 0.723344 0.736713
vt 0.498491 0.967970
vt 0.698672 0.715951
vt 0.685021 0.699683
vt 0.664248 0.691156
vt 0.675911 0.716564
vt 0.681086 0.735672
vt 0.647062 0.729149
vt 0.637169 0.743268
vt 0.498590 0.887648
vt 0.628726 0.699042
vt 0.678717 0.675272
vt 0.642643 0.667542
vt 0.610319 0.623137
vt 0.621292 0.649911
vt 0.619030 0.685481
vt 0.604816 0.668677
vt 0.585565 0.678105
vt 0.567755 0.665744
vt 0.565420 0.635672
vt 0.619847 0.723140
vt 0.615557 0.742634
vt 0.500000 0.867203
vt 0.596878 0.748092
vt 0.496039 0.848971
vt 0.595190 0.729967
vt 0.581213 0.718650
vt 0.572040 0.745321
vt 0.498139 0.823264
vt 0.558796 0.734276
vt 0.582767 0.698515
vt 0.547034 0.748591
vt 0.492866 0.786896
vt 0.533976 0.686070
vt 0.531280 0.639517
vt 0.539083 0.661221
vt 0.518670 0.680585
vt 0.498609 0.679755
vt 0.512291 0.657715
vt 0.497883 0.389855
vt 0.614456 0.511349
vt 0.602982 0.539226
vt 0.591627 0.603424
vt 0.592144 0.624825
vt 0.586096 0.568914
vt 0.527294 0.558320
vt 0.564849 0.609027
vt 0.531070 0.595526
vt 0.510295 0.606127
vt 0.499187 0.454097
vt 0.544632 0.511720
vt 0.556401 0.538360
vt 0.520293 0.528492
vt 0.498830 0.480170
vt 0.499753 0.513480
vt 0.750000 0.717783
vt 0.438000 0.037299
vt 0.467363 0.055233
vt 0.430431 0.070543
vt 0.398363 0.110292
vt 0.393052 0.071108
vt 0.431174 0.998732
vt 0.430694 0.010297
vt 0.396883 0.007681
vt 0.402985 0.992439
vt 0.467547 0.173466
vt 0.745539 0.514557
vt 0.490216 0.224006
vt 0.454374 0.199340
vt 0.746594 0.503554
vt 0.486477 0.242796
vt 0.463171 0.239414
vt 0.471710 0.223938
vt 0.444204 0.218280
vt 0.440162 0.209706
vt 0.432118 0.220252
vt 0.417219 0.207698
vt 0.426121 0.194795
vt 0.426542 0.233802
vt 0.432204 0.252507
vt 0.420608 0.245435
vt 0.407158 0.246844
vt 0.412284 0.223689
vt 0.398128 0.252102
vt 0.390138 0.238299
vt 0.399132 0.211752
vt 0.383995 0.213778
vt 0.425597 0.129505
vt 0.435743 0.159352
vt 0.405146 0.161773
vt 0.384358 0.166512
vt 0.347823 0.149725
vt 0.369188 0.208304
vt 0.321708 0.174383
vt 0.270145 0.248125
vt 0.270659 0.209069
vt 0.000000 0.520545
vt 0.261689 0.223144
vt 0.000672 0.531409
vt 0.290498 0.147118
vt 0.255029 0.184776
vt 0.001471 0.568542
vt 0.273560 0.170801
vt 0.256984 0.148967
vt 0.004526 0.601413
vt 0.390066 0.022969
vt 0.367248 0.090100
vt 0.351652 0.109438
vt 0.314109 0.121875
vt 0.327333 0.079086
vt 0.002564 0.642629
vt 0.262204 0.090145
vt 0.289262 0.113086
vt 0.323968 0.012587
vt 0.320943 0.999037
vt 0.324988 0.039647
vt 0.273817 0.048382
vt 0.747754 0.745608
vt 0.479875 0.003906
vt 0.480278 0.990227
vt 0.440118 0.935391
vt 0.482570 0.953479
vt 0.690832 0.743720
vt 0.496770 0.940822
vt 0.386919 0.975616
vt 0.377151 0.953268
vt 0.432468 0.911229
vt 0.377817 0.927588
vt 0.421047 0.884267
vt 0.674495 0.748813
vt 0.488875 0.922185
vt 0.466992 0.933779
vt 0.454928 0.905004
vt 0.475223 0.895520
vt 0.450732 0.881165
vt 0.366513 0.003906
vt 0.368678 0.997201
vt 0.344566 0.004163
vt 0.348720 0.987818
vt 0.292783 0.015500
vt 0.289179 0.997584
vt 0.270080 0.000318
vt 0.277223 0.979774
vt 0.258263 0.991436
vt 0.256674 0.021777
vt 0.009389 0.741307
vt 0.297835 0.948076
vt 0.260993 0.946192
vt 0.044508 0.748559
vt 0.274238 0.906616
vt 0.304705 0.905626
vt 0.326108 0.919489
vt 0.335484 0.883663
vt 0.359683 0.906295
vt 0.330558 0.861203
vt 0.322507 0.828185
vt 0.288576 0.883461
vt 0.301454 0.853726
vt 0.269167 0.866655
vt 0.253902 0.836840
vt 0.167782 0.749134
vt 0.318257 0.788181
vt 0.267422 0.768179
vt 0.291597 0.736515
vt 0.352672 0.805784
vt 0.358616 0.773295
vt 0.479890 0.854051
vt 0.491546 0.875263
vt 0.473023 0.869826
vt 0.434172 0.850972
vt 0.443273 0.817855
vt 0.459352 0.830343
vt 0.478131 0.802829
vt 0.370245 0.872046
vt 0.400860 0.857277
vt 0.381009 0.831891
vt 0.413959 0.831938
vt 0.422569 0.809545
vt 0.385460 0.801092
vt 0.394489 0.778434
vt 0.436323 0.779028
vt 0.464802 0.751041
vt 0.488300 0.736827
vt 0.478065 0.270484
vt 0.467635 0.291315
vt 0.451332 0.298574
vt 0.446740 0.277180
vt 0.444004 0.255561
vt 0.475606 0.342431
vt 0.453733 0.353388
vt 0.414692 0.355283
vt 0.391895 0.317712
vt 0.414364 0.271482
vt 0.415654 0.316047
vt 0.392590 0.303646
vt 0.399153 0.263232
vt 0.394693 0.272993
vt 0.383199 0.258705
vt 0.581868 0.501906
vt 0.490113 0.412673
vt 0.464560 0.406829
vt 0.457166 0.437629
vt 0.533203 0.500000
vt 0.484833 0.456082
vt 0.489828 0.487105
vt 0.443212 0.497045
vt 0.472384 0.458232
vt 0.450746 0.474444
vt 0.436200 0.467392
vt 0.419527 0.465390
vt 0.431275 0.505964
vt 0.417800 0.503741
vt 0.416194 0.488992
vt 0.403335 0.470793
vt 0.400316 0.497024
vt 0.385543 0.448616
vt 0.434990 0.379111
vt 0.436611 0.425116
vt 0.404897 0.437710
vt 0.404152 0.422327
vt 0.384061 0.415218
vt 0.356866 0.390891
vt 0.320052 0.392425
vt 0.378281 0.438820
vt 0.370065 0.470702
vt 0.359865 0.490437
vt 0.357126 0.464656
vt 0.325431 0.488852
vt 0.330496 0.455556
vt 0.291490 0.496278
vt 0.260115 0.453053
vt 0.195329 0.500736
vt 0.237185 0.495693
vt 0.255017 0.479076
vt 0.284755 0.373051
vt 0.306928 0.416291
vt 0.277491 0.415468
vt 0.254031 0.415830
vt 0.166609 0.501997
vt 0.363912 0.268530
vt 0.353345 0.268836
vt 0.362831 0.306373
vt 0.337072 0.257099
vt 0.324606 0.289092
vt 0.369915 0.354461
vt 0.341234 0.346146
vt 0.315764 0.364699
vt 0.297220 0.342385
vt 0.264331 0.383134
vt 0.287604 0.293157
vt 0.260329 0.283444
vt 0.295144 0.258484
vt 0.266068 0.720484
vt 0.282210 0.649390
vt 0.270263 0.672614
vt 0.300359 0.678895
vt 0.317840 0.654167
vt 0.336203 0.625541
vt 0.356194 0.646556
vt 0.344868 0.687271
vt 0.381273 0.672708
vt 0.376775 0.713161
vt 0.257296 0.625909
vt 0.249211 0.597396
vt 0.252109 0.567887
vt 0.317757 0.552398
vt 0.261387 0.524211
vt 0.269990 0.543422
vt 0.291364 0.541240
vt 0.271758 0.512908
vt 0.305389 0.619064
vt 0.324880 0.590157
vt 0.391541 0.607565
vt 0.378228 0.577012
vt 0.403231 0.557994
vt 0.412091 0.580855
vt 0.395631 0.529911
vt 0.396669 0.542675
vt 0.388766 0.509117
vt 0.401540 0.507256
vt 0.404860 0.521862
vt 0.422628 0.533444
vt 0.420167 0.521427
vt 0.414427 0.542324
vt 0.423696 0.547859
vt 0.437408 0.537561
vt 0.459091 0.518297
vt 0.424022 0.624215
vt 0.457775 0.616289
vt 0.446227 0.585188
vt 0.485894 0.573519
vt 0.398354 0.747378
vt 0.372764 0.751864
vt 0.406082 0.669514
vt 0.405334 0.714579
vt 0.425478 0.746040
vt 0.388902 0.637018
vt 0.437785 0.660816
vt 0.463827 0.687323
vt 0.440431 0.718172
vt 0.034473 0.732215
vt 0.043069 0.711288
vt 0.026853 0.679410
vt 0.252737 0.074425
vt 0.007623 0.677248
vt 0.032635 0.639080
vt 0.055758 0.634522
vt 0.025567 0.658128
vt 0.070421 0.645792
vt 0.108199 0.622397
vt 0.086599 0.681088
vt 0.122764 0.656232
vt 0.136564 0.667290
vt 0.065419 0.735675
vt 0.082833 0.708562
vt 0.090558 0.732335
vt 0.117412 0.734817
vt 0.253785 0.194511
vt 0.001413 0.554438
vt 0.027479 0.580578
vt 0.250265 0.208713
vt 0.007477 0.547378
vt 0.022118 0.569257
vt 0.064392 0.558152
vt 0.062168 0.579384
vt 0.032048 0.605853
vt 0.028850 0.551505
vt 0.256475 0.263672
vt 0.011883 0.501620
vt 0.015964 0.524375
vt 0.045145 0.520496
vt 0.250276 0.296246
vt 0.050108 0.510064
vt 0.040985 0.539534
vt 0.046435 0.565392
vt 0.059304 0.535396
vt 0.071094 0.501064
vt 0.270954 0.325410
vt 0.107066 0.522005
vt 0.118886 0.556618
vt 0.082114 0.599986
vt 0.097354 0.602957
vt 0.103998 0.578340
vt 0.113196 0.574943
vt 0.118483 0.589930
vt 0.147655 0.608477
vt 0.156831 0.626256
vt 0.133523 0.572491
vt 0.143893 0.575708
vt 0.154507 0.597087
vt 0.162478 0.587131
vt 0.170877 0.604406
vt 0.251478 0.388915
vt 0.144363 0.515528
vt 0.197304 0.512430
vt 0.138145 0.542954
vt 0.169731 0.542102
vt 0.187546 0.552680
vt 0.171364 0.558143
vt 0.204856 0.523192
vt 0.208995 0.539536
vt 0.203563 0.565394
vt 0.176621 0.518358
vt 0.247007 0.555469
vt 0.223666 0.542155
vt 0.180444 0.574603
vt 0.224089 0.580902
vt 0.122496 0.714465
vt 0.139647 0.729688
vt 0.143295 0.684926
vt 0.151619 0.712214
vt 0.169503 0.695675
vt 0.250000 0.861624
vt 0.152338 0.743310
vt 0.189900 0.729046
vt 0.124884 0.643263
vt 0.163801 0.659130
vt 0.185603 0.652799
vt 0.155449 0.672932
vt 0.189190 0.677169
vt 0.196682 0.654373
vt 0.214518 0.647745
vt 0.196069 0.618260
vt 0.226157 0.675870
vt 0.194194 0.710320
vt 0.216096 0.710572
vt 0.247197 0.680343
vt 0.546522 0.635398
vt 0.453108 0.243513
vt 0.437762 0.238160
vt 0.484263 0.832514
vt 0.724123 0.501252
vt 0.494346 0.275199
vt 0.384822 0.527041
vt 0.447186 0.552605
vt 0.482963 0.713777
vt 0.057400 0.683630
vt 0.105584 0.714441
vt 0.229976 0.569056
vt 0.193594 0.692244
s 0
f 196/226/1 194/223/1 486/548/1
f 121/133/2 35/38/2 194/223/2
f 194/223/3 35/38/3 486/548/3
f 121/133/4 133/148/4 35/38/4
f 121/133/5 123/137/5 133/148/5
f 120/131/6 123/137/6 121/133/6
f 134/149/7 8/8/7 122/136/7
f 8/8/8 124/138/8 123/137/8
f 8/8/9 127/141/9 124/138/9
f 127/141/10 9/9/10 125/139/10
f 129/143/11 130/144/11 9/9/11
f 131/145/12 132/147/12 10/10/12
f 35/38/13 133/148/13 132/147/13
f 132/147/14 9/9/14 37/40/14
f 10/10/15 37/40/15 174/198/15
f 10/10/16 174/198/16 173/197/16
f 52/57/17 134/149/17 122/136/17
f 149/168/18 126/140/18 38/41/18
f 38/41/19 126/140/19 8/8/19
f 186/212/20 39/43/20 138/154/20
f 138/154/21 139/156/21 136/152/21
f 39/43/22 237/274/22 140/157/22
f 140/157/23 139/156/23 39/43/23
f 140/157/24 141/159/24 139/156/24
f 141/159/25 145/163/25 144/162/25
f 139/156/26 137/153/26 136/152/26
f 141/159/27 137/153/27 139/156/27
f 141/159/28 144/162/28 142/160/28
f 141/159/29 142/160/29 137/153/29
f 11/12/30 40/44/30 143/161/30
f 145/163/31 66/73/31 11/12/31
f 11/12/32 66/73/32 146/164/32
f 147/165/33 159/178/33 158/177/33
f 146/164/34 147/165/34 158/177/34
f 40/44/35 43/47/35 143/161/35
f 8/8/36 126/140/36 127/141/36
f 41/45/37 42/46/37 126/140/37
f 149/168/38 41/45/38 126/140/38
f 143/161/39 41/45/39 149/168/39
f 153/172/40 44/48/40 150/169/40
f 42/46/41 128/142/41 36/39/41
f 150/169/42 152/171/42 42/46/42
f 152/171/43 154/173/43 7/7/43
f 152/171/44 7/7/44 176/200/44
f 152/171/45 44/48/45 154/173/45
f 44/48/46 153/172/46 154/173/46
f 154/173/47 6/6/47 155/174/47
f 155/174/48 45/49/48 156/175/48
f 7/7/49 156/175/49 157/176/49
f 159/178/50 161/182/50 158/177/50
f 163/184/51 162/183/51 161/182/51
f 160/180/52 163/184/52 161/182/52
f 163/184/53 164/186/53 162/183/53
f 6/6/54 165/187/54 155/174/54
f 12/13/55 162/183/55 165/187/55
f 155/174/56 46/50/56 45/49/56
f 45/49/57 46/50/57 167/190/57
f 48/52/58 47/51/58 167/190/58
f 167/190/59 47/51/59 170/193/59
f 170/193/60 47/51/60 171/194/60
f 179/203/61 157/176/61 482/544/61
f 156/175/62 169/192/62 157/176/62
f 157/176/63 169/192/63 482/544/63
f 482/544/64 169/192/64 168/191/64
f 156/175/65 45/49/65 167/190/65
f 169/192/66 167/190/66 170/193/66
f 169/192/67 170/193/67 168/191/67
f 168/191/68 170/193/68 172/195/68
f 172/195/69 170/193/69 171/194/69
f 168/191/70 172/195/70 181/205/70
f 181/205/71 172/195/71 106/116/71
f 130/144/72 174/198/72 37/40/72
f 177/201/73 183/208/73 174/198/73
f 183/208/74 49/54/74 174/198/74
f 129/143/75 177/201/75 130/144/75
f 129/143/76 128/142/76 175/199/76
f 175/199/77 176/200/77 157/176/77
f 179/203/78 13/14/78 177/201/78
f 13/14/79 180/204/79 178/202/79
f 179/203/80 180/204/80 13/14/80
f 179/203/81 168/191/81 180/204/81
f 180/204/82 393/447/82 178/202/82
f 183/208/83 182/207/83 49/54/83
f 182/207/84 185/211/84 309/359/84
f 13/14/85 178/202/85 183/208/85
f 178/202/86 50/55/86 184/209/86
f 393/447/87 50/55/87 178/202/87
f 184/209/88 50/55/88 185/211/88
f 186/213/89 237/275/89 39/42/89
f 138/155/90 187/214/90 186/213/90
f 52/58/91 187/214/91 138/155/91
f 187/214/92 188/215/92 186/213/92
f 186/213/93 191/219/93 237/275/93
f 52/58/94 53/59/94 188/215/94
f 53/59/95 213/244/95 189/216/95
f 189/216/96 57/63/96 229/264/96
f 189/216/97 229/264/97 228/263/97
f 190/217/98 228/263/98 16/17/98
f 191/219/99 227/262/99 192/220/99
f 186/213/100 188/215/100 4/4/100
f 188/215/101 190/217/101 4/4/101
f 120/132/102 51/56/102 122/135/102
f 122/135/103 51/56/103 52/58/103
f 214/245/104 213/244/104 53/59/104
f 121/134/105 194/224/105 120/132/105
f 194/224/106 198/229/106 195/225/106
f 194/224/107 195/225/107 120/132/107
f 196/227/108 199/230/108 198/229/108
f 291/340/109 483/545/109 197/228/109
f 295/344/110 484/546/110 483/545/110
f 200/231/111 203/234/111 195/225/111
f 201/232/112 202/233/112 199/230/112
f 202/233/113 14/15/113 203/234/113
f 202/233/114 55/61/114 211/242/114
f 214/245/115 203/234/115 215/246/115
f 204/235/116 208/239/116 484/546/116
f 205/236/117 204/235/117 484/546/117
f 208/239/118 54/60/118 55/61/118
f 209/240/119 210/241/119 54/60/119
f 305/354/120 56/62/120 210/241/120
f 56/62/121 1/1/121 212/243/121
f 202/233/122 211/242/122 14/15/122
f 14/15/123 218/249/123 58/64/123
f 214/245/124 215/246/124 213/244/124
f 216/247/125 57/63/125 215/246/125
f 57/63/126 216/247/126 217/248/126
f 217/248/127 15/16/127 230/265/127
f 212/243/128 1/1/128 59/65/128
f 1/1/129 343/397/129 59/65/129
f 345/399/130 354/408/130 61/67/130
f 58/64/131 61/67/131 60/66/131
f 60/66/132 220/251/132 221/252/132
f 60/66/133 221/252/133 225/259/133
f 222/254/134 419/474/134 221/252/134
f 230/265/135 223/256/135 233/269/135
f 15/16/136 219/250/136 223/256/136
f 219/250/137 225/259/137 223/256/137
f 219/250/138 60/66/138 225/259/138
f 225/259/139 224/257/139 226/260/139
f 233/269/140 226/260/140 64/70/140
f 223/256/141 225/259/141 226/260/141
f 62/68/142 252/294/142 251/292/142
f 16/17/143 235/272/143 62/68/143
f 235/272/144 234/270/144 62/68/144
f 230/265/145 233/269/145 231/266/145
f 233/269/146 63/69/146 231/266/146
f 233/269/147 232/268/147 63/69/147
f 233/269/148 64/70/148 232/268/148
f 232/268/149 236/273/149 63/69/149
f 232/268/150 406/460/150 255/301/150
f 235/272/151 253/296/151 234/270/151
f 63/69/152 236/273/152 253/296/152
f 191/218/153 65/72/153 237/276/153
f 239/278/154 247/288/154 240/280/154
f 140/158/155 239/278/155 240/280/155
f 191/218/156 192/221/156 65/72/156
f 192/221/157 241/281/157 238/277/157
f 241/281/158 242/282/158 238/277/158
f 238/277/159 244/284/159 243/283/159
f 244/284/160 262/310/160 243/283/160
f 262/310/161 281/330/161 245/285/161
f 245/285/162 281/330/162 282/331/162
f 246/287/163 249/290/163 66/74/163
f 238/277/164 243/283/164 248/289/164
f 247/288/165 248/289/165 246/287/165
f 247/288/166 238/277/166 248/289/166
f 248/289/167 250/291/167 249/290/167
f 249/290/168 250/291/168 276/325/168
f 66/74/169 249/290/169 275/324/169
f 147/166/170 275/324/170 159/179/170
f 252/295/171 242/282/171 241/281/171
f 17/18/172 67/75/172 252/295/172
f 17/18/173 256/303/173 67/75/173
f 253/297/174 17/18/174 234/271/174
f 254/299/175 256/303/175 17/18/175
f 255/300/176 257/304/176 254/299/176
f 258/306/177 259/307/177 256/303/177
f 257/304/178 258/306/178 256/303/178
f 258/306/179 265/313/179 259/307/179
f 265/313/180 266/314/180 259/307/180
f 67/75/181 262/310/181 244/284/181
f 259/307/182 261/309/182 260/308/182
f 259/307/183 263/311/183 261/309/183
f 266/314/184 263/311/184 259/307/184
f 281/330/185 68/76/185 283/332/185
f 263/311/186 266/314/186 264/312/186
f 68/76/187 264/312/187 272/321/187
f 18/19/188 468/529/188 268/316/188
f 267/315/189 70/78/189 69/77/189
f 267/315/190 268/316/190 70/78/190
f 70/78/191 268/316/191 72/81/191
f 69/77/192 70/78/192 71/79/192
f 71/79/193 270/319/193 269/318/193
f 286/335/194 272/321/194 273/322/194
f 273/322/195 96/106/195 395/449/195
f 274/323/196 160/181/196 275/324/196
f 245/285/197 74/84/197 250/291/197
f 74/84/198 274/323/198 276/325/198
f 74/84/199 279/328/199 274/323/199
f 278/327/200 279/328/200 277/326/200
f 278/327/201 280/329/201 279/328/201
f 279/328/202 280/329/202 485/547/202
f 245/285/203 282/331/203 277/326/203
f 282/331/204 284/333/204 277/326/204
f 283/332/205 284/333/205 282/331/205
f 283/332/206 286/335/206 284/333/206
f 284/333/207 278/327/207 277/326/207
f 286/335/208 287/336/208 285/334/208
f 287/336/209 394/448/209 288/337/209
f 287/336/210 395/449/210 394/448/210
f 394/448/211 398/452/211 288/337/211
f 280/329/212 166/189/212 163/185/212
f 20/22/213 75/85/213 166/189/213
f 20/22/214 166/189/214 280/329/214
f 278/327/215 20/22/215 280/329/215
f 285/334/216 288/337/216 278/327/216
f 288/337/217 289/338/217 75/85/217
f 289/338/218 290/339/218 75/85/218
f 291/340/219 197/228/219 196/227/219
f 486/549/220 131/146/220 76/86/220
f 76/86/221 291/340/221 486/549/221
f 292/341/222 77/87/222 293/342/222
f 292/341/223 293/342/223 294/343/223
f 76/86/224 77/87/224 292/341/224
f 293/342/225 21/23/225 294/343/225
f 294/343/226 79/89/226 22/24/226
f 483/545/227 294/343/227 295/344/227
f 484/546/228 295/344/228 205/236/228
f 10/11/229 24/26/229 296/345/229
f 297/346/230 322/373/230 298/347/230
f 76/86/231 296/345/231 77/87/231
f 23/25/232 301/350/232 77/87/232
f 77/87/233 301/350/233 21/23/233
f 23/25/234 299/348/234 301/350/234
f 23/25/235 298/347/235 299/348/235
f 299/348/236 347/401/236 94/104/236
f 299/348/237 94/104/237 344/398/237
f 205/236/238 22/24/238 78/88/238
f 79/89/239 80/90/239 22/24/239
f 80/90/240 300/349/240 22/24/240
f 300/349/241 303/352/241 78/88/241
f 294/343/242 21/23/242 79/89/242
f 21/23/243 301/350/243 79/89/243
f 301/350/244 80/90/244 79/89/244
f 344/398/245 92/102/245 299/348/245
f 299/348/246 92/102/246 302/351/246
f 302/351/247 92/102/247 304/353/247
f 304/353/248 303/352/248 300/349/248
f 80/90/249 304/353/249 300/349/249
f 92/102/250 342/396/250 305/354/250
f 303/352/251 210/241/251 209/240/251
f 304/353/252 305/354/252 303/352/252
f 173/196/253 306/356/253 10/11/253
f 306/356/254 24/26/254 10/11/254
f 306/356/255 307/357/255 24/26/255
f 308/358/256 323/374/256 307/357/256
f 82/92/257 83/93/257 308/358/257
f 323/374/258 87/97/258 307/357/258
f 307/357/259 322/373/259 24/26/259
f 24/26/260 322/373/260 297/346/260
f 182/206/261 309/360/261 306/356/261
f 185/210/262 310/361/262 309/360/262
f 309/360/263 310/361/263 312/363/263
f 311/362/264 313/364/264 25/27/264
f 311/362/265 84/94/265 313/364/265
f 312/363/266 82/92/266 308/358/266
f 81/91/267 313/364/267 312/363/267
f 312/363/268 313/364/268 82/92/268
f 313/364/269 314/365/269 82/92/269
f 314/365/270 315/366/270 83/93/270
f 84/94/271 315/366/271 314/365/271
f 316/367/272 84/94/272 311/362/272
f 316/367/273 318/369/273 84/94/273
f 318/369/274 320/371/274 85/95/274
f 315/366/275 85/95/275 319/370/275
f 319/370/276 86/96/276 321/372/276
f 320/371/277 381/435/277 85/95/277
f 85/95/278 381/435/278 2/2/278
f 325/376/279 3/3/279 87/97/279
f 87/97/280 3/3/280 322/373/280
f 3/3/281 298/347/281 322/373/281
f 323/374/282 83/93/282 325/376/282
f 329/380/283 88/98/283 326/377/283
f 326/377/284 327/378/284 3/3/284
f 3/3/285 327/378/285 347/401/285
f 88/98/286 334/385/286 339/392/286
f 327/378/287 328/379/287 349/403/287
f 321/372/288 332/383/288 329/380/288
f 321/372/289 330/381/289 332/383/289
f 329/380/290 332/383/290 334/385/290
f 89/99/291 333/384/291 331/382/291
f 331/382/292 332/383/292 330/381/292
f 332/383/293 333/384/293 334/385/293
f 334/385/294 333/384/294 90/100/294
f 90/100/295 335/386/295 91/101/295
f 90/100/296 91/101/296 336/387/296
f 372/426/297 337/390/297 91/101/297
f 328/379/298 338/391/298 349/403/298
f 328/379/299 339/392/299 338/391/299
f 339/392/300 90/100/300 340/393/300
f 90/100/301 336/387/301 340/393/301
f 340/393/302 336/387/302 341/394/302
f 340/393/303 341/394/303 351/405/303
f 351/405/304 341/394/304 449/509/304
f 351/405/305 449/509/305 30/33/305
f 1/1/306 342/396/306 343/397/306
f 92/102/307 343/397/307 342/396/307
f 344/398/308 343/397/308 92/102/308
f 344/398/309 346/400/309 343/397/309
f 93/103/310 346/400/310 344/398/310
f 346/400/311 354/408/311 345/399/311
f 327/378/312 348/402/312 347/401/312
f 94/104/313 93/103/313 344/398/313
f 348/402/314 93/103/314 94/104/314
f 349/403/315 350/404/315 93/103/315
f 338/391/316 30/33/316 434/494/316
f 338/391/317 434/494/317 350/404/317
f 93/103/318 352/406/318 346/400/318
f 352/406/319 353/407/319 354/408/319
f 220/251/320 353/407/320 427/484/320
f 73/82/321 355/409/321 270/319/321
f 73/82/322 481/543/322 355/409/322
f 481/543/323 357/411/323 355/409/323
f 357/411/324 358/412/324 95/105/324
f 32/35/325 365/419/325 357/411/325
f 365/419/326 98/108/326 356/410/326
f 98/108/327 373/427/327 356/410/327
f 356/410/328 373/427/328 359/413/328
f 359/413/329 360/414/329 361/415/329
f 361/415/330 375/429/330 399/453/330
f 361/415/331 399/453/331 363/417/331
f 362/416/332 361/415/332 363/417/332
f 95/105/333 362/416/333 97/107/333
f 97/107/334 362/416/334 364/418/334
f 362/416/335 363/417/335 364/418/335
f 97/107/336 364/418/336 395/449/336
f 366/420/337 98/108/337 365/419/337
f 366/420/338 26/28/338 98/108/338
f 367/421/339 26/28/339 366/420/339
f 371/425/340 368/422/340 26/28/340
f 368/422/341 374/428/341 26/28/341
f 26/28/342 374/428/342 373/427/342
f 459/520/343 370/424/343 367/421/343
f 99/109/344 369/423/344 459/520/344
f 459/520/345 369/423/345 370/424/345
f 370/424/346 371/425/346 367/421/346
f 337/390/347 372/426/347 369/423/347
f 91/101/348 335/386/348 372/426/348
f 335/386/349 27/29/349 371/425/349
f 27/29/350 100/110/350 368/422/350
f 331/382/351 2/2/351 89/99/351
f 89/99/352 487/550/352 102/112/352
f 374/428/353 101/111/353 360/414/353
f 100/110/354 101/111/354 374/428/354
f 376/430/355 375/429/355 101/111/355
f 376/430/356 378/432/356 375/429/356
f 378/432/357 377/431/357 392/446/357
f 377/431/358 488/551/358 392/446/358
f 375/429/359 378/432/359 390/444/359
f 102/112/360 377/431/360 100/110/360
f 2/2/361 381/435/361 487/550/361
f 382/436/362 383/437/362 381/435/362
f 381/435/363 320/371/363 382/436/363
f 381/435/364 383/437/364 379/433/364
f 383/437/365 382/436/365 317/368/365
f 383/437/366 317/368/366 385/439/366
f 385/439/367 317/368/367 316/367/367
f 387/441/368 488/551/368 377/431/368
f 383/437/369 384/438/369 379/433/369
f 386/440/370 384/438/370 388/442/370
f 387/441/371 388/442/371 488/551/371
f 388/442/372 104/114/372 488/551/372
f 488/551/373 50/55/373 393/447/373
f 384/438/374 103/113/374 389/443/374
f 311/362/375 25/27/375 389/443/375
f 388/442/376 389/443/376 104/114/376
f 104/114/377 310/361/377 185/211/377
f 104/114/378 185/211/378 50/55/378
f 392/446/379 393/447/379 391/445/379
f 106/116/380 393/447/380 181/205/380
f 364/418/381 397/451/381 394/448/381
f 5/5/382 402/456/382 397/451/382
f 397/451/383 398/452/383 394/448/383
f 288/337/384 398/452/384 289/338/384
f 375/429/385 390/444/385 399/453/385
f 400/454/386 5/5/386 396/450/386
f 400/454/387 401/455/387 5/5/387
f 391/445/388 105/115/388 400/454/388
f 391/445/389 106/116/389 105/115/389
f 105/115/390 172/195/390 171/194/390
f 402/456/391 289/338/391 398/452/391
f 5/5/392 401/455/392 402/456/392
f 401/455/393 489/552/393 402/456/393
f 489/552/394 171/194/394 47/51/394
f 489/552/395 47/51/395 290/339/395
f 289/338/396 489/552/396 290/339/396
f 255/302/397 406/461/397 403/457/397
f 406/461/398 404/458/398 403/457/398
f 404/458/399 490/553/399 109/119/399
f 403/457/400 404/458/400 415/470/400
f 409/464/401 405/459/401 406/461/401
f 64/71/402 425/482/402 232/267/402
f 232/267/403 407/462/403 406/461/403
f 425/482/404 407/462/404 232/267/404
f 407/462/405 408/463/405 409/464/405
f 410/465/406 28/30/406 408/463/406
f 409/464/407 28/30/407 405/459/407
f 408/463/408 28/30/408 409/464/408
f 28/30/409 110/120/409 490/553/409
f 412/467/410 110/120/410 28/30/410
f 408/463/411 114/125/411 107/117/411
f 107/117/412 413/468/412 29/31/412
f 107/117/413 114/125/413 470/532/413
f 114/125/414 411/466/414 470/532/414
f 107/117/415 470/532/415 413/468/415
f 413/468/416 414/469/416 29/31/416
f 257/305/417 415/470/417 18/20/417
f 415/470/418 416/471/418 417/472/418
f 404/458/419 416/471/419 415/470/419
f 490/553/420 110/120/420 109/119/420
f 109/119/421 416/471/421 404/458/421
f 109/119/422 491/554/422 417/472/422
f 109/119/423 417/472/423 416/471/423
f 418/473/424 111/121/424 463/524/424
f 18/20/425 418/473/425 468/530/425
f 417/472/426 491/554/426 418/473/426
f 226/261/427 425/482/427 64/71/427
f 224/258/428 420/476/428 226/261/428
f 419/475/429 422/479/429 224/258/429
f 432/491/430 423/480/430 424/481/430
f 420/476/431 424/481/431 425/482/431
f 425/482/432 408/463/432 407/462/432
f 424/481/433 114/125/433 425/482/433
f 425/482/434 114/125/434 408/463/434
f 421/478/435 428/486/435 426/483/435
f 421/478/436 426/483/436 422/479/436
f 222/253/437 427/485/437 428/486/437
f 429/487/438 433/492/438 431/490/438
f 427/485/439 430/489/439 429/487/439
f 426/483/440 432/491/440 422/479/440
f 431/490/441 432/491/441 426/483/441
f 431/490/442 423/480/442 432/491/442
f 113/123/443 435/495/443 112/122/443
f 430/489/444 113/123/444 112/122/444
f 434/493/445 30/32/445 113/123/445
f 30/32/446 435/495/446 113/123/446
f 30/32/447 449/510/447 435/495/447
f 449/510/448 451/512/448 435/495/448
f 435/495/449 436/496/449 112/122/449
f 424/481/450 437/497/450 114/125/450
f 437/497/451 438/498/451 114/125/451
f 423/480/452 112/122/452 424/481/452
f 439/499/453 441/501/453 438/498/453
f 439/499/454 436/496/454 440/500/454
f 440/500/455 436/496/455 444/504/455
f 114/125/456 438/498/456 411/466/456
f 438/498/457 441/501/457 442/502/457
f 115/126/458 442/502/458 443/503/458
f 31/34/459 446/506/459 442/502/459
f 436/496/460 445/505/460 444/504/460
f 31/34/461 445/505/461 446/506/461
f 444/504/462 445/505/462 31/34/462
f 445/505/463 454/515/463 447/507/463
f 448/508/464 447/507/464 461/522/464
f 442/502/465 448/508/465 443/503/465
f 442/502/466 446/506/466 448/508/466
f 446/506/467 447/507/467 448/508/467
f 451/512/468 449/510/468 452/513/468
f 341/395/469 336/388/469 458/519/469
f 458/519/470 450/511/470 452/513/470
f 449/510/471 458/519/471 452/513/471
f 454/515/472 453/514/472 461/522/472
f 453/514/473 456/517/473 457/518/473
f 455/516/474 456/517/474 453/514/474
f 457/518/475 456/517/475 460/521/475
f 457/518/476 460/521/476 492/555/476
f 458/519/477 336/388/477 450/511/477
f 450/511/478 116/127/478 455/516/478
f 450/511/479 337/389/479 116/127/479
f 460/521/480 116/127/480 99/109/480
f 477/539/481 117/128/481 32/35/481
f 461/522/482 33/36/482 448/508/482
f 448/508/483 33/36/483 117/128/483
f 453/514/484 457/518/484 461/522/484
f 461/522/485 457/518/485 33/36/485
f 33/36/486 462/523/486 117/128/486
f 492/555/487 459/520/487 367/421/487
f 463/524/488 464/525/488 418/473/488
f 466/527/489 469/531/489 464/525/489
f 463/524/490 111/121/490 464/525/490
f 111/121/491 466/527/491 464/525/491
f 108/118/492 465/526/492 110/120/492
f 110/120/493 465/526/493 467/528/493
f 467/528/494 469/531/494 466/527/494
f 111/121/495 467/528/495 466/527/495
f 467/528/496 479/541/496 469/531/496
f 469/531/497 468/530/497 464/525/497
f 108/118/498 414/469/498 465/526/498
f 413/468/499 118/129/499 471/533/499
f 414/469/500 473/535/500 465/526/500
f 470/532/501 118/129/501 413/468/501
f 443/503/502 118/129/502 470/532/502
f 443/503/503 34/37/503 118/129/503
f 477/539/504 34/37/504 443/503/504
f 473/535/505 119/130/505 474/536/505
f 467/528/506 474/536/506 493/556/506
f 119/130/507 475/537/507 474/536/507
f 474/536/508 476/538/508 478/540/508
f 476/538/509 32/35/509 481/543/509
f 478/540/510 476/538/510 481/543/510
f 73/82/511 72/80/511 268/317/511
f 469/531/512 73/82/512 268/317/512
f 480/542/513 73/82/513 469/531/513
f 479/541/514 480/542/514 469/531/514
f 478/540/515 480/542/515 493/556/515
f 493/556/516 480/542/516 479/541/516
f 480/542/517 481/543/517 73/82/517
f 131/145/518 35/38/518 132/147/518
f 486/548/519 35/38/519 131/145/519
f 120/131/520 122/136/520 123/137/520
f 122/136/521 8/8/521 123/137/521
f 133/148/522 123/137/522 125/139/522
f 123/137/523 124/138/523 125/139/523
f 124/138/524 127/141/524 125/139/524
f 126/140/525 36/39/525 127/141/525
f 36/39/526 128/142/526 129/143/526
f 36/39/527 129/143/527 127/141/527
f 127/141/528 129/143/528 9/9/528
f 10/10/529 132/147/529 37/40/529
f 132/147/530 133/148/530 125/139/530
f 132/147/531 125/139/531 9/9/531
f 37/40/532 9/9/532 130/144/532
f 52/57/533 135/150/533 134/149/533
f 138/154/534 136/152/534 135/150/534
f 135/150/535 136/152/535 134/149/535
f 136/152/536 38/41/536 134/149/536
f 12/13/537 6/6/537 153/172/537 148/167/537
f 137/153/538 142/160/538 149/168/538
f 134/149/539 38/41/539 8/8/539
f 138/154/540 39/43/540 139/156/540
f 141/159/541 140/157/541 240/279/541
f 141/159/542 240/279/542 145/163/542
f 142/160/543 144/162/543 143/161/543
f 142/160/544 143/161/544 149/168/544
f 144/162/545 11/12/545 143/161/545
f 144/162/546 145/163/546 11/12/546
f 145/163/547 240/279/547 246/286/547
f 145/163/548 246/286/548 66/73/548
f 146/164/549 66/73/549 147/165/549
f 40/44/550 148/167/550 43/47/550
f 11/12/551 146/164/551 40/44/551
f 40/44/552 158/177/552 148/167/552
f 146/164/553 158/177/553 40/44/553
f 43/47/554 148/167/554 153/172/554
f 126/140/555 42/46/555 36/39/555
f 143/161/556 150/169/556 41/45/556
f 143/161/557 43/47/557 150/169/557
f 43/47/558 153/172/558 150/169/558
f 150/169/559 44/48/559 152/171/559
f 41/45/560 150/169/560 42/46/560
f 42/46/561 151/170/561 128/142/561
f 42/46/562 152/171/562 151/170/562
f 151/170/563 152/171/563 176/200/563
f 154/173/564 153/172/564 6/6/564
f 7/7/565 154/173/565 155/174/565
f 7/7/566 155/174/566 156/175/566
f 176/200/567 7/7/567 157/176/567
f 319/370/568 324/375/568 83/93/568 315/366/568
f 148/167/569 158/177/569 12/13/569
f 12/13/570 158/177/570 161/182/570
f 12/13/571 161/182/571 162/183/571
f 159/178/572 160/180/572 161/182/572
f 162/183/573 164/186/573 46/50/573
f 6/6/574 12/13/574 165/187/574
f 165/187/575 162/183/575 46/50/575
f 155/174/576 165/187/576 46/50/576
f 46/50/577 164/186/577 48/52/577
f 167/190/578 46/50/578 48/52/578
f 163/184/579 166/188/579 164/186/579
f 164/186/580 166/188/580 48/52/580
f 47/51/581 48/52/581 290/339/581
f 156/175/582 167/190/582 169/192/582
f 174/198/583 49/54/583 173/197/583
f 173/197/584 49/54/584 306/355/584
f 130/144/585 177/201/585 174/198/585
f 177/201/586 13/14/586 183/208/586
f 49/54/587 182/207/587 306/355/587
f 129/143/588 175/199/588 177/201/588
f 128/142/589 151/170/589 176/200/589
f 128/142/590 176/200/590 175/199/590
f 179/203/591 175/199/591 157/176/591
f 175/199/592 179/203/592 177/201/592
f 179/203/593 482/544/593 168/191/593
f 180/204/594 168/191/594 181/205/594
f 180/204/595 181/205/595 393/447/595
f 183/208/596 184/209/596 182/207/596
f 183/208/597 178/202/597 184/209/597
f 182/207/598 184/209/598 185/211/598
f 135/151/599 52/58/599 138/155/599
f 52/58/600 51/56/600 53/59/600
f 187/214/601 52/58/601 188/215/601
f 190/217/602 188/215/602 189/216/602
f 188/215/603 53/59/603 189/216/603
f 190/217/604 189/216/604 228/263/604
f 4/4/605 190/217/605 16/17/605
f 191/219/606 186/213/606 227/262/606
f 227/262/607 186/213/607 4/4/607
f 251/292/608 192/220/608 227/262/608
f 120/132/609 193/222/609 51/56/609
f 193/222/610 195/225/610 203/234/610
f 193/222/611 203/234/611 214/245/611
f 51/56/612 193/222/612 214/245/612
f 51/56/613 214/245/613 53/59/613
f 120/132/614 195/225/614 193/222/614
f 196/227/615 198/229/615 194/224/615
f 196/227/616 197/228/616 199/230/616
f 197/228/617 483/545/617 201/232/617
f 197/228/618 201/232/618 199/230/618
f 483/545/619 484/546/619 201/232/619
f 198/229/620 199/230/620 200/231/620
f 198/229/621 200/231/621 195/225/621
f 199/230/622 202/233/622 200/231/622
f 200/231/623 202/233/623 203/234/623
f 201/232/624 208/239/624 55/61/624
f 201/232/625 55/61/625 202/233/625
f 484/546/626 208/239/626 201/232/626
f 205/236/627 206/237/627 204/235/627
f 204/235/628 206/237/628 54/60/628
f 206/237/629 207/238/629 54/60/629
f 204/235/630 54/60/630 208/239/630
f 55/61/631 54/60/631 210/241/631
f 207/238/632 209/240/632 54/60/632
f 211/242/633 55/61/633 56/62/633
f 55/61/634 210/241/634 56/62/634
f 215/246/635 203/234/635 14/15/635
f 14/15/636 211/242/636 212/243/636
f 212/243/637 211/242/637 56/62/637
f 14/15/638 212/243/638 218/249/638
f 216/247/639 14/15/639 58/64/639
f 213/244/640 215/246/640 189/216/640
f 215/246/641 14/15/641 216/247/641
f 215/246/642 57/63/642 189/216/642
f 229/264/643 57/63/643 217/248/643
f 216/247/644 58/64/644 217/248/644
f 217/248/645 58/64/645 219/250/645
f 217/248/646 219/250/646 15/16/646
f 58/64/647 218/249/647 61/67/647
f 218/249/648 212/243/648 59/65/648
f 218/249/649 59/65/649 61/67/649
f 61/67/650 59/65/650 345/399/650
f 219/250/651 58/64/651 60/66/651
f 60/66/652 61/67/652 220/251/652
f 61/67/653 354/408/653 220/251/653
f 221/252/654 220/251/654 222/254/654
f 222/254/655 220/251/655 427/484/655
f 419/474/656 222/254/656 421/477/656
f 221/252/657 419/474/657 224/257/657
f 230/265/658 15/16/658 223/256/658
f 225/259/659 221/252/659 224/257/659
f 233/269/660 223/256/660 226/260/660
f 227/262/661 62/68/661 251/292/661
f 62/68/662 234/270/662 252/294/662
f 4/4/663 62/68/663 227/262/663
f 4/4/664 16/17/664 62/68/664
f 16/17/665 231/266/665 235/272/665
f 231/266/666 63/69/666 235/272/666
f 228/263/667 231/266/667 16/17/667
f 228/263/668 229/264/668 231/266/668
f 217/248/669 230/265/669 229/264/669
f 229/264/670 230/265/670 231/266/670
f 236/273/671 232/268/671 255/301/671
f 235/272/672 63/69/672 253/296/672
f 253/296/673 255/301/673 254/298/673
f 253/296/674 236/273/674 255/301/674
f 140/158/675 237/276/675 239/278/675
f 65/72/676 238/277/676 247/288/676
f 239/278/677 237/276/677 65/72/677
f 239/278/678 65/72/678 247/288/678
f 240/280/679 247/288/679 246/287/679
f 192/221/680 251/293/680 241/281/680
f 65/72/681 192/221/681 238/277/681
f 242/282/682 244/284/682 238/277/682
f 243/283/683 262/310/683 245/285/683
f 246/287/684 248/289/684 249/290/684
f 250/291/685 243/283/685 245/285/685
f 248/289/686 243/283/686 250/291/686
f 275/324/687 249/290/687 276/325/687
f 147/166/688 66/74/688 275/324/688
f 251/293/689 252/295/689 241/281/689
f 252/295/690 67/75/690 242/282/690
f 234/271/691 17/18/691 252/295/691
f 242/282/692 67/75/692 244/284/692
f 253/297/693 254/299/693 17/18/693
f 254/299/694 257/304/694 256/303/694
f 256/303/695 259/307/695 260/308/695
f 257/304/696 18/19/696 258/306/696
f 18/19/697 267/315/697 258/306/697
f 258/306/698 267/315/698 265/313/698
f 67/75/699 260/308/699 262/310/699
f 256/303/700 260/308/700 67/75/700
f 260/308/701 261/309/701 262/310/701
f 262/310/702 261/309/702 281/330/702
f 281/330/703 261/309/703 263/311/703
f 281/330/704 263/311/704 68/76/704
f 68/76/705 263/311/705 264/312/705
f 283/332/706 68/76/706 272/321/706
f 283/332/707 272/321/707 286/335/707
f 266/314/708 265/313/708 267/315/708
f 266/314/709 267/315/709 69/77/709
f 267/315/710 18/19/710 268/316/710
f 264/312/711 266/314/711 69/77/711
f 264/312/712 69/77/712 269/318/712
f 269/318/713 69/77/713 71/79/713
f 71/79/714 70/78/714 72/81/714
f 270/319/715 72/81/715 73/83/715
f 71/79/716 72/81/716 270/319/716
f 269/318/717 270/319/717 19/21/717
f 19/21/718 270/319/718 271/320/718
f 272/321/719 264/312/719 269/318/719
f 273/322/720 269/318/720 19/21/720
f 272/321/721 269/318/721 273/322/721
f 273/322/722 19/21/722 96/106/722
f 275/324/723 160/181/723 159/179/723
f 276/325/724 274/323/724 275/324/724
f 250/291/725 74/84/725 276/325/725
f 245/285/726 277/326/726 74/84/726
f 74/84/727 277/326/727 279/328/727
f 274/323/728 485/547/728 160/181/728
f 160/181/729 485/547/729 163/185/729
f 274/323/730 279/328/730 485/547/730
f 485/547/731 280/329/731 163/185/731
f 281/330/732 283/332/732 282/331/732
f 284/333/733 286/335/733 285/334/733
f 284/333/734 285/334/734 278/327/734
f 285/334/735 287/336/735 288/337/735
f 286/335/736 273/322/736 287/336/736
f 273/322/737 395/449/737 287/336/737
f 278/327/738 288/337/738 20/22/738
f 20/22/739 288/337/739 75/85/739
f 166/189/740 75/85/740 290/339/740
f 166/189/741 290/339/741 48/53/741
f 486/549/742 291/340/742 196/227/742
f 291/340/743 76/86/743 292/341/743
f 293/342/744 77/87/744 21/23/744
f 483/545/745 291/340/745 294/343/745
f 291/340/746 292/341/746 294/343/746
f 295/344/747 294/343/747 22/24/747
f 131/146/748 296/345/748 76/86/748
f 131/146/749 10/11/749 296/345/749
f 296/345/750 24/26/750 297/346/750
f 296/345/751 297/346/751 77/87/751
f 77/87/752 297/346/752 298/347/752
f 77/87/753 298/347/753 23/25/753
f 347/401/754 298/347/754 3/3/754
f 301/350/755 299/348/755 302/351/755
f 299/348/756 298/347/756 347/401/756
f 295/344/757 22/24/757 205/236/757
f 205/236/758 78/88/758 206/237/758
f 22/24/759 300/349/759 78/88/759
f 206/237/760 78/88/760 207/238/760
f 78/88/761 209/240/761 207/238/761
f 80/90/762 302/351/762 304/353/762
f 301/350/763 302/351/763 80/90/763
f 78/88/764 303/352/764 209/240/764
f 304/353/765 92/102/765 305/354/765
f 303/352/766 305/354/766 210/241/766
f 305/354/767 1/1/767 56/62/767
f 306/356/768 308/358/768 307/357/768
f 307/357/769 87/97/769 322/373/769
f 306/356/770 309/360/770 308/358/770
f 309/360/771 312/363/771 308/358/771
f 310/361/772 81/91/772 312/363/772
f 25/27/773 313/364/773 81/91/773
f 149/168/774 38/41/774 136/152/774 137/153/774
f 313/364/775 84/94/775 314/365/775
f 82/92/776 314/365/776 83/93/776
f 81/91/777 104/114/777 389/443/777 25/27/777
f 316/367/778 317/368/778 318/369/778
f 320/371/779 317/368/779 382/436/779
f 318/369/780 317/368/780 320/371/780
f 84/94/781 318/369/781 85/95/781
f 315/366/782 84/94/782 85/95/782
f 319/370/783 85/95/783 86/96/783
f 86/96/784 85/95/784 2/2/784
f 330/381/785 86/96/785 331/382/785
f 321/372/786 86/96/786 330/381/786
f 324/375/787 319/370/787 321/372/787
f 323/374/788 325/376/788 87/97/788
f 323/374/789 308/358/789 83/93/789
f 325/376/790 83/93/790 324/375/790
f 325/376/791 326/377/791 3/3/791
f 325/376/792 324/375/792 329/380/792
f 329/380/793 324/375/793 321/372/793
f 325/376/794 329/380/794 326/377/794
f 327/378/795 326/377/795 88/98/795
f 328/379/796 88/98/796 339/392/796
f 327/378/797 88/98/797 328/379/797
f 88/98/798 329/380/798 334/385/798
f 86/96/799 2/2/799 331/382/799
f 331/382/800 333/384/800 332/383/800
f 339/392/801 334/385/801 90/100/801
f 90/100/802 333/384/802 335/386/802
f 91/101/803 337/390/803 336/387/803
f 338/391/804 339/392/804 340/393/804
f 338/391/805 340/393/805 351/405/805
f 305/354/806 342/396/806 1/1/806
f 59/65/807 343/397/807 345/399/807
f 343/397/808 346/400/808 345/399/808
f 347/401/809 348/402/809 94/104/809
f 327/378/810 349/403/810 348/402/810
f 348/402/811 349/403/811 93/103/811
f 350/404/812 434/494/812 93/103/812
f 349/403/813 338/391/813 350/404/813
f 338/391/814 351/405/814 30/33/814
f 346/400/815 352/406/815 354/408/815
f 93/103/816 434/494/816 352/406/816
f 352/406/817 434/494/817 353/407/817
f 434/494/818 113/124/818 353/407/818
f 353/407/819 113/124/819 430/488/819
f 427/484/820 353/407/820 430/488/820
f 354/408/821 353/407/821 220/251/821
f 271/320/822 355/409/822 95/105/822
f 270/319/823 355/409/823 271/320/823
f 355/409/824 357/411/824 95/105/824
f 271/320/825 95/105/825 96/106/825
f 19/21/826 271/320/826 96/106/826
f 481/543/827 32/35/827 357/411/827
f 357/411/828 365/419/828 356/410/828
f 357/411/829 356/410/829 358/412/829
f 358/412/830 356/410/830 359/413/830
f 358/412/831 359/413/831 362/416/831
f 362/416/832 359/413/832 361/415/832
f 359/413/833 373/427/833 360/414/833
f 96/106/834 95/105/834 97/107/834
f 95/105/835 358/412/835 362/416/835
f 395/449/836 96/106/836 97/107/836
f 367/421/837 371/425/837 26/28/837
f 98/108/838 26/28/838 373/427/838
f 369/423/839 372/426/839 370/424/839
f 372/426/840 371/425/840 370/424/840
f 372/426/841 335/386/841 371/425/841
f 335/386/842 333/384/842 27/29/842
f 371/425/843 27/29/843 368/422/843
f 333/384/844 89/99/844 27/29/844
f 27/29/845 89/99/845 102/112/845
f 89/99/846 2/2/846 487/550/846
f 27/29/847 102/112/847 100/110/847
f 373/427/848 374/428/848 360/414/848
f 368/422/849 100/110/849 374/428/849
f 100/110/850 376/430/850 101/111/850
f 360/414/851 101/111/851 361/415/851
f 361/415/852 101/111/852 375/429/852
f 376/430/853 377/431/853 378/432/853
f 390/444/854 378/432/854 392/446/854
f 100/110/855 377/431/855 376/430/855
f 102/112/856 380/434/856 377/431/856
f 102/112/857 487/550/857 380/434/857
f 487/550/858 379/433/858 386/440/858
f 379/433/859 384/438/859 386/440/859
f 487/550/860 386/440/860 380/434/860
f 487/550/861 381/435/861 379/433/861
f 384/438/862 385/439/862 103/113/862
f 103/113/863 385/439/863 316/367/863
f 380/434/864 387/441/864 377/431/864
f 380/434/865 386/440/865 387/441/865
f 384/438/866 383/437/866 385/439/866
f 387/441/867 386/440/867 388/442/867
f 488/551/868 104/114/868 50/55/868
f 392/446/869 488/551/869 393/447/869
f 388/442/870 384/438/870 389/443/870
f 103/113/871 316/367/871 311/362/871
f 103/113/872 311/362/872 389/443/872
f 104/114/873 81/91/873 310/361/873
f 390/444/874 392/446/874 391/445/874
f 391/445/875 393/447/875 106/116/875
f 364/418/876 394/448/876 395/449/876
f 364/418/877 363/417/877 397/451/877
f 363/417/878 396/450/878 397/451/878
f 396/450/879 5/5/879 397/451/879
f 397/451/880 402/456/880 398/452/880
f 399/453/881 390/444/881 396/450/881
f 399/453/882 396/450/882 363/417/882
f 396/450/883 390/444/883 400/454/883
f 400/454/884 105/115/884 401/455/884
f 390/444/885 391/445/885 400/454/885
f 105/115/886 106/116/886 172/195/886
f 401/455/887 105/115/887 171/194/887
f 401/455/888 171/194/888 489/552/888
f 289/338/889 402/456/889 489/552/889
f 257/305/890 255/302/890 403/457/890
f 406/461/891 405/459/891 404/458/891
f 404/458/892 405/459/892 490/553/892
f 257/305/893 403/457/893 415/470/893
f 406/461/894 407/462/894 409/464/894
f 405/459/895 28/30/895 490/553/895
f 28/30/896 29/31/896 412/467/896
f 410/465/897 408/463/897 107/117/897
f 28/30/898 410/465/898 29/31/898
f 410/465/899 107/117/899 29/31/899
f 412/467/900 29/31/900 108/118/900
f 412/467/901 108/118/901 110/120/901
f 29/31/902 414/469/902 108/118/902
f 18/20/903 415/470/903 417/472/903
f 109/119/904 111/121/904 491/554/904
f 110/120/905 111/121/905 109/119/905
f 418/473/906 491/554/906 111/121/906
f 18/20/907 417/472/907 418/473/907
f 224/258/908 422/479/908 420/476/908
f 419/475/909 421/478/909 422/479/909
f 226/261/910 420/476/910 425/482/910
f 422/479/911 424/481/911 420/476/911
f 422/479/912 432/491/912 424/481/912
f 428/486/913 431/490/913 426/483/913
f 222/255/914 428/486/914 421/478/914
f 428/486/915 429/487/915 431/490/915
f 428/486/916 427/485/916 429/487/916
f 429/487/917 430/489/917 433/492/917
f 431/490/918 433/492/918 423/480/918
f 433/492/919 112/122/919 423/480/919
f 433/492/920 430/489/920 112/122/920
f 112/122/921 436/496/921 439/499/921
f 436/496/922 435/495/922 451/512/922
f 112/122/923 439/499/923 424/481/923
f 437/497/924 424/481/924 439/499/924
f 437/497/925 439/499/925 438/498/925
f 440/500/926 444/504/926 441/501/926
f 439/499/927 440/500/927 441/501/927
f 438/498/928 442/502/928 411/466/928
f 115/126/929 411/466/929 442/502/929
f 442/502/930 441/501/930 31/34/930
f 441/501/931 444/504/931 31/34/931
f 446/506/932 445/505/932 447/507/932
f 447/507/933 454/515/933 461/522/933
f 443/503/934 448/508/934 477/539/934
f 445/505/935 436/496/935 451/512/935
f 445/505/936 451/512/936 454/515/936
f 458/519/937 449/510/937 341/395/937
f 452/513/938 450/511/938 455/516/938
f 454/515/939 451/512/939 452/513/939
f 453/514/940 452/513/940 455/516/940
f 454/515/941 452/513/941 453/514/941
f 450/511/942 336/388/942 337/389/942
f 456/517/943 455/516/943 460/521/943
f 460/521/944 455/516/944 116/127/944
f 99/109/945 337/390/945 369/423/945
f 116/127/946 337/390/946 99/109/946
f 492/555/947 460/521/947 459/520/947
f 460/521/948 99/109/948 459/520/948
f 477/539/949 448/508/949 117/128/949
f 33/36/950 457/518/950 462/523/950
f 462/523/951 457/518/951 492/555/951
f 117/128/952 462/523/952 366/420/952
f 462/523/953 492/555/953 367/421/953
f 366/420/954 462/523/954 367/421/954
f 32/35/955 117/128/955 366/420/955
f 32/35/956 366/420/956 365/419/956
f 418/473/957 464/525/957 468/530/957
f 111/121/958 110/120/958 467/528/958
f 468/530/959 469/531/959 268/317/959
f 414/469/960 413/468/960 471/533/960
f 473/535/961 414/469/961 471/533/961
f 411/466/962 115/126/962 470/532/962
f 115/126/963 443/503/963 470/532/963
f 118/129/964 34/37/964 471/533/964
f 471/533/965 34/37/965 472/534/965
f 465/526/966 473/535/966 474/536/966
f 467/528/967 465/526/967 474/536/967
f 473/535/968 471/533/968 119/130/968
f 119/130/969 471/533/969 472/534/969
f 493/556/970 474/536/970 478/540/970
f 119/130/971 472/534/971 475/537/971
f 472/534/972 34/37/972 475/537/972
f 475/537/973 34/37/973 476/538/973
f 474/536/974 475/537/974 476/538/974
f 476/538/975 34/37/975 477/539/975
f 476/538/976 477/539/976 32/35/976
f 479/541/977 467/528/977 493/556/977
f 478/540/978 481/543/978 480/542/978
o mesh_1
v -17.641375 -55.286179 -132.456436
v -25.233316 -55.957279 -51.064224
v -20.211596 -9.927998 -33.587032
v -20.207035 -17.454149 -133.244629
v 15.370723 -39.092239 -41.364109
v 4.180865 -9.921905 -133.292648
v 19.106218 -55.390842 -131.562195
v 20.177841 -30.842440 -120.950294
v 26.276720 -35.595646 -43.941772
v -23.892311 -50.189148 -59.302204
v 8.021247 -17.154924 -133.490952
v 9.505257 -14.167193 -139.246246
v 7.664324 -13.047316 -133.489029
v 12.416175 2.186073 -139.455566
v 15.716285 14.226349 -139.402054
v 3.733752 -10.849959 -134.909302
v 19.709454 -32.794632 -132.117325
v 17.070528 -55.078800 -131.569489
v -11.013999 -47.805439 -132.649521
v 19.636213 -39.264664 -124.629082
v 25.036272 -31.606663 -51.788052
v -1.693476 -30.595051 -33.748093
v -8.261456 -31.188942 -50.109264
v -18.285006 -47.884716 -125.746185
v -18.563679 -39.049664 -126.653404
v 22.803230 -30.052286 -41.105541
v 21.670889 -35.691730 -43.391003
v 14.890168 -21.996973 -35.796661
v -15.259763 -20.315430 -35.023293
v -9.952025 -27.153875 -35.572319
v -13.715073 -38.790352 -40.848782
v -9.059839 -34.214779 -36.540955
v 8.021856 -14.361940 -133.853806
v 10.116004 -12.099870 -141.117157
v 14.494345 -1.160242 -140.518219
v 12.175512 -4.717654 -139.412735
v 12.056551 5.507691 -139.565460
v 5.835882 -11.313821 -134.351776
v 13.405883 -24.682545 -133.094910
v 2.761361 -20.918989 -133.990356
v 1.664439 -22.497904 -133.246994
v -18.426716 -37.295086 -132.615128
v -0.739276 -11.807600 -134.549530
v 4.926094 -10.384667 -139.450974
v -2.353690 -14.897296 -134.770279
v 7.350760 -12.818276 -140.887817
v 5.013959 -16.951000 -138.612579
v -2.783013 -16.772636 -134.481628
v -1.511037 -19.012369 -134.556030
v 20.070570 -32.637154 -122.579163
v 20.222408 -11.342471 -42.370323
v 21.315828 -19.481981 -48.981213
v 21.425961 -16.902666 -41.803787
v 21.334013 -17.785778 -45.659782
v 21.341169 -25.819542 -55.259403
v 23.634018 -31.283100 -54.917259
v 21.268461 -30.923321 -58.102062
v 19.127295 -54.760071 -128.584991
v 15.003174 -51.166691 -129.265396
v 10.272552 -31.957054 -129.289703
v 17.962132 -31.149832 -59.352646
v 22.951469 -44.442474 -59.604931
v 23.225515 -55.187637 -49.396820
v 21.463715 -54.820335 -49.128342
v 14.688955 -39.914021 -43.753441
v 12.780308 -34.093380 -51.771442
v 7.342356 -30.988417 -48.589676
v 9.551022 -32.973457 -44.548576
v 12.972827 -36.763744 -43.280342
v 2.719746 -30.527546 -33.770390
v -3.018402 -30.866150 -39.559742
v -3.806980 -31.119936 -34.143074
v -11.863363 -39.637028 -45.602505
v -9.871988 -32.622009 -49.640232
v -12.937327 -38.492687 -50.758690
v -17.235580 -51.788040 -53.911877
v -18.156389 -53.598301 -52.697670
v -25.198601 -56.135166 -54.850479
v -22.596884 -55.985275 -54.466602
v -24.837416 -54.493244 -57.800014
v -18.918833 -44.853752 -57.540943
v -21.242552 -45.302017 -58.718185
v -20.737593 -32.598660 -57.663811
v -16.975239 -32.520168 -56.310387
v -4.520979 -30.431223 -133.245956
v -7.963711 -31.334986 -126.869385
v -7.642599 -32.512463 -130.803284
v -9.981198 -35.963886 -127.889442
v -20.207253 -30.416864 -117.494476
v -18.913092 -39.272388 -124.023750
v -12.086674 -9.917291 -33.581791
v -24.999641 -50.669933 -50.108749
v -20.405766 -24.481138 -54.657688
v -22.755699 -38.494114 -56.402996
v -22.561571 -24.081779 -37.123360
v -21.208498 -18.476612 -34.948723
v -20.828825 -16.565935 -38.962662
v -19.768955 -25.606621 -129.520981
v 19.261009 -37.368752 -43.242874
v 16.773493 -35.636036 -41.334518
v 14.755803 -25.219778 -36.877880
v 8.562036 -16.144276 -33.652733
v -7.521456 -17.631683 -33.680721
v -6.123481 -32.083481 -34.893063
v -12.437427 -39.130447 -39.936115
v -13.549909 -26.295885 -36.458172
v 7.918316 -16.223839 -133.942596
v 8.246635 -15.810786 -135.717804
v 8.138719 -14.114506 -134.667511
v 7.780606 -18.814367 -133.255600
v 5.750703 -19.584358 -134.173355
v 7.180223 -17.881334 -134.500504
v 6.773082 -17.928789 -136.576782
v 6.472410 -17.232155 -138.084976
v 4.235484 -20.657602 -133.802368
v 4.795670 -18.995949 -136.598633
v 12.905928 -7.941151 -140.705780
v 12.506830 -8.374295 -141.876114
v 13.045971 -5.319043 -142.444077
v 10.911360 -9.371963 -142.143616
v 14.898534 1.296825 -141.829178
v 15.509190 11.641356 -140.317123
v 7.385515 -11.974465 -133.246567
v 6.788933 -11.977650 -133.428574
v 8.767854 -14.307067 -133.246414
v 8.883159 -13.251996 -135.981110
v 7.862565 -11.863044 -135.407196
v 10.478170 -6.634696 -138.937271
v 11.160690 -8.940769 -138.765045
v 15.323884 12.968408 -138.491196
v 15.698220 7.025586 -140.227402
v 15.413880 14.986526 -139.797104
v 14.369455 15.485772 -139.862991
v 14.889052 14.995340 -138.543060
v 13.529480 15.435797 -138.831284
v 14.674540 15.737663 -139.231033
v 12.952091 13.897962 -138.585861
v 2.995709 -10.504774 -134.023270
v 6.349141 -10.993422 -135.279297
v 7.059881 -9.586554 -136.956650
v 4.969771 -10.462313 -135.928192
v 8.940696 -5.822568 -139.661987
v 1.935897 -9.961387 -133.674179
v 20.199665 -20.137119 -133.237183
v 17.722389 -23.478634 -133.025818
v 15.043307 -36.120701 -132.040451
v 14.920027 -52.295048 -131.680023
v 13.400002 -43.319141 -131.868713
v 11.833190 -35.840469 -132.458649
v 10.087248 -32.142677 -132.942337
v 10.921794 -28.388224 -133.038422
v 7.347083 -30.418211 -133.246033
v 11.210475 -21.523441 -133.242554
v 5.528577 -20.935251 -133.248032
v 2.271786 -21.693419 -133.461456
v 1.041564 -20.617430 -134.345825
v -3.905944 -21.144159 -133.248779
v -0.601303 -21.279831 -133.535751
v -7.542318 -24.880453 -133.231094
v -6.708111 -31.188234 -133.170776
v -8.995935 -36.257786 -132.912918
v -12.565718 -52.716969 -132.536789
v -14.863812 -55.047180 -132.464645
v -11.548257 -38.423214 -132.714172
v -13.658066 -28.494183 -132.873138
v -19.984711 -22.933847 -133.013626
v -2.676358 -9.918574 -133.248276
v 0.052552 -10.598974 -133.934738
v 1.836620 -11.880667 -136.396729
v -3.583938 -11.706949 -133.458435
v 9.486917 -3.262893 -141.211182
v 7.273596 -7.739248 -139.613022
v 12.772801 14.389325 -139.273239
v 7.669126 -7.339013 -140.902344
v 1.136772 -13.155729 -136.967453
v 9.260284 -3.852277 -141.569702
v 0.805788 -15.227574 -137.285400
v -4.813120 -15.768880 -133.582077
v -2.423727 -13.435087 -134.407944
v -5.598997 -14.975372 -133.368988
v -4.828608 -11.086581 -133.247971
v 9.797746 -5.397856 -142.301102
v 13.433942 15.082705 -139.755081
v 8.771852 -8.614788 -142.122910
v 10.655585 -4.233453 -142.528488
v 6.937335 -9.698639 -141.202454
v 1.208453 -17.281349 -137.151810
v 3.110633 -15.272393 -138.681870
v 2.577402 -18.843163 -136.800400
v -1.900106 -19.885992 -133.925690
v -3.815946 -19.896950 -133.377151
v -6.332986 -16.868690 -133.258316
v -13.979021 -18.941565 -133.236191
v 19.096748 -55.445652 -130.095093
v 19.511753 -38.555046 -127.391922
v 20.206991 -22.131735 -124.549690
v 20.212189 -9.918001 -33.582718
v 20.307468 -12.124468 -33.662140
v 20.611479 -14.152310 -33.954212
v 20.498348 -13.666993 -41.635960
v 20.489277 -18.595259 -51.468735
v 20.449682 -15.155836 -46.577072
v 21.377409 -17.026829 -34.789875
v 21.198999 -16.012300 -37.868198
v 24.000875 -23.862097 -43.849888
v 23.505064 -22.688704 -37.442451
v 20.208199 -19.019316 -54.695862
v 21.490345 -22.394224 -52.008778
v 24.052881 -29.272009 -52.654678
v 25.583052 -35.099155 -51.733608
v 23.854616 -25.344013 -48.795956
v 25.373152 -28.594551 -43.841606
v 25.524759 -30.458256 -47.911606
v 25.961519 -36.236076 -49.269539
v 20.862453 -32.570980 -59.513771
v 23.885649 -37.863983 -57.267296
v 23.779648 -48.464725 -59.361336
v 20.502415 -25.345026 -56.976387
v 24.931038 -36.716942 -54.762844
v 23.867659 -34.358036 -56.131252
v 25.368587 -54.258266 -56.648438
v 25.397060 -47.756966 -52.838200
v 25.424854 -48.678467 -48.259014
v 24.697302 -51.891872 -58.484440
v 25.602673 -55.381992 -53.383183
v 19.301983 -50.027969 -126.435089
v 16.104568 -49.102520 -127.203285
v 18.518877 -34.632000 -123.506340
v 17.010921 -30.672834 -120.949562
v 17.742386 -31.598747 -122.046722
v 16.958265 -39.119877 -125.016510
v 15.911316 -34.395878 -124.196793
v 17.262390 -52.794971 -127.711426
v 14.485723 -50.609241 -130.649628
v 13.152445 -41.011913 -129.516739
v 14.301963 -37.988113 -126.457535
v 13.140392 -33.941483 -126.105591
v 12.120223 -34.652889 -128.259140
v 12.931202 -30.417595 -121.567291
v 11.651188 -35.452209 -130.563354
v 9.402615 -30.757708 -127.366585
v 8.492922 -30.417709 -126.552963
v 8.720475 -30.939852 -133.151932
v 20.207439 -30.417519 -62.151253
v 14.405415 -30.421825 -59.285603
v 21.783237 -36.263668 -59.177391
v 20.309935 -45.359776 -58.557331
v 17.872618 -35.934097 -57.028854
v 17.593365 -32.194145 -58.168213
v 23.705078 -53.592445 -57.320633
v 23.992235 -55.059929 -55.188316
v 21.679152 -55.226063 -52.606792
v 21.905813 -54.458458 -55.688118
v 21.952051 -52.597740 -57.574257
v 19.399990 -52.781879 -55.555088
v 18.039312 -49.198879 -56.069584
v 17.298468 -50.598515 -53.969437
v 18.034782 -45.609650 -56.916035
v 19.224880 -53.856030 -53.174046
v 18.768385 -52.516499 -47.823944
v 18.964462 -53.597691 -50.031868
v 17.952276 -52.672943 -52.044479
v 16.972229 -47.652504 -45.482685
v 16.095062 -47.482166 -47.062679
v 15.542185 -47.648529 -50.459393
v 16.163731 -46.553028 -54.059467
v 14.227680 -38.948402 -51.248535
v 15.488558 -34.195515 -55.415840
v 14.477619 -32.492947 -55.446293
v 14.673214 -37.021038 -53.020432
v 12.510733 -31.303692 -54.933033
v 10.560606 -30.436087 -55.822914
v 11.231069 -32.410267 -51.313992
v 9.516582 -31.007723 -52.026073
v 5.209088 -30.444786 -49.008404
v 12.718761 -35.564583 -49.724728
v 13.844646 -39.351658 -46.639412
v 8.384198 -31.979795 -45.713120
v 11.789420 -34.965359 -47.168644
v 11.013223 -33.312939 -37.085865
v 10.689302 -33.845554 -41.538113
v 8.860213 -32.053394 -35.800514
v 5.608614 -30.923531 -34.409649
v 7.659884 -31.876381 -39.874325
v 5.288445 -30.993795 -41.014442
v 0.520440 -30.418804 -33.615833
v 2.793472 -30.430582 -44.988514
v -0.266164 -30.418219 -39.515823
v -5.344600 -31.891663 -38.239399
v -6.448245 -31.905575 -44.550140
v -4.219007 -30.835768 -44.311180
v -8.351539 -34.012432 -42.107792
v -7.123570 -33.072079 -39.166847
v -9.500024 -35.379288 -40.178165
v -12.107426 -39.685760 -42.385021
v -8.496469 -33.190342 -46.089123
v -12.107352 -39.201153 -48.100803
v -4.189949 -30.440432 -48.034824
v -6.015536 -30.621008 -49.193661
v -9.896632 -30.434689 -54.421974
v -11.624739 -30.850079 -54.355358
v -14.614266 -37.216187 -53.511280
v -13.004437 -32.872173 -53.283638
v -15.430510 -47.686905 -53.147495
v -14.777734 -47.560570 -50.961075
v -14.895905 -48.184303 -48.337910
v -16.576994 -51.632801 -50.224022
v -18.344728 -53.636822 -49.260784
v -16.449593 -45.117859 -55.413864
v -17.993195 -48.863365 -56.611591
v -19.734037 -53.993454 -55.501884
v -20.243490 -52.580563 -57.276112
v -19.915707 -55.088932 -53.358242
v -20.760386 -55.541504 -50.525005
v -21.191755 -55.790958 -52.577278
v -23.310106 -56.198048 -50.976612
v -22.764885 -55.223370 -56.548489
v -22.206701 -50.732109 -58.870205
v -23.253078 -53.926136 -57.965046
v -16.965549 -36.912460 -55.585720
v -22.954420 -45.531635 -59.178318
v -19.939093 -37.488419 -57.260292
v -18.128168 -31.644876 -57.311333
v -17.986145 -34.522018 -56.307606
v -21.296228 -35.298512 -57.476265
v -20.393991 -31.315254 -58.326012
v -6.475208 -31.054518 -130.113617
v -7.318927 -30.416882 -124.182259
v -8.522151 -32.837521 -128.257172
v -11.438025 -30.416910 -120.043076
v -9.373973 -36.852070 -130.248688
v -10.190911 -32.130817 -124.765640
v -12.501246 -30.630526 -120.475716
v -12.589294 -37.896717 -125.486198
v -12.874775 -31.687614 -122.070595
v -16.919989 -32.978645 -121.529259
v -11.329023 -49.145126 -131.102509
v -12.227115 -48.577164 -128.567291
v -16.593636 -30.557600 -118.738762
v -14.443494 -54.742393 -131.328781
v -12.937287 -52.833344 -130.574600
v -14.069075 -52.571671 -128.559402
v -14.220804 -47.940781 -126.601913
v -15.101582 -54.487606 -129.692932
v -15.565098 -35.284927 -123.057610
v -14.765413 -38.668232 -124.402985
v -19.831959 -32.797874 -121.414925
v -17.714500 -37.578003 -123.506767
v -15.942707 -50.139545 -126.448891
v -16.091572 -53.558525 -128.203781
v -25.121536 -53.262100 -55.147896
v -23.827433 -44.288822 -56.805496
v -21.449774 -32.675304 -55.966045
v -24.600178 -43.079170 -46.838039
v -23.611395 -34.800777 -51.014397
v -24.660439 -50.807365 -57.295765
v -23.597149 -29.919333 -39.956921
v -23.512617 -29.448978 -43.120010
v -22.444695 -24.577633 -44.199867
v -23.098837 -29.298431 -47.842144
v -20.726570 -20.049463 -48.538288
v -22.934937 -32.288048 -51.892502
v -21.163866 -25.595577 -52.267941
v -20.207720 -30.496132 -59.872810
v -21.076178 -18.811974 -43.677242
v -20.210861 -14.779640 -48.026215
v -20.207645 -20.602537 -53.846214
v -20.564169 -14.927316 -34.044369
v -20.375414 -13.255751 -38.045483
v -20.443550 -16.353926 -45.776031
v -20.260841 -11.779443 -33.641056
v -20.206116 -9.917965 -36.684948
v -20.191992 -23.133202 -122.515205
v -19.762188 -30.313587 -123.021317
v -18.821554 -34.137081 -129.290573
v -20.162487 -30.733843 -119.053093
v -20.058056 -27.081491 -122.146591
v -17.654886 -55.224735 -130.317291
v -17.859751 -53.349251 -127.800949
v 25.537399 -55.110706 -49.457138
v 23.677591 -52.041988 -49.057896
v 20.853354 -51.830849 -48.574970
v 21.268053 -46.622826 -47.234058
v 16.743752 -30.265266 -39.435272
v 19.069031 -48.656723 -47.130909
v 24.215794 -36.222443 -44.031361
v 25.264904 -28.508156 -40.563721
v 20.202843 -23.023346 -37.332825
v 17.733854 -25.046482 -37.712315
v 11.383715 -24.296539 -35.511189
v 4.011477 -25.768661 -33.858227
v 8.010366 -20.429045 -33.974270
v 13.281304 -35.454998 -38.923229
v 7.576753 -27.979160 -34.898170
v 10.499831 -28.082949 -35.998596
v 6.207857 -25.790932 -34.261555
v 19.858025 -18.725489 -35.380581
v 17.091156 -20.355848 -35.675877
v 16.307596 -15.421124 -34.065193
v 16.229460 -17.851587 -34.704147
v 6.999693 -13.610096 -33.584656
v 14.569745 -12.941916 -33.658566
v 12.251424 -16.845844 -34.001713
v 4.015831 -21.327337 -33.658829
v -0.384032 -23.268307 -33.580235
v -13.418561 -12.391989 -33.616264
v -14.740202 -13.759830 -33.750336
v -15.875052 -15.575535 -34.031048
v -10.660892 -22.023724 -34.679501
v -9.944672 -19.826559 -34.171989
v -17.857189 -20.701351 -35.447037
v -16.531942 -23.555733 -36.291565
v -5.627182 -28.977276 -34.473625
v -10.033765 -29.989557 -36.211777
v -4.203182 -22.957758 -33.760040
v -6.616067 -24.630278 -34.253765
v -17.166634 -34.746433 -41.043430
v -18.186199 -27.079674 -37.958702
v -21.476662 -28.979076 -39.316578
v -18.689701 -44.569874 -46.333973
v -19.966322 -32.463406 -40.782162
v -21.796604 -44.237732 -47.101990
v -15.698092 -48.850845 -46.164810
v -16.875088 -47.886326 -46.772858
v -18.781082 -51.371159 -49.001366
v -20.624619 -48.244942 -48.617718
v -23.396545 -50.407745 -49.973915
v -20.863998 -53.431149 -50.291489
v -23.636919 -53.305454 -50.710106
v 6.551637 -19.420984 -133.567917
v 14.762300 -1.368563 -141.500839
v 11.538497 -10.992258 -140.287643
v 7.261106 -12.571757 -134.116592
v 8.335505 -14.989349 -133.403366
v 9.357354 -9.938637 -137.376373
v 13.481689 0.088647 -139.592270
v 13.768731 13.520669 -138.036499
v 5.609558 -11.092447 -133.453491
v 11.710532 -2.573508 -139.565613
v 8.417774 -7.930215 -138.335983
v 10.604355 -1.815909 -140.043060
v 19.375164 -42.241436 -131.655533
v 2.708346 -11.142172 -135.596634
v 4.964578 -9.852864 -137.705627
v 10.532080 -0.067293 -140.864304
v 8.677683 -5.360508 -140.746918
v 12.344692 4.273320 -141.616165
v 13.550057 -0.409092 -142.312363
v -3.898720 -18.067812 -133.706131
v -20.207253 -9.917909 -133.245941
v 20.052969 -27.571465 -126.782448
v 20.207254 -9.917909 -133.245941
v 20.478748 -21.802431 -54.545773
v 25.228333 -45.875317 -54.632996
v 20.439720 -31.199770 -60.447460
v 24.766479 -44.190807 -56.635891
v 16.285250 -54.394089 -130.096771
v 20.207041 -30.418341 -119.664246
v 14.857230 -33.169106 -124.211472
v 15.101325 -31.251774 -122.596252
v 12.714014 -30.595617 -122.805061
v 12.832859 -31.625326 -124.561462
v 11.359395 -31.598257 -126.216156
v 18.912172 -34.010105 -58.147362
v 22.412226 -50.090427 -58.789680
v 19.973888 -50.137421 -57.602421
v 17.431845 -51.239159 -48.600307
v 16.241541 -49.631252 -51.255646
v 15.119632 -31.034359 -57.617851
v 15.884811 -37.077522 -54.908371
v 13.626008 -38.342369 -49.077621
v -10.424773 -35.778988 -46.870571
v -12.144070 -34.719738 -51.203308
v -11.521674 -31.641384 -53.039532
v -14.941748 -34.194828 -54.380386
v -20.423182 -49.273834 -58.304588
v -16.379589 -30.992704 -57.271843
v -15.253353 -30.423548 -58.462143
v -9.217502 -30.935249 -123.953049
v -10.842422 -36.979774 -127.086304
v -13.069575 -34.260685 -123.750504
v -16.864481 -31.347780 -120.133347
v -23.998747 -34.536015 -47.500549
v 23.720160 -47.312325 -47.815304
v 9.321110 -23.056641 -34.659187
v 13.128717 -31.571310 -38.027218
v 13.928263 -28.003435 -37.459309
v 12.160049 -19.230429 -34.440979
v -15.279355 -17.638788 -34.389603
v -13.701223 -28.997398 -37.429073
v -11.618368 -34.816566 -38.233746
v -13.371884 -32.015690 -38.337475
v -15.048847 -37.241016 -41.118752
vn 0.0004 -0.0009 -1.0000
vn 0.0006 -0.0003 -1.0000
vn 0.0005 -0.0041 -1.0000
vn 0.8093 -0.0170 -0.5872
vn 0.9027 -0.4249 0.0681
vn 0.9904 -0.0610 0.1237
vn 0.9842 -0.0438 0.1718
vn 0.9021 -0.1842 0.3903
vn 0.8301 -0.1513 0.5367
vn 0.4226 -0.4515 -0.7859
vn 0.5619 -0.5842 -0.5857
vn 0.8044 -0.5114 -0.3022
vn 0.5505 -0.7107 -0.4380
vn 0.4839 -0.8032 -0.3475
vn 0.4284 -0.7847 -0.4479
vn -0.0014 -0.8044 -0.5941
vn 0.4491 -0.6688 -0.5925
vn 0.1181 -0.7031 -0.7012
vn 0.0605 -0.5075 -0.8595
vn 0.8942 -0.3652 0.2590
vn 0.9336 -0.2893 -0.2113
vn 0.9739 -0.0761 -0.2139
vn 0.8946 -0.4213 -0.1491
vn 0.6964 -0.5426 -0.4697
vn 0.3493 -0.0107 -0.9370
vn 0.4006 -0.4227 -0.8129
vn 0.0150 -0.3560 -0.9344
vn 0.2962 -0.2248 -0.9283
vn -0.0302 -0.0581 -0.9979
vn 0.0453 0.0221 -0.9987
vn 0.9507 0.0329 -0.3082
vn 0.6812 -0.1237 -0.7215
vn 0.1826 0.1316 -0.9743
vn 0.0397 0.1569 -0.9868
vn 0.1363 0.1560 -0.9783
vn 0.2788 0.2801 -0.9186
vn 0.7271 0.6125 -0.3101
vn 0.6381 0.7530 0.1606
vn 0.2729 0.3383 -0.9006
vn 0.0029 -0.0179 -0.9998
vn 0.3573 0.5407 -0.7616
vn 0.5332 0.3159 -0.7848
vn 0.1442 0.1161 0.9827
vn 0.7850 0.1835 0.5917
vn 0.1575 0.1042 0.9820
vn 0.2403 -0.1168 0.9637
vn 0.5602 -0.1498 0.8147
vn 0.7667 -0.1351 0.6276
vn -0.5706 -0.0346 0.8205
vn -0.0747 0.3743 0.9243
vn -0.3183 0.9234 -0.2144
vn -0.4339 0.2986 0.8501
vn -0.5716 -0.0347 0.8198
vn 0.2552 0.9518 -0.1703
vn 0.1110 0.6813 -0.7235
vn 0.2309 0.6951 0.6808
vn 0.1594 0.9026 0.4000
vn 0.0811 0.8949 0.4388
vn -0.2854 0.9582 0.0184
vn -0.3065 0.7448 0.5927
vn -0.5909 0.5295 0.6086
vn -0.2303 0.9203 0.3162
vn -0.0412 0.9189 -0.3923
vn -0.0297 0.9351 -0.3532
vn 0.0188 -0.0495 -0.9986
vn 0.0416 -0.0333 -0.9986
vn 0.0445 -0.0854 -0.9954
vn -0.0028 -0.0419 -0.9991
vn 0.1495 -0.0585 -0.9870
vn 0.0939 -0.0781 -0.9925
vn 0.0642 -0.0110 -0.9979
vn 0.1430 -0.3543 -0.9241
vn -0.0800 -0.6859 -0.7232
vn -0.0022 -0.0033 -1.0000
vn -0.0000 0.0027 -1.0000
vn -0.0430 -0.0093 -0.9990
vn -0.0176 -0.0198 -0.9996
vn -0.0353 -0.0391 -0.9986
vn -0.0115 -0.0384 -0.9992
vn -0.0716 0.5513 -0.8312
vn -0.3365 0.2698 -0.9022
vn -0.1893 0.2088 -0.9595
vn -0.9318 0.3227 -0.1659
vn -0.6937 0.5903 -0.4126
vn -0.6433 0.2316 -0.7298
vn -0.9125 0.4007 -0.0820
vn -0.5275 0.1955 -0.8268
vn -0.6830 0.2793 -0.6749
vn -0.5747 0.1782 -0.7988
vn -0.6406 0.2154 -0.7370
vn -0.5946 0.2139 -0.7750
vn -0.6825 0.2275 -0.6946
vn -0.2951 -0.0358 -0.9548
vn -0.5840 0.1688 -0.7940
vn -0.3986 0.2214 -0.8900
vn -0.4245 0.1121 -0.8985
vn -0.0001 -0.0000 -1.0000
vn -0.4813 0.1874 -0.8563
vn -0.0898 0.1238 -0.9882
vn -0.4973 0.1109 -0.8605
vn -0.2697 -0.3429 -0.8998
vn -0.3027 -0.3793 -0.8744
vn -0.5141 -0.1557 -0.8435
vn -0.5629 -0.1631 -0.8103
vn -0.5573 -0.2907 -0.7777
vn -0.4223 -0.0427 -0.9054
vn -0.2875 -0.4431 -0.8492
vn -0.3480 -0.6428 -0.6824
vn -0.4414 -0.3874 -0.8094
vn -0.2640 -0.1823 -0.9471
vn -0.0028 -0.0038 -1.0000
vn -0.0018 -0.0023 -1.0000
vn -0.2307 0.0326 -0.9725
vn 0.9994 -0.0349 -0.0044
vn 0.9985 -0.0225 -0.0508
vn 0.9998 -0.0112 -0.0190
vn 0.9972 -0.0477 -0.0572
vn 0.9990 -0.0267 -0.0364
vn 0.9994 -0.0159 -0.0303
vn 0.9997 -0.0256 -0.0067
vn 1.0000 -0.0007 -0.0010
vn 0.9990 0.0434 -0.0059
vn 0.9612 0.2759 -0.0070
vn 0.8974 0.3427 -0.2779
vn 1.0000 -0.0015 -0.0002
vn 0.9808 0.1633 -0.1069
vn 0.9501 0.2587 -0.1742
vn 0.9531 0.2894 -0.0890
vn 0.9012 0.3840 -0.2010
vn 0.9214 0.3638 -0.1363
vn 0.9428 0.3291 0.0538
vn 0.9449 0.3272 0.0132
vn 0.9924 0.0547 -0.1102
vn 1.0000 -0.0001 -0.0000
vn 0.9825 0.1019 -0.1559
vn 0.8945 0.2570 -0.3659
vn 0.8365 0.3234 -0.4423
vn 0.9087 0.1958 -0.3686
vn 0.8772 0.3703 -0.3056
vn 0.8416 0.3520 -0.4096
vn 0.9217 0.2945 -0.2525
vn 0.9500 0.2903 -0.1151
vn 0.9565 0.2772 -0.0913
vn 0.9894 0.0997 -0.1060
vn 0.9934 0.0915 -0.0698
vn 0.9914 0.1275 0.0294
vn 0.9740 0.0284 -0.2248
vn 0.9889 0.0074 -0.1485
vn 0.9975 -0.0461 -0.0535
vn 0.9945 0.1032 0.0147
vn 0.8723 0.1759 -0.4562
vn 0.7381 0.2008 -0.6441
vn 0.7501 0.2073 -0.6280
vn 0.7616 0.1182 -0.6371
vn 0.9171 0.1960 -0.3472
vn 0.9009 0.2013 -0.3845
vn 0.8873 0.1463 -0.4374
vn 0.9052 0.0845 -0.4165
vn 0.9825 0.0590 -0.1769
vn 0.9131 0.0874 -0.3982
vn 0.9998 0.0146 0.0156
vn -0.1513 -0.9878 -0.0379
vn -0.0090 -0.4133 0.9105
vn -0.2793 -0.1826 0.9427
vn -0.2873 -0.2184 0.9326
vn -0.3218 -0.8597 0.3968
vn -0.1498 -0.1591 0.9758
vn -0.1521 -0.2673 0.9515
vn -0.2683 -0.2221 0.9374
vn -0.2653 -0.4724 0.8405
vn -0.2191 -0.8128 0.5398
vn -0.7817 -0.6092 -0.1336
vn -0.7007 -0.4258 0.5725
vn -0.5177 -0.1406 0.8439
vn -0.6790 -0.3048 0.6678
vn -0.8989 -0.4020 0.1742
vn -0.0507 -0.9481 0.3138
vn -0.1281 -0.8627 0.4892
vn -0.8694 -0.1468 0.4718
vn -0.8472 -0.2320 0.4780
vn -0.9427 -0.2050 0.2630
vn -0.9631 -0.2356 0.1298
vn -0.2754 -0.9435 0.1840
vn -0.4836 -0.7690 0.4181
vn -0.7513 -0.4322 0.4987
vn -0.6367 -0.5320 0.5583
vn -0.5578 -0.7098 0.4302
vn -0.8305 -0.4374 0.3448
vn -0.8335 -0.4471 0.3247
vn -0.5117 -0.8136 0.2759
vn -0.7494 -0.6582 0.0715
vn -0.6660 -0.7390 0.1018
vn -0.2978 -0.9524 0.0651
vn -0.3581 -0.9317 0.0614
vn -0.0000 -1.0000 -0.0000
vn -0.3338 -0.5987 -0.7281
vn -0.1917 -0.9008 -0.3895
vn 0.0006 -1.0000 -0.0003
vn 0.0028 -1.0000 -0.0010
vn -0.3534 -0.6444 -0.6782
vn -0.3926 -0.2951 -0.8711
vn -0.2661 -0.1128 -0.9573
vn -0.3355 -0.1031 -0.9364
vn -0.4803 0.0180 -0.8769
vn -0.4307 -0.1477 -0.8903
vn -0.6151 -0.1206 -0.7792
vn -0.1057 -0.8263 -0.5533
vn -0.1565 -0.4940 -0.8553
vn 0.1868 -0.9247 -0.3316
vn -0.0341 -0.9990 0.0284
vn -0.1881 -0.9768 0.1023
vn -0.4279 -0.8692 -0.2480
vn -0.4069 -0.3369 -0.8491
vn -0.2871 -0.6784 -0.6763
vn -0.5373 -0.4403 -0.7193
vn -0.8495 -0.2486 -0.4654
vn -0.8075 -0.1364 -0.5739
vn -0.4599 -0.8848 0.0747
vn -0.6789 -0.7342 0.0041
vn -0.7401 -0.6276 0.2416
vn -0.7793 -0.5477 -0.3044
vn -0.7873 -0.5340 -0.3081
vn -0.8598 -0.5043 0.0800
vn -0.8015 -0.4475 0.3967
vn -0.9479 -0.2711 0.1676
vn -0.9678 -0.1823 -0.1733
vn -0.9613 -0.1652 -0.2203
vn -0.5278 -0.6246 -0.5756
vn -0.8242 -0.0676 -0.5622
vn -0.4716 -0.7827 -0.4061
vn -0.2047 -0.9581 -0.2005
vn -0.5353 -0.6555 -0.5327
vn -0.5600 -0.7979 -0.2233
vn -0.3253 -0.9241 -0.2006
vn -0.0051 -1.0000 0.0005
vn -0.9263 -0.3402 -0.1618
vn -0.9793 -0.2023 0.0041
vn -0.7973 -0.6025 -0.0360
vn -0.6483 -0.7610 0.0247
vn -0.6976 -0.6614 -0.2755
vn -0.6560 -0.7547 0.0133
vn -0.6822 -0.6856 0.2542
vn -0.6189 -0.7733 0.1375
vn -0.4987 -0.8598 0.1096
vn -0.4374 -0.8886 0.1381
vn -0.6699 -0.7415 0.0385
vn -0.5654 -0.8229 -0.0556
vn -0.3380 -0.9408 -0.0253
vn -0.1171 -0.9909 -0.0669
vn -0.1321 -0.9911 0.0169
vn -0.0489 -0.9988 0.0064
vn -0.0035 -1.0000 0.0003
vn 0.0082 -1.0000 -0.0011
vn 0.0776 -0.9966 0.0288
vn 0.2251 -0.9691 -0.1011
vn 0.1612 -0.9858 -0.0470
vn 0.3555 -0.9297 -0.0958
vn 0.4379 -0.8959 -0.0746
vn 0.4413 -0.8746 -0.2008
vn 0.7013 -0.7098 -0.0658
vn 0.8140 -0.5623 -0.1457
vn 0.5245 -0.8482 0.0735
vn 0.6523 -0.7413 0.1584
vn 0.7105 -0.6999 -0.0729
vn 0.7220 -0.6894 -0.0586
vn 0.8412 -0.5378 0.0557
vn 0.7117 -0.6583 0.2452
vn 0.9075 -0.3899 -0.1566
vn 0.8827 -0.3056 -0.3571
vn -0.0007 -1.0000 -0.0003
vn 0.3238 -0.9192 -0.2241
vn 0.2196 -0.9555 -0.1971
vn 0.5126 -0.7261 -0.4582
vn 0.3629 -0.8610 -0.3562
vn 0.6064 -0.6357 -0.4777
vn 0.6466 -0.4177 -0.6384
vn 0.6438 -0.1463 -0.7511
vn 0.6509 -0.0256 -0.7588
vn 0.6542 0.0300 -0.7557
vn 0.5367 -0.0256 -0.8434
vn 0.3336 -0.7961 -0.5049
vn 0.5085 -0.4695 -0.7218
vn 0.8587 -0.1024 -0.5022
vn 0.9453 -0.3243 -0.0345
vn 0.8832 -0.4265 0.1952
vn 0.8501 -0.5018 0.1599
vn 0.7819 -0.5801 0.2282
vn 0.8956 -0.4215 -0.1422
vn 0.7576 -0.6518 0.0342
vn 0.6014 -0.7972 0.0520
vn 0.7339 -0.5941 -0.3292
vn 0.6797 -0.6749 -0.2873
vn 0.7389 -0.3437 -0.5796
vn 0.5825 -0.2124 -0.7846
vn 0.4218 -0.5916 -0.6871
vn 0.4660 -0.2396 -0.8517
vn 0.3812 -0.9047 -0.1904
vn 0.0645 -0.9968 -0.0476
vn -0.1261 -0.9910 0.0454
vn 0.1761 -0.6950 -0.6971
vn 0.1402 -0.3122 -0.9396
vn 0.5354 -0.2715 -0.7997
vn 0.2346 -0.5817 -0.7788
vn 0.1109 -0.9334 -0.3414
vn 0.4973 -0.0492 -0.8662
vn 0.4737 0.0990 -0.8751
vn 0.2396 0.1393 -0.9608
vn 0.3192 0.1049 -0.9419
vn 0.3656 -0.1859 -0.9120
vn 0.3105 0.0992 -0.9454
vn 0.2462 -0.6147 -0.7494
vn 0.2985 -0.5212 -0.7996
vn 0.3275 -0.9447 0.0164
vn 0.6907 -0.6753 0.2585
vn 0.5154 -0.8412 0.1637
vn 0.9054 -0.3266 0.2711
vn 0.8239 -0.3303 0.4606
vn 0.8978 -0.1596 0.4104
vn 0.4681 -0.7248 0.5056
vn 0.8224 -0.3317 0.4623
vn 0.6131 -0.4066 0.6774
vn 0.7191 -0.2197 0.6592
vn 0.4649 -0.5084 0.7248
vn 0.2965 -0.6268 0.7205
vn 0.3800 -0.3454 0.8581
vn 0.4956 -0.2173 0.8409
vn 0.4876 -0.1742 0.8555
vn 0.9509 -0.3020 -0.0679
vn 0.7129 -0.1719 0.6798
vn 0.9139 -0.3769 0.1507
vn 0.8667 -0.3236 0.3795
vn 0.1682 -0.7980 0.5787
vn 0.1791 -0.8705 0.4584
vn 0.0307 -0.9793 0.2000
vn 0.7599 -0.6414 0.1059
vn 0.6511 -0.6145 0.4455
vn 0.7089 -0.7014 -0.0741
vn 0.6246 -0.2866 0.7264
vn 0.2658 -0.4192 0.8681
vn 0.3355 -0.1987 0.9208
vn 0.2162 -0.9477 0.2346
vn 0.3589 -0.4385 0.8240
vn 0.0858 -0.9959 0.0292
vn -0.0000 0.9969 -0.0781
vn -0.0002 0.9948 -0.1019
vn -0.0000 1.0000 -0.0000
vn -0.9996 0.0257 -0.0104
vn -0.9934 0.0149 -0.1134
vn -0.9391 0.0905 -0.3316
vn -0.9990 0.0439 0.0016
vn -0.9985 0.0541 -0.0037
vn -0.9330 0.1936 -0.3035
vn -0.9129 0.2224 -0.3423
vn -0.9014 0.2285 -0.3678
vn -0.9890 0.0769 -0.1263
vn -0.8805 0.1929 -0.4331
vn -0.9901 0.0997 -0.0987
vn -0.9945 0.1045 -0.0110
vn -0.9846 0.1748 -0.0003
vn -0.9832 0.1637 -0.0809
vn -0.9635 0.1954 -0.1832
vn -0.9477 0.2261 -0.2252
vn -0.9556 0.2126 -0.2040
vn -0.9919 0.0725 -0.1045
vn -1.0000 -0.0000 -0.0000
vn -0.9756 0.2173 -0.0313
vn -0.9699 0.2358 -0.0614
vn -0.9620 0.2401 -0.1303
vn -0.9963 0.0603 -0.0609
vn -1.0000 -0.0005 -0.0001
vn -0.9792 0.1683 -0.1133
vn -0.9943 0.1014 -0.0319
vn -0.9996 0.0266 -0.0017
vn -1.0000 0.0009 -0.0000
vn -1.0000 -0.0029 -0.0001
vn -1.0000 0.0019 -0.0003
vn -0.9989 -0.0414 -0.0205
vn -0.9939 -0.1086 -0.0217
vn -0.9982 -0.0382 -0.0468
vn -0.9918 -0.1118 -0.0612
vn -0.9974 -0.0395 -0.0603
vn -0.9919 -0.0605 -0.1119
vn -0.9898 -0.0451 -0.1353
vn -0.9874 -0.0782 -0.1378
vn 0.0296 -0.1113 0.9933
vn 0.0477 -0.2542 0.9660
vn 0.1447 -0.2526 0.9567
vn 0.2832 -0.3274 0.9015
vn 0.4425 -0.2968 0.8462
vn 0.3681 -0.3082 0.8772
vn 0.3653 -0.0968 0.9258
vn 0.5493 -0.1889 0.8140
vn 0.6032 -0.2513 0.7569
vn 0.5452 -0.2282 0.8067
vn 0.1643 -0.3325 0.9287
vn 0.0655 -0.4217 0.9044
vn 0.2809 -0.3158 0.9063
vn 0.2389 -0.2477 0.9389
vn 0.3313 -0.3519 0.8755
vn 0.2943 -0.2785 0.9142
vn 0.3876 -0.2061 0.8985
vn 0.0266 -0.0199 0.9994
vn 0.0886 -0.0448 0.9951
vn 0.5160 -0.1733 0.8389
vn 0.4910 -0.1309 0.8613
vn 0.3322 -0.0659 0.9409
vn 0.3650 -0.0902 0.9266
vn 0.4459 -0.1400 0.8841
vn 0.3861 -0.2288 0.8937
vn 0.2380 -0.1311 0.9624
vn 0.1799 -0.0494 0.9824
vn 0.1282 -0.0446 0.9907
vn 0.2108 -0.0392 0.9768
vn 0.0869 -0.3957 0.9143
vn 0.0240 -0.3474 0.9374
vn 0.0951 -0.3315 0.9387
vn 0.1050 -0.2560 0.9610
vn 0.0692 -0.1281 0.9893
vn 0.1255 -0.1844 0.9748
vn 0.2008 -0.3371 0.9198
vn 0.1625 -0.3002 0.9399
vn 0.2365 -0.2293 0.9442
vn 0.0185 -0.1492 0.9886
vn -0.0000 -0.0006 1.0000
vn 0.0582 -0.1217 0.9909
vn 0.0002 0.0003 1.0000
vn 0.1595 -0.1738 0.9718
vn 0.1624 -0.1848 0.9693
vn 0.0779 -0.0846 0.9934
vn 0.0979 -0.0870 0.9914
vn -0.0114 -0.0867 0.9962
vn -0.0251 -0.1247 0.9919
vn -0.1802 -0.2964 0.9379
vn -0.1333 -0.2292 0.9642
vn -0.0687 -0.1103 0.9915
vn -0.0750 -0.2685 0.9604
vn -0.1749 -0.3531 0.9191
vn -0.2745 -0.0855 0.9578
vn -0.1703 -0.0544 0.9839
vn -0.3195 -0.1997 0.9263
vn -0.3917 -0.1609 0.9059
vn -0.3521 -0.0698 0.9333
vn -0.5121 -0.1834 0.8391
vn -0.4934 -0.2813 0.8231
vn -0.4972 -0.2352 0.8351
vn -0.6037 -0.1908 0.7740
vn -0.1444 -0.0827 0.9861
vn -0.1338 -0.0981 0.9861
vn -0.2276 -0.1974 0.9535
vn -0.2793 -0.2020 0.9387
vn -0.3562 -0.1958 0.9137
vn -0.2961 -0.3083 0.9040
vn -0.2312 -0.3857 0.8932
vn -0.2220 -0.3943 0.8918
vn -0.1760 -0.3522 0.9192
vn -0.0849 -0.4229 0.9022
vn -0.0643 -0.4586 0.8863
vn -0.2600 -0.4072 0.8756
vn -0.2647 -0.4238 0.8662
vn -0.1440 -0.3867 0.9109
vn -0.1733 -0.4447 0.8787
vn -0.1026 -0.4504 0.8869
vn -0.0808 -0.4033 0.9115
vn -0.0126 -0.3951 0.9185
vn -0.6063 -0.2748 0.7463
vn -0.5729 -0.1977 0.7954
vn -0.3843 -0.1202 0.9154
vn -0.5338 -0.3234 0.7813
vn -0.3708 -0.3408 0.8639
vn -0.4179 -0.3797 0.8253
vn -0.3899 -0.3352 0.8577
vn -0.2879 -0.2821 0.9152
vn -0.1555 -0.2311 0.9604
vn -0.0418 -0.2428 0.9692
vn 0.0829 -0.1808 0.9800
vn -0.1532 -0.1078 0.9823
vn 0.0001 -0.0000 -1.0000
vn 0.8936 -0.1121 -0.4347
vn 0.0046 0.0010 -1.0000
vn 0.4793 -0.1032 -0.8716
vn 0.9896 -0.1436 -0.0006
vn 0.8152 -0.1774 -0.5514
vn 0.9119 -0.3834 0.1467
vn 0.2932 -0.3831 -0.8759
vn 0.3243 -0.1788 -0.9289
vn 0.7545 -0.6426 -0.1333
vn 0.7467 -0.6520 -0.1315
vn 0.4630 -0.7916 -0.3989
vn 0.2118 -0.8582 -0.4676
vn 0.4403 -0.8078 -0.3918
vn -0.0185 -0.8048 -0.5933
vn 0.0163 -0.7025 -0.7115
vn 0.1722 -0.5888 -0.7897
vn 0.9268 -0.2254 0.3005
vn 0.8493 -0.5247 0.0585
vn 0.6972 -0.5832 -0.4168
vn -0.0978 -0.2500 -0.9633
vn -0.0056 -0.0898 -0.9959
vn 0.8558 0.0250 -0.5167
vn 0.8730 0.0991 -0.4775
vn 0.8296 -0.2401 -0.5040
vn -0.1454 0.0734 -0.9866
vn 0.6003 0.7985 -0.0455
vn 0.2692 0.0506 -0.9617
vn 0.9265 0.3108 -0.2122
vn 0.8772 0.4095 0.2505
vn 0.7275 0.0571 0.6837
vn 0.7945 0.5104 0.3289
vn 0.6348 0.1536 0.7572
vn 0.2755 0.5746 0.7707
vn 0.8879 0.3303 -0.3202
vn 0.4812 0.6542 0.5835
vn -0.0060 0.4288 0.9034
vn 0.5183 0.2152 0.8277
vn -0.0692 0.0560 0.9960
vn 0.0639 -0.0325 0.9974
vn 0.3089 0.0905 0.9468
vn -0.0946 -0.1125 0.9891
vn 0.3566 0.0573 0.9325
vn 0.5792 -0.1273 0.8052
vn 0.7774 -0.1986 0.5968
vn 0.9455 -0.1493 0.2895
vn 0.9374 -0.0420 0.3458
vn 0.3991 0.7691 -0.4992
vn 0.0703 0.6889 0.7214
vn 0.3915 0.5759 0.7177
vn -0.4067 0.8666 -0.2892
vn -0.5690 -0.0352 0.8216
vn -0.7959 0.3747 0.4755
vn -0.9397 0.1100 0.3238
vn 0.2502 0.9543 -0.1634
vn 0.2871 0.4655 -0.8372
vn -0.3371 0.0144 0.9414
vn 0.2294 0.5049 0.8321
vn -0.0061 0.7674 0.6411
vn -0.2300 0.9204 0.3162
vn -0.1021 0.5478 0.8304
vn -0.2918 0.2212 0.9305
vn -0.8360 0.2046 0.5092
vn -0.3694 0.8117 0.4523
vn -0.7892 0.4723 0.3925
vn 0.9997 -0.0220 -0.0082
vn -0.0417 0.4811 -0.8756
vn 0.0117 -0.0717 -0.9974
vn 0.0243 -0.0298 -0.9993
vn 0.0357 -0.0894 -0.9954
vn 0.0406 -0.0884 -0.9953
vn 0.0226 -0.0076 -0.9997
vn 0.0383 -0.0145 -0.9992
vn 0.1245 -0.0521 -0.9908
vn 0.1236 -0.0619 -0.9904
vn 0.1067 -0.0866 -0.9905
vn 0.0417 -0.0177 -0.9990
vn 0.1086 -0.0496 -0.9928
vn 0.0004 0.0002 -1.0000
vn 0.0007 -0.0024 -1.0000
vn 0.1938 -0.6182 -0.7618
vn 0.2077 -0.6378 -0.7417
vn -0.0109 -0.2499 -0.9682
vn 0.0630 -0.5897 -0.8051
vn -0.2366 -0.4599 -0.8559
vn -0.2414 -0.4635 -0.8526
vn -0.0956 -0.3944 -0.9140
vn -0.0009 -0.0007 -1.0000
vn -0.0154 -0.0643 -0.9978
vn -0.0900 -0.0955 -0.9913
vn -0.0297 -0.0135 -0.9995
vn -0.0561 -0.0254 -0.9981
vn -0.0435 -0.0252 -0.9987
vn -0.0667 -0.0184 -0.9976
vn -0.0686 -0.0108 -0.9976
vn -0.0163 -0.0118 -0.9998
vn -0.0203 -0.0110 -0.9997
vn -0.0022 -0.0089 -1.0000
vn -0.0024 -0.0280 -0.9996
vn -0.3366 0.5927 -0.7317
vn -0.2757 0.5732 -0.7717
vn -0.2992 0.8412 -0.4505
vn -0.5750 0.8092 -0.1204
vn -0.0868 0.1596 -0.9834
vn -0.6484 0.6038 0.4637
vn 0.0993 0.1784 0.9789
vn -0.2986 0.7983 0.5231
vn 0.0087 -0.1107 0.9938
vn -0.7672 0.6216 -0.1582
vn -0.9211 0.1312 0.3665
vn -0.6991 0.5743 -0.4259
vn -0.4712 0.5627 -0.6793
vn -0.7152 0.2212 -0.6630
vn -0.5389 0.1999 -0.8183
vn 0.5382 -0.0851 0.8385
vn -0.4807 0.1892 -0.8562
vn -0.5333 0.4921 -0.6881
vn -0.1382 0.0581 -0.9887
vn -0.0000 0.0018 -1.0000
vn 0.0124 0.1685 -0.9856
vn -0.3171 0.0487 -0.9471
vn -0.3755 -0.1421 -0.9158
vn -0.3902 -0.1434 -0.9095
vn -0.5184 -0.0306 -0.8546
vn -0.4561 -0.1339 -0.8798
vn -0.6213 0.0217 -0.7833
vn -0.3953 -0.5173 -0.7591
vn -0.2422 -0.4945 -0.8348
vn -0.2697 -0.1823 -0.9455
vn -0.3966 -0.1954 -0.8970
vn -0.1920 -0.0234 -0.9811
vn -0.1548 -0.0901 -0.9838
vn -0.0088 -0.0425 -0.9991
vn 0.0013 -0.0002 -1.0000
vn 0.9995 -0.0204 -0.0258
vn 0.9972 -0.0458 -0.0594
vn -0.3332 -0.4945 0.8028
vn 0.9994 -0.0354 -0.0014
vn 0.9987 -0.0483 -0.0171
vn 1.0000 -0.0000 -0.0000
vn 0.9989 -0.0408 -0.0243
vn 1.0000 0.0075 -0.0000
vn 0.9930 0.1182 0.0009
vn 0.9936 0.1049 -0.0414
vn 0.9558 0.2789 -0.0934
vn 0.9682 0.2491 -0.0250
vn 0.9872 0.1360 0.0836
vn 0.9910 0.0910 -0.0983
vn 0.9462 0.2225 -0.2351
vn 0.9746 0.1896 -0.1192
vn 0.9201 0.3468 -0.1821
vn 0.9678 0.2502 0.0264
vn 0.9218 0.3726 -0.1073
vn 0.9350 0.3536 -0.0261
vn 0.8923 0.2321 -0.3872
vn 0.9113 0.2093 -0.3547
vn 0.9886 0.0896 -0.1209
vn 0.9178 0.2516 -0.3073
vn 0.8781 0.3571 -0.3184
vn 0.9744 0.1500 -0.1672
vn 0.9412 0.2729 -0.1994
vn 0.9602 0.2785 0.0233
vn 0.9605 0.2774 0.0244
vn 0.9915 0.1283 -0.0218
vn 0.9791 0.0289 -0.2014
vn 0.9488 0.1442 -0.2812
vn 0.9975 -0.0479 -0.0518
vn 0.7217 0.1385 -0.6782
vn 0.8489 0.0942 -0.5201
vn 0.9390 0.0588 -0.3387
vn 0.7909 0.2891 -0.5393
vn 0.7662 0.2855 -0.5757
vn 0.9976 0.0313 -0.0609
vn 0.9977 0.0312 -0.0608
vn 0.9996 0.0270 -0.0006
vn 0.9593 0.0577 -0.2764
vn 0.7724 0.2817 0.5692
vn -0.4147 -0.6681 0.6178
vn -0.3401 -0.9089 0.2412
vn -0.2049 -0.2769 0.9388
vn -0.1266 -0.6625 0.7383
vn 0.0143 -0.4306 0.9024
vn -0.0415 -0.7770 0.6281
vn -0.9055 -0.3896 0.1680
vn -0.5435 -0.2590 0.7984
vn -0.7900 -0.1677 0.5898
vn -0.8871 -0.3845 0.2552
vn -0.0001 -1.0000 -0.0000
vn -0.9438 -0.1649 0.2864
vn -0.9763 -0.1682 -0.1363
vn -0.9893 -0.1415 0.0347
vn -0.6638 -0.2518 0.7043
vn -0.7802 -0.2729 0.5629
vn -0.9767 -0.2086 -0.0510
vn -0.4134 -0.3451 0.8426
vn -0.5246 -0.5085 0.6828
vn -0.1239 -0.8824 0.4539
vn -0.2717 -0.8381 0.4730
vn -0.5069 -0.5238 0.6847
vn -0.1901 -0.9665 0.1724
vn -0.2004 -0.9633 0.1784
vn -0.9197 -0.3869 0.0663
vn -0.9043 -0.4269 0.0006
vn -0.0000 -1.0000 0.0001
vn -0.1897 -0.9018 -0.3882
vn -0.1983 -0.9445 -0.2620
vn -0.2224 -0.9422 -0.2508
vn -0.4627 -0.1942 -0.8650
vn -0.0829 -0.2678 -0.9599
vn -0.3675 -0.0039 -0.9300
vn -0.5718 -0.1219 -0.8112
vn -0.5836 -0.0192 -0.8118
vn -0.4325 -0.6053 -0.6683
vn -0.4834 -0.2298 -0.8447
vn -0.5548 -0.4112 -0.7233
vn 0.0843 -0.5958 -0.7987
vn -0.1061 -0.8252 -0.5547
vn -0.1946 -0.3987 -0.8962
vn 0.0350 -0.9970 0.0695
vn -0.0632 -0.9907 -0.1204
vn -0.2122 -0.9445 -0.2509
vn -0.4541 -0.6287 -0.6313
vn -0.6618 -0.1729 -0.7295
vn -0.6802 -0.3507 -0.6437
vn -0.5280 -0.7589 -0.3812
vn -0.7726 -0.3677 -0.5176
vn -0.4926 -0.8697 0.0307
vn -0.5097 -0.7897 0.3414
vn -0.7385 -0.4937 0.4591
vn -0.7947 -0.5935 0.1270
vn -0.8764 -0.4456 -0.1825
vn -0.8551 -0.3398 0.3916
vn -0.7399 -0.2979 -0.6032
vn -0.9368 -0.2708 0.2213
vn -0.9304 -0.1073 -0.3506
vn -0.9266 -0.2658 -0.2661
vn -0.9117 -0.1716 -0.3734
vn -0.4472 -0.6757 -0.5861
vn -0.5925 -0.3647 -0.7183
vn -0.6508 -0.2176 -0.7274
vn -0.7240 -0.0202 -0.6895
vn -0.8397 -0.0854 -0.5363
vn -0.8726 -0.3015 -0.3842
vn -0.8067 -0.3058 -0.5058
vn -0.9061 -0.4230 0.0131
vn -0.7211 -0.5488 -0.4228
vn -0.6926 -0.1997 -0.6931
vn -0.3883 -0.8895 -0.2407
vn -0.2123 -0.9626 -0.1680
vn 0.0010 -1.0000 -0.0005
vn -0.7376 -0.5893 -0.3296
vn -0.9122 -0.3192 -0.2568
vn -0.7759 -0.5598 0.2907
vn -0.9031 -0.3522 -0.2458
vn -0.8575 -0.4905 0.1553
vn -0.3509 -0.9315 -0.0958
vn -0.3088 -0.9498 0.0497
vn -0.3602 -0.9325 0.0274
vn 0.6235 -0.7138 -0.3189
vn -0.2053 -0.9787 -0.0098
vn -0.0197 -0.9998 -0.0088
vn 0.1624 -0.9813 -0.1029
vn 0.1609 -0.9867 -0.0216
vn 0.2428 -0.9700 -0.0101
vn 0.4115 -0.9112 0.0172
vn 0.3744 -0.9266 0.0340
vn 0.5860 -0.8040 -0.1007
vn 0.6165 -0.7664 -0.1807
vn 0.5648 -0.8232 0.0582
vn 0.9201 -0.3775 -0.1046
vn 0.8362 -0.5436 0.0728
vn 0.9562 -0.2581 -0.1384
vn 0.8828 -0.2336 -0.4074
vn 0.4417 -0.8219 -0.3598
vn 0.7925 -0.4747 -0.3829
vn 0.7544 -0.5025 -0.4222
vn -0.0001 -1.0000 -0.0003
vn 0.2218 -0.9546 -0.1987
vn 0.5209 -0.7129 -0.4695
vn 0.7250 -0.3381 -0.6001
vn 0.7790 -0.2324 -0.5824
vn 0.7365 -0.1121 -0.6671
vn 0.6630 0.0212 -0.7483
vn 0.2120 -0.9300 -0.3001
vn 0.4821 -0.5936 -0.6444
vn 0.5826 -0.2003 -0.7877
vn 0.9281 -0.1649 -0.3338
vn 0.9404 -0.2085 -0.2687
vn 0.8386 -0.0646 -0.5409
vn 0.9336 -0.3522 0.0655
vn 0.8756 -0.4321 0.2160
vn 0.9027 -0.3508 -0.2492
vn 0.9093 -0.4121 -0.0570
vn 0.8461 -0.5171 -0.1293
vn 0.6404 -0.7676 0.0265
vn 0.8188 -0.1613 -0.5510
vn 0.8162 -0.2634 -0.5143
vn 0.7223 -0.4248 -0.5457
vn 0.4689 -0.6204 -0.6287
vn 0.3586 -0.3614 -0.8607
vn 0.2521 -0.0211 -0.9675
vn 0.4842 -0.8750 0.0046
vn 0.2375 -0.9690 0.0679
vn 0.1702 -0.9851 -0.0253
vn 0.1052 -0.9311 -0.3492
vn -0.0131 -0.8730 -0.4876
vn 0.0212 -0.3336 -0.9425
vn 0.1975 -0.9439 -0.2645
vn 0.5771 -0.0556 -0.8148
vn 0.4519 0.0003 -0.8921
vn 0.4354 0.0944 -0.8953
vn 0.3253 -0.0313 -0.9451
vn 0.9824 -0.1658 0.0855
vn 0.3379 -0.1346 -0.9315
vn 0.1866 -0.8773 -0.4421
vn 0.2926 -0.4992 -0.8156
vn -0.0021 -1.0000 0.0001
vn 0.0150 -0.9999 -0.0014
vn 0.0011 -1.0000 0.0019
vn 0.5295 -0.8321 0.1648
vn 0.2829 -0.9264 0.2486
vn 0.2843 -0.9161 0.2829
vn 0.5929 -0.7233 0.3540
vn 0.7878 -0.6151 -0.0331
vn 0.9059 -0.4021 0.1327
vn 0.8296 -0.5126 0.2212
vn 0.6372 -0.6372 0.4335
vn 0.8617 -0.3601 0.3574
vn 0.9298 -0.3645 0.0506
vn 0.8322 -0.4132 0.3698
vn 0.0686 -0.8075 0.5859
vn 0.9161 -0.1709 0.3628
vn 0.1163 -0.9739 0.1951
vn 0.3323 -0.8201 0.4658
vn 0.1783 -0.8389 0.5143
vn 0.2786 -0.5397 0.7944
vn 0.3829 -0.3563 0.8523
vn 0.6585 -0.1879 0.7288
vn 0.7912 -0.3639 0.4916
vn 0.0904 -0.9631 0.2534
vn -0.0005 -0.8700 0.4930
vn 0.0782 -0.7452 0.6622
vn 0.6546 -0.6612 0.3663
vn 0.4884 -0.3261 0.8094
vn 0.1598 -0.3319 0.9297
vn 0.2193 -0.1931 0.9564
vn 0.0839 -0.2160 0.9728
vn -0.0105 -0.6500 0.7598
vn 0.0114 -0.3966 0.9179
vn 0.1068 -0.3585 0.9274
vn -0.1307 -0.2036 0.9703
vn 0.2022 -0.9620 0.1833
vn 0.4188 -0.6189 0.6645
vn 0.1459 -0.4568 0.8775
vn -0.9981 -0.0471 -0.0396
vn -0.0625 -0.3555 0.9326
vn -0.0013 1.0000 0.0032
vn -0.0000 1.0000 -0.0003
vn -0.9382 0.1436 -0.3149
vn -0.9884 0.0661 -0.1366
vn -0.9974 0.0686 -0.0214
vn -0.9000 0.2298 -0.3704
vn -0.9610 0.1298 -0.2443
vn -0.9605 0.1303 -0.2458
vn -0.8883 0.1900 -0.4182
vn -0.8302 0.2246 -0.5102
vn -0.8595 0.2163 -0.4631
vn -0.9125 0.1627 -0.3754
vn -0.9944 0.0487 -0.0939
vn -0.9869 0.1106 -0.1171
vn -0.9718 0.1385 -0.1907
vn -0.9543 0.1713 -0.2450
vn -0.9974 0.0710 0.0097
vn -0.9773 0.1966 -0.0794
vn -0.9797 0.1605 -0.1201
vn -0.9471 0.2386 -0.2145
vn -0.9777 0.2075 -0.0307
vn -0.9734 0.2285 0.0167
vn -0.9623 0.2367 -0.1340
vn -0.9765 0.2098 -0.0487
vn -0.9812 0.1573 -0.1115
vn -0.9836 0.1804 -0.0072
vn -0.9910 0.1333 0.0089
vn -0.9953 0.0967 -0.0065
vn -0.9978 0.0611 -0.0258
vn -0.9874 0.1494 -0.0512
vn -0.9989 0.0464 0.0104
vn -0.9939 -0.1084 -0.0216
vn -0.9938 -0.1107 -0.0129
vn -0.9996 0.0036 -0.0294
vn -0.9942 -0.0514 -0.0942
vn -0.9911 -0.0993 -0.0881
vn -0.9960 -0.0767 -0.0455
vn -0.9990 -0.0437 -0.0051
vn -0.9843 -0.0755 -0.1594
vn -0.9901 -0.0557 -0.1291
vn -0.9945 -0.0412 -0.0961
vn 0.1578 -0.1282 0.9791
vn 0.1165 -0.1577 0.9806
vn -0.0934 -0.1839 0.9785
vn 0.1536 -0.2578 0.9539
vn 0.2840 -0.2602 0.9228
vn 0.4410 -0.2990 0.8463
vn 0.3307 -0.3124 0.8905
vn 0.4892 -0.2430 0.8377
vn 0.3879 -0.1921 0.9015
vn 0.5103 -0.2731 0.8155
vn 0.5544 -0.1663 0.8154
vn -0.0038 -0.3131 0.9497
vn 0.0577 -0.3247 0.9441
vn 0.1305 -0.3254 0.9365
vn 0.1454 -0.3965 0.9064
vn 0.2007 -0.4023 0.8933
vn 0.0855 -0.4108 0.9077
vn 0.0754 -0.4535 0.8881
vn 0.0843 -0.4469 0.8906
vn 0.1959 -0.4065 0.8924
vn 0.2730 -0.3162 0.9086
vn 0.1843 -0.3938 0.9005
vn 0.3038 -0.3585 0.8827
vn 0.2717 -0.3478 0.8973
vn 0.3782 -0.2957 0.8773
vn 0.2982 -0.1514 0.9424
vn 0.3392 -0.1976 0.9197
vn 0.2386 -0.1318 0.9621
vn 0.1784 -0.1123 0.9775
vn 0.0190 -0.0026 0.9998
vn 0.3476 -0.0970 0.9326
vn 0.0701 -0.0006 0.9975
vn 0.0715 -0.4077 0.9103
vn 0.1392 -0.4003 0.9058
vn 0.1172 -0.2560 0.9595
vn 0.0535 -0.2656 0.9626
vn 0.1748 -0.3033 0.9367
vn 0.0205 -0.1395 0.9900
vn 0.0098 -0.0355 0.9993
vn 0.0243 -0.1662 0.9858
vn 0.0115 -0.0198 0.9997
vn 0.0172 -0.0163 0.9997
vn -0.0454 -0.0396 0.9982
vn -0.0507 -0.0465 0.9976
vn -0.0010 -0.0134 0.9999
vn -0.0409 -0.0583 0.9975
vn -0.0046 -0.0114 0.9999
vn -0.0006 -0.0291 0.9996
vn -0.0221 -0.1393 0.9900
vn -0.0902 -0.1216 0.9885
vn -0.1395 -0.1795 0.9738
vn -0.0891 -0.1954 0.9767
vn -0.1234 -0.2295 0.9655
vn -0.0275 -0.1789 0.9835
vn -0.0177 -0.2439 0.9697
vn -0.1047 -0.3266 0.9394
vn -0.0878 -0.3418 0.9357
vn -0.0271 -0.4136 0.9101
vn -0.0586 -0.0124 0.9982
vn -0.2432 -0.0572 0.9683
vn -0.2895 -0.1139 0.9504
vn -0.4195 -0.2301 0.8781
vn -0.0482 -0.0143 0.9987
vn -0.1138 -0.0957 0.9889
vn -0.2030 -0.1571 0.9665
vn -0.3732 -0.3045 0.8763
vn -0.3984 -0.3039 0.8654
vn -0.4235 -0.2853 0.8598
vn -0.1905 -0.2648 0.9453
vn -0.2424 -0.3195 0.9160
vn -0.1216 -0.4292 0.8950
vn -0.2598 -0.4264 0.8665
vn -0.6088 -0.2735 0.7447
vn -0.5671 -0.2007 0.7988
vn -0.3850 -0.1778 0.9056
vn -0.4947 -0.2793 0.8230
vn -0.4534 -0.3562 0.8171
vn -0.3916 -0.3280 0.8597
vn -0.2289 -0.2894 0.9294
vn -0.1442 -0.1158 0.9827
vn -0.0575 -0.0980 0.9935
vt 0.499999 0.749967
vt 0.503141 0.749966
vt 0.249838 0.746950
vt 0.250000 0.500001
vt 0.500050 0.591873
vt 0.059812 0.746870
vt 0.249960 0.939981
vt 0.500000 0.348571
vt 0.650941 0.499337
vt 0.500000 0.999997
vt 0.500000 0.000038
vt 0.749995 0.749965
vt 0.469326 0.000030
vt 0.469323 1.000000
vt 0.251432 0.087962
vt 0.001389 0.663164
vt 0.279939 0.747427
vt 0.672428 0.588677
vt 0.643294 0.592155
vt 0.670454 0.539303
vt 0.640580 0.531889
vt 0.639496 0.551157
vt 0.639375 0.513290
vt 0.745335 0.691847
vt 0.499533 0.056115
vt 0.737559 0.750035
vt 0.500000 0.987560
vt 0.544684 0.750180
vt 0.500000 0.794679
vt 0.481661 0.001202
vt 0.481440 0.998129
vt 0.276283 0.093247
vt 0.250007 0.862839
vt 0.137153 0.748523
vt 0.289512 0.825569
vt 0.482974 0.752867
vt 0.485293 0.714750
vt 0.016331 0.651548
vt 0.026004 0.673501
vt 0.046739 0.629255
vt 0.211606 0.605946
vt 0.178572 0.679437
vt 0.189039 0.729353
vt 0.169328 0.748623
vt 0.250017 0.830717
vt 0.670390 0.556462
vt 0.635283 0.590287
vt 0.647083 0.563295
vt 0.650080 0.542660
vt 0.632826 0.531357
vt 0.654697 0.521253
vt 0.706945 0.672748
vt 0.638025 0.633543
vt 0.634711 0.648067
vt 0.503797 0.685645
vt 0.613427 0.523730
vt 0.616112 0.545347
vt 0.602544 0.558334
vt 0.623761 0.589141
vt 0.625578 0.601532
vt 0.602029 0.580546
vt 0.610404 0.607967
vt 0.474090 0.000774
vt 0.474023 0.999888
vt 0.271204 0.222865
vt 0.285194 0.144542
vt 0.268512 0.177345
vt 0.277102 0.165387
vt 0.298321 0.078342
vt 0.291358 0.065748
vt 0.306728 0.024433
vt 0.491441 0.000005
vt 0.492039 0.997571
vt 0.493467 0.975352
vt 0.490631 0.939294
vt 0.313420 0.985811
vt 0.293163 0.001861
vt 0.292268 0.997910
vt 0.250640 0.987731
vt 0.013966 0.747585
vt 0.250761 0.973875
vt 0.026372 0.749429
vt 0.254461 0.937069
vt 0.286743 0.940228
vt 0.286057 0.916878
vt 0.270072 0.919817
vt 0.259355 0.930435
vt 0.250062 0.890177
vt 0.109839 0.749847
vt 0.263025 0.856912
vt 0.250052 0.852409
vt 0.147637 0.749889
vt 0.262799 0.819234
vt 0.285671 0.820446
vt 0.279391 0.809148
vt 0.264700 0.792983
vt 0.258820 0.789970
vt 0.260153 0.750178
vt 0.259258 0.765533
vt 0.269409 0.750239
vt 0.285662 0.775768
vt 0.287828 0.760249
vt 0.305713 0.747950
vt 0.303209 0.773296
vt 0.595770 0.749996
vt 0.500057 0.845781
vt 0.483854 0.824912
vt 0.494008 0.824555
vt 0.487070 0.808087
vt 0.460670 0.749825
vt 0.477835 0.748970
vt 0.250140 0.468280
vt 0.202518 0.513516
vt 0.249522 0.699848
vt 0.300884 0.672991
vt 0.287081 0.712935
vt 0.250163 0.612443
vt 0.248281 0.580383
vt 0.261374 0.566379
vt 0.491383 0.655793
vt 0.038520 0.691575
vt 0.054342 0.715377
vt 0.050902 0.655637
vt 0.070409 0.576925
vt 0.172811 0.593164
vt 0.157419 0.749088
vt 0.250000 0.842564
vt 0.182832 0.747963
vt 0.250000 0.817197
vt 0.196798 0.652991
vt 0.669536 0.579507
vt 0.661948 0.580517
vt 0.666307 0.557699
vt 0.672216 0.607221
vt 0.655774 0.617479
vt 0.662785 0.598819
vt 0.647186 0.605686
vt 0.636528 0.604616
vt 0.649255 0.629367
vt 0.636594 0.613969
vt 0.648242 0.571808
vt 0.638214 0.583227
vt 0.631432 0.581934
vt 0.629755 0.586884
vt 0.636819 0.573426
vt 0.631681 0.568551
vt 0.669692 0.525808
vt 0.665665 0.523028
vt 0.677937 0.553906
vt 0.661484 0.559696
vt 0.660053 0.539982
vt 0.646629 0.534445
vt 0.654568 0.552446
vt 0.643270 0.546265
vt 0.643152 0.560140
vt 0.634374 0.552322
vt 0.627311 0.551225
vt 0.638576 0.540654
vt 0.629255 0.539235
vt 0.632476 0.543202
vt 0.629322 0.534817
vt 0.639549 0.507019
vt 0.652181 0.523551
vt 0.644791 0.524590
vt 0.640048 0.518511
vt 0.634059 0.527344
vt 0.499960 0.366829
vt 0.635454 0.500700
vt 0.749753 0.620186
vt 0.499970 0.129841
vt 0.733683 0.653109
vt 0.723240 0.710617
vt 0.724863 0.750297
vt 0.500000 0.974901
vt 0.718631 0.733487
vt 0.499452 0.958625
vt 0.700089 0.748540
vt 0.500000 0.949718
vt 0.688626 0.750182
vt 0.499255 0.938250
vt 0.692785 0.712641
vt 0.670551 0.749814
vt 0.499999 0.920498
vt 0.703924 0.650909
vt 0.658980 0.632405
vt 0.637223 0.641285
vt 0.625555 0.627210
vt 0.601385 0.632870
vt 0.619431 0.636827
vt 0.575390 0.681209
vt 0.583731 0.749991
vt 0.499938 0.833778
vt 0.562663 0.749818
vt 0.499091 0.813767
vt 0.499907 0.782548
vt 0.532537 0.749824
vt 0.517225 0.750045
vt 0.500000 0.767204
vt 0.543122 0.719300
vt 0.537063 0.678612
vt 0.500909 0.636556
vt 0.608006 0.500916
vt 0.499985 0.390507
vt 0.621384 0.508331
vt 0.618818 0.527839
vt 0.601038 0.520386
vt 0.621094 0.540199
vt 0.626730 0.529260
vt 0.625584 0.539917
vt 0.618062 0.545283
vt 0.612087 0.543159
vt 0.617891 0.551199
vt 0.609161 0.570761
vt 0.594662 0.571768
vt 0.603624 0.541617
vt 0.590471 0.560982
vt 0.595693 0.517986
vt 0.617188 0.566783
vt 0.622997 0.550872
vt 0.618843 0.576294
vt 0.620421 0.574815
vt 0.615212 0.563155
vt 0.612422 0.591202
vt 0.613769 0.582134
vt 0.623130 0.609622
vt 0.610829 0.620744
vt 0.601287 0.620605
vt 0.586517 0.584718
vt 0.536976 0.615056
vt 0.495739 0.000065
vt 0.495854 0.999344
vt 0.488452 0.031561
vt 0.479947 0.091129
vt 0.250000 0.250001
vt 0.000000 0.499999
vt 0.250335 0.226193
vt 0.000106 0.523263
vt 0.250014 0.202221
vt 0.000357 0.548029
vt 0.269568 0.205240
vt 0.293746 0.147290
vt 0.281691 0.185735
vt 0.249955 0.173027
vt 0.000059 0.576955
vt 0.257117 0.181656
vt 0.264133 0.133451
vt 0.251393 0.138871
vt 0.000935 0.609241
vt 0.301695 0.133452
vt 0.291133 0.114423
vt 0.283067 0.091700
vt 0.271451 0.089800
vt 0.275447 0.119056
vt 0.257133 0.112803
vt 0.265630 0.107485
vt 0.261811 0.092354
vt 0.311292 0.000207
vt 0.311246 0.999922
vt 0.291736 0.033884
vt 0.285592 0.001068
vt 0.285380 0.999756
vt 0.308356 0.063714
vt 0.280697 0.069048
vt 0.290081 0.053730
vt 0.269666 0.000578
vt 0.269532 0.999679
vt 0.262650 0.059578
vt 0.250222 0.048368
vt 0.000793 0.700905
vt 0.277525 0.000639
vt 0.277403 0.999700
vt 0.259334 0.000374
vt 0.259305 1.000013
vt 0.487163 0.997648
vt 0.487741 0.000012
vt 0.488940 0.980777
vt 0.477259 0.991371
vt 0.469342 0.980166
vt 0.472635 0.985909
vt 0.482123 0.982158
vt 0.478548 0.977241
vt 0.490601 0.988414
vt 0.497183 0.971195
vt 0.494675 0.959025
vt 0.486174 0.968189
vt 0.483685 0.958073
vt 0.489070 0.950834
vt 0.471533 0.955625
vt 0.495181 0.949409
vt 0.486005 0.934863
vt 0.483732 0.928288
vt 0.499882 0.930052
vt 0.680122 0.750055
vt 0.321849 0.003173
vt 0.322274 1.000241
vt 0.315633 0.964506
vt 0.303460 0.004447
vt 0.304774 0.999025
vt 0.288726 0.982150
vt 0.298343 0.972296
vt 0.307996 0.980096
vt 0.272397 0.991374
vt 0.264686 0.990400
vt 0.258394 0.977375
vt 0.266932 0.979382
vt 0.274724 0.982155
vt 0.269870 0.967439
vt 0.275971 0.961207
vt 0.268578 0.955119
vt 0.284175 0.966577
vt 0.261579 0.964575
vt 0.250000 0.962007
vt 0.037996 0.749124
vt 0.254262 0.961794
vt 0.260712 0.957028
vt 0.250000 0.950629
vt 0.049366 0.748776
vt 0.254821 0.945977
vt 0.260900 0.943981
vt 0.274760 0.951535
vt 0.278523 0.941213
vt 0.297128 0.960258
vt 0.300483 0.958734
vt 0.286046 0.947397
vt 0.301384 0.949770
vt 0.305477 0.941380
vt 0.289678 0.935349
vt 0.294038 0.932073
vt 0.288076 0.910324
vt 0.279226 0.934383
vt 0.263056 0.933461
vt 0.276677 0.917216
vt 0.272260 0.927609
vt 0.249906 0.925308
vt 0.074789 0.749723
vt 0.259710 0.922471
vt 0.249914 0.917025
vt 0.082980 0.749694
vt 0.096232 0.749567
vt 0.250249 0.904005
vt 0.261087 0.911676
vt 0.266502 0.904299
vt 0.250031 0.876617
vt 0.122976 0.747975
vt 0.277954 0.893572
vt 0.266383 0.874921
vt 0.258948 0.846826
vt 0.274588 0.839207
vt 0.275840 0.849712
vt 0.266177 0.833214
vt 0.259162 0.839053
vt 0.257296 0.829456
vt 0.254788 0.818651
vt 0.276264 0.829628
vt 0.271489 0.815604
vt 0.285966 0.849885
vt 0.287648 0.834831
vt 0.303134 0.813308
vt 0.301678 0.804071
vt 0.288303 0.794743
vt 0.296014 0.798249
vt 0.270526 0.799763
vt 0.264061 0.805272
vt 0.256956 0.806123
vt 0.255761 0.797902
vt 0.250143 0.788807
vt 0.211269 0.749482
vt 0.279978 0.791196
vt 0.276238 0.785268
vt 0.265317 0.780311
vt 0.271912 0.775128
vt 0.258102 0.780812
vt 0.250141 0.775054
vt 0.225256 0.749382
vt 0.254857 0.773648
vt 0.250070 0.759257
vt 0.240164 0.747967
vt 0.265063 0.763492
vt 0.278810 0.761301
vt 0.271223 0.758549
vt 0.293506 0.780426
vt 0.288047 0.749422
vt 0.297247 0.760633
vt 0.307733 0.764200
vt 0.299135 0.769688
vt 0.301487 0.749916
vt 0.310226 0.749601
vt 0.492488 0.832876
vt 0.477843 0.830298
vt 0.487749 0.819639
vt 0.467051 0.804421
vt 0.493186 0.810364
vt 0.479079 0.808843
vt 0.468205 0.797793
vt 0.481931 0.790547
vt 0.472597 0.793484
vt 0.471552 0.767644
vt 0.496116 0.791611
vt 0.489753 0.785398
vt 0.463244 0.771685
vt 0.497034 0.769751
vt 0.495119 0.780125
vt 0.490147 0.773026
vt 0.485042 0.775119
vt 0.493089 0.766037
vt 0.475430 0.774218
vt 0.479443 0.777245
vt 0.470451 0.749778
vt 0.476447 0.758877
vt 0.485053 0.762992
vt 0.489359 0.760944
vt 0.261338 0.720837
vt 0.277925 0.706620
vt 0.296527 0.718543
vt 0.248187 0.670756
vt 0.273851 0.664281
vt 0.271571 0.723874
vt 0.249859 0.637999
vt 0.258191 0.633681
vt 0.267757 0.619589
vt 0.270889 0.642384
vt 0.285854 0.618385
vt 0.281871 0.672823
vt 0.292936 0.666588
vt 0.315789 0.749796
vt 0.271990 0.592096
vt 0.285943 0.558389
vt 0.300326 0.627793
vt 0.248620 0.550556
vt 0.260622 0.538013
vt 0.279354 0.574478
vt 0.249638 0.523866
vt 0.267001 0.506938
vt 0.477530 0.657313
vt 0.475399 0.715950
vt 0.492439 0.685616
vt 0.464387 0.749947
vt 0.473982 0.703052
vt 0.494740 0.750573
vt 0.488406 0.750381
vt 0.250002 0.000835
vt 0.250002 0.999995
vt 0.000083 0.749333
vt 0.011011 0.721334
vt 0.027066 0.727963
vt 0.024325 0.700934
vt 0.049876 0.682245
vt 0.038618 0.727356
vt 0.010756 0.666779
vt 0.250719 0.107601
vt 0.000281 0.644812
vt 0.019342 0.621971
vt 0.032920 0.641992
vt 0.065224 0.660938
vt 0.100524 0.693768
vt 0.078362 0.625637
vt 0.249950 0.932812
vt 0.067240 0.748958
vt 0.084769 0.709970
vt 0.074258 0.701908
vt 0.091699 0.690515
vt 0.010967 0.592032
vt 0.030243 0.608336
vt 0.022528 0.560098
vt 0.031815 0.590185
vt 0.075182 0.563650
vt 0.035892 0.539543
vt 0.052061 0.582843
vt 0.100139 0.639344
vt 0.135256 0.652343
vt 0.208428 0.533102
vt 0.217601 0.550493
vt 0.220688 0.564447
vt 0.188728 0.631209
vt 0.183065 0.613044
vt 0.231676 0.598058
vt 0.215227 0.627007
vt 0.157926 0.708627
vt 0.176217 0.705343
vt 0.149229 0.657453
vt 0.164674 0.665337
vt 0.208526 0.678457
vt 0.220930 0.637510
vt 0.240089 0.635756
vt 0.214211 0.697629
vt 0.225157 0.655492
vt 0.234958 0.677870
vt 0.251149 0.803424
vt 0.196564 0.748035
vt 0.203513 0.729119
vt 0.213323 0.730157
vt 0.224613 0.699281
vt 0.237870 0.701725
vt 0.226021 0.729787
vt 0.241090 0.721371
vt 0.662963 0.615001
vt 0.643611 0.569445
vt 0.646536 0.580450
vt 0.664256 0.537191
vt 0.675476 0.563017
vt 0.653610 0.538221
vt 0.647682 0.541326
vt 0.636915 0.534150
vt 0.656371 0.512421
vt 0.642652 0.532631
vt 0.640499 0.526724
vt 0.633982 0.529297
vt 0.747376 0.710172
vt 0.500000 0.040173
vt 0.628029 0.517843
vt 0.628044 0.525181
vt 0.626159 0.534241
vt 0.624334 0.533869
vt 0.620753 0.568391
vt 0.629305 0.578791
vt 0.599247 0.597849
vt 0.500000 0.500000
vt 0.487049 0.061406
vt 0.750000 0.500000
vt 0.500000 0.250000
vt 0.300804 0.110472
vt 0.269899 0.060658
vt 0.315409 0.000833
vt 0.315423 0.999981
vt 0.278204 0.045000
vt 0.496209 0.983580
vt 0.466179 0.000016
vt 0.466177 1.000033
vt 0.478645 0.968499
vt 0.474098 0.968472
vt 0.474198 0.953396
vt 0.479142 0.955430
vt 0.483411 0.946129
vt 0.305548 0.985715
vt 0.281915 0.989609
vt 0.278643 0.973598
vt 0.253886 0.953525
vt 0.262885 0.948642
vt 0.308924 0.966434
vt 0.290833 0.957126
vt 0.271938 0.934867
vt 0.273939 0.821943
vt 0.285813 0.808796
vt 0.296450 0.805563
vt 0.295626 0.788564
vt 0.279945 0.771416
vt 0.308784 0.774181
vt 0.312815 0.779503
vt 0.477200 0.816964
vt 0.484679 0.800176
vt 0.477068 0.790145
vt 0.467956 0.769182
vt 0.261107 0.651944
vt 0.011040 0.695049
vt 0.072241 0.652258
vt 0.064995 0.713151
vt 0.060645 0.685086
vt 0.055007 0.607754
vt 0.216572 0.581787
vt 0.194537 0.673299
vt 0.182063 0.723702
vt 0.191263 0.692364
vt 0.196296 0.706642
s 0
f 637/725/979 618/705/979 945/1075/979
f 646/740/980 618/705/980 637/725/980
f 603/690/981 646/740/981 647/741/981
f 927/1056/982 600/687/982 526/602/982
f 600/687/983 605/692/983 601/688/983
f 526/602/984 600/687/984 602/689/984
f 600/687/985 601/688/985 602/689/985
f 602/689/986 601/688/986 619/706/986
f 619/706/987 601/688/987 610/697/987
f 647/741/988 923/1052/988 603/690/988
f 923/1052/989 604/691/989 605/692/989
f 504/574/990 923/1052/990 605/692/990
f 606/693/991 607/694/991 505/575/991
f 604/691/992 608/695/992 606/693/992
f 606/693/993 609/696/993 607/694/993
f 533/609/994 682/781/994 609/696/994
f 505/575/995 607/694/995 527/603/995
f 609/696/996 540/616/996 607/694/996
f 540/616/997 539/615/997 527/603/997
f 601/688/998 925/1054/998 610/697/998
f 610/697/999 611/698/999 924/1053/999
f 924/1053/1000 614/701/1000 624/711/1000
f 925/1054/1001 611/698/1001 610/697/1001
f 925/1054/1002 527/603/1002 611/698/1002
f 614/701/1003 612/699/1003 941/1071/1003
f 611/698/1004 527/603/1004 613/700/1004
f 527/603/1005 539/615/1005 613/700/1005
f 611/698/1006 613/700/1006 612/699/1006
f 613/700/1007 677/776/1007 612/699/1007
f 612/699/1008 678/777/1008 941/1071/1008
f 624/711/1009 615/702/1009 508/578/1009
f 924/1053/1010 612/699/1010 614/701/1010
f 614/701/1011 941/1071/1011 615/702/1011
f 941/1071/1012 940/1070/1012 615/702/1012
f 625/712/1013 615/702/1013 626/713/1013
f 616/703/1014 506/576/1014 617/704/1014
f 506/576/1015 531/607/1015 617/704/1015
f 926/1055/1016 531/607/1016 506/576/1016
f 616/703/1017 617/704/1017 931/1060/1017
f 616/703/1018 499/565/1018 945/1075/1018
f 616/703/1019 931/1060/1019 499/565/1019
f 618/705/1020 506/576/1020 616/703/1020
f 622/709/1021 529/605/1021 621/708/1021
f 623/710/1022 508/578/1022 627/714/1022
f 529/605/1023 932/1061/1023 621/708/1023
f 623/710/1024 930/1059/1024 929/1058/1024
f 528/604/1025 623/710/1025 929/1058/1025
f 528/604/1026 624/711/1026 623/710/1026
f 930/1059/1027 530/606/1027 507/577/1027
f 627/714/1028 628/715/1028 930/1059/1028
f 629/716/1029 626/713/1029 628/715/1029
f 930/1059/1030 628/715/1030 630/717/1030
f 530/606/1031 630/717/1031 938/1068/1031
f 531/607/1032 509/579/1032 931/1060/1032
f 499/565/1033 631/718/1033 636/724/1033
f 928/1057/1034 633/720/1034 632/719/1034
f 632/719/1035 634/721/1035 531/607/1035
f 634/721/1036 509/579/1036 531/607/1036
f 509/579/1037 634/721/1037 936/1066/1037
f 933/1062/1038 937/1067/1038 633/720/1038
f 933/1062/1039 635/722/1039 665/764/1039
f 634/721/1040 937/1067/1040 936/1066/1040
f 631/718/1041 509/579/1041 661/760/1041
f 509/579/1042 936/1066/1042 661/760/1042
f 510/580/1043 935/1064/1043 639/728/1043
f 935/1064/1044 641/731/1044 639/728/1044
f 510/580/1045 639/728/1045 532/608/1045
f 500/568/1046 511/582/1046 640/729/1046
f 642/733/1047 643/735/1047 644/737/1047
f 532/608/1048 639/728/1048 644/737/1048
f 644/737/1049 736/849/1049 645/738/1049
f 534/610/1050 648/742/1050 647/741/1050
f 648/742/1051 651/745/1051 649/743/1051
f 645/738/1052 652/746/1052 686/785/1052
f 578/661/1053 652/746/1053 645/738/1053
f 512/584/1054 655/752/1054 657/755/1054
f 657/755/1055 535/611/1055 658/756/1055
f 652/746/1056 658/756/1056 686/785/1056
f 658/756/1057 659/757/1057 686/785/1057
f 636/724/1058 661/760/1058 660/758/1058
f 536/612/1059 672/771/1059 663/762/1059
f 661/760/1060 663/762/1060 660/758/1060
f 938/1068/1061 664/763/1061 939/1069/1061
f 665/764/1062 537/613/1062 662/761/1062
f 664/763/1063 667/766/1063 537/613/1063
f 664/763/1064 669/768/1064 667/766/1064
f 940/1070/1065 669/768/1065 676/775/1065
f 679/778/1066 670/769/1066 537/613/1066
f 675/774/1067 679/778/1067 669/768/1067
f 537/613/1068 670/769/1068 668/767/1068
f 668/767/1069 670/769/1069 538/614/1069
f 669/768/1070 679/778/1070 537/613/1070
f 672/771/1071 671/770/1071 673/772/1071
f 668/767/1072 538/614/1072 672/771/1072
f 672/771/1073 673/772/1073 663/762/1073
f 673/772/1074 685/784/1074 674/773/1074
f 674/773/1075 943/1073/1075 660/758/1075
f 678/777/1076 675/774/1076 940/1070/1076
f 941/1071/1077 678/777/1077 940/1070/1077
f 677/776/1078 679/778/1078 675/774/1078
f 540/616/1079 681/780/1079 539/615/1079
f 540/616/1080 680/779/1080 681/780/1080
f 680/779/1081 670/769/1081 681/780/1081
f 680/779/1082 541/617/1082 670/769/1082
f 542/618/1083 541/617/1083 680/779/1083
f 538/614/1084 541/617/1084 671/770/1084
f 682/781/1085 680/779/1085 540/616/1085
f 649/743/1086 542/618/1086 682/781/1086
f 683/782/1087 942/1072/1087 542/618/1087
f 684/783/1088 685/784/1088 942/1072/1088
f 650/744/1089 943/1073/1089 685/784/1089
f 650/744/1090 686/785/1090 943/1073/1090
f 685/784/1091 673/772/1091 671/770/1091
f 687/786/1092 719/831/1092 551/628/1092
f 688/788/1093 513/586/1093 719/831/1093
f 689/789/1094 951/1083/1094 501/569/1094
f 688/788/1095 543/619/1095 513/586/1095
f 944/1074/1096 501/569/1096 543/619/1096
f 689/789/1097 501/569/1097 944/1074/1097
f 637/726/1098 689/789/1098 944/1074/1098
f 945/1076/1099 689/789/1099 637/726/1099
f 544/621/1100 690/790/1100 691/792/1100
f 693/796/1101 697/801/1101 546/623/1101
f 946/1077/1102 545/622/1102 701/806/1102
f 945/1076/1103 544/621/1103 700/805/1103
f 700/805/1104 695/798/1104 694/797/1104
f 695/798/1105 547/624/1105 694/797/1105
f 695/798/1106 546/623/1106 547/624/1106
f 545/622/1107 547/624/1107 704/809/1107
f 547/624/1108 698/802/1108 704/809/1108
f 697/801/1109 696/799/1109 699/803/1109
f 697/801/1110 699/803/1110 698/802/1110
f 737/850/1111 711/818/1111 948/1079/1111
f 700/805/1112 737/850/1112 945/1076/1112
f 737/850/1113 700/805/1113 711/818/1113
f 711/818/1114 946/1077/1114 548/625/1114
f 548/625/1115 702/807/1115 549/626/1115
f 713/820/1116 514/588/1116 712/819/1116
f 701/806/1117 545/622/1117 704/809/1117
f 548/625/1118 701/806/1118 702/807/1118
f 702/807/1119 704/809/1119 514/588/1119
f 704/809/1120 698/802/1120 706/811/1120
f 698/802/1121 705/810/1121 706/811/1121
f 703/808/1122 706/811/1122 707/812/1122
f 706/811/1123 502/571/1123 707/812/1123
f 705/810/1124 880/1006/1124 502/571/1124
f 712/819/1125 703/808/1125 947/1078/1125
f 703/808/1126 707/812/1126 947/1078/1126
f 707/812/1127 502/571/1127 947/1078/1127
f 947/1078/1128 716/824/1128 715/823/1128
f 708/813/1129 550/627/1129 739/853/1129
f 550/627/1130 709/815/1130 739/853/1130
f 550/627/1131 713/820/1131 709/815/1131
f 555/633/1132 709/815/1132 710/816/1132
f 948/1079/1133 711/818/1133 550/627/1133
f 711/818/1134 548/625/1134 550/627/1134
f 713/820/1135 712/819/1135 709/815/1135
f 709/815/1136 712/819/1136 949/1081/1136
f 949/1081/1137 947/1078/1137 714/821/1137
f 709/815/1138 949/1081/1138 717/826/1138
f 716/824/1139 873/997/1139 718/828/1139
f 500/566/1140 687/787/1140 511/583/1140
f 719/830/1141 726/838/1141 551/629/1141
f 724/836/1142 720/832/1142 719/830/1142
f 719/830/1143 720/832/1143 726/838/1143
f 551/629/1144 950/1082/1144 687/787/1144
f 513/587/1145 724/836/1145 719/830/1145
f 721/833/1146 724/836/1146 513/587/1146
f 721/833/1147 725/837/1147 724/836/1147
f 723/835/1148 725/837/1148 721/833/1148
f 722/834/1149 953/1086/1149 723/835/1149
f 511/583/1150 950/1082/1150 640/730/1150
f 726/838/1151 552/630/1151 950/1082/1151
f 724/836/1152 729/841/1152 720/832/1152
f 720/832/1153 552/630/1153 726/838/1153
f 552/630/1154 727/839/1154 950/1082/1154
f 501/570/1155 951/1084/1155 722/834/1155
f 722/834/1156 951/1084/1156 732/844/1156
f 729/841/1157 728/840/1157 552/630/1157
f 730/842/1158 731/843/1158 728/840/1158
f 731/843/1159 733/845/1159 728/840/1159
f 728/840/1160 733/845/1160 641/732/1160
f 732/844/1161 954/1087/1161 953/1086/1161
f 954/1087/1162 956/1089/1162 955/1088/1162
f 955/1088/1163 731/843/1163 730/842/1163
f 955/1088/1164 956/1089/1164 731/843/1164
f 954/1087/1165 734/846/1165 956/1089/1165
f 956/1089/1166 553/631/1166 731/843/1166
f 731/843/1167 553/631/1167 733/845/1167
f 734/846/1168 553/631/1168 956/1089/1168
f 553/631/1169 734/846/1169 643/736/1169
f 643/736/1170 734/846/1170 736/848/1170
f 734/846/1171 735/847/1171 736/848/1171
f 736/848/1172 735/847/1172 645/739/1172
f 737/851/1173 735/847/1173 732/844/1173
f 948/1080/1174 708/814/1174 554/632/1174
f 737/851/1175 554/632/1175 738/852/1175
f 737/851/1176 738/852/1176 821/945/1176
f 765/882/1177 821/945/1177 738/852/1177
f 708/814/1178 742/857/1178 554/632/1178
f 708/814/1179 957/1090/1179 742/857/1179
f 710/817/1180 958/1091/1180 555/634/1180
f 555/634/1181 958/1091/1181 740/855/1181
f 739/854/1182 740/855/1182 741/856/1182
f 958/1091/1183 959/1092/1183 740/855/1183
f 957/1090/1184 741/856/1184 761/878/1184
f 714/822/1185 744/859/1185 746/861/1185
f 717/827/1186 743/858/1186 747/862/1186
f 714/822/1187 718/829/1187 744/859/1187
f 556/635/1188 745/860/1188 718/829/1188
f 556/635/1189 557/637/1189 745/860/1189
f 745/860/1190 752/867/1190 746/861/1190
f 958/1091/1191 747/862/1191 959/1092/1191
f 743/858/1192 746/861/1192 747/862/1192
f 747/862/1193 748/863/1193 959/1092/1193
f 749/864/1194 750/865/1194 759/876/1194
f 751/866/1195 749/864/1195 759/876/1195
f 557/637/1196 754/870/1196 745/860/1196
f 754/870/1197 755/871/1197 752/867/1197
f 753/868/1198 960/1093/1198 754/870/1198
f 752/867/1199 755/871/1199 748/863/1199
f 748/863/1200 755/871/1200 750/865/1200
f 960/1093/1201 961/1094/1201 755/871/1201
f 756/872/1202 757/874/1202 960/1093/1202
f 757/874/1203 770/887/1203 758/875/1203
f 759/876/1204 961/1094/1204 760/877/1204
f 760/877/1205 758/875/1205 964/1097/1205
f 962/1095/1206 762/879/1206 764/881/1206
f 751/866/1207 759/876/1207 763/880/1207
f 764/881/1208 766/883/1208 767/884/1208
f 962/1095/1209 767/884/1209 765/882/1209
f 762/879/1210 559/640/1210 764/881/1210
f 766/883/1211 771/888/1211 767/884/1211
f 767/884/1212 771/888/1212 560/641/1212
f 768/885/1213 780/901/1213 821/945/1213
f 760/877/1214 964/1097/1214 769/886/1214
f 758/875/1215 770/887/1215 964/1097/1215
f 562/643/1216 774/892/1216 772/889/1216
f 774/892/1217 561/642/1217 772/889/1217
f 559/640/1218 772/889/1218 771/888/1218
f 772/889/1219 561/642/1219 771/888/1219
f 886/1013/1220 774/892/1220 562/643/1220
f 886/1013/1221 773/890/1221 774/892/1221
f 775/893/1222 777/897/1222 774/892/1222
f 773/890/1223 775/893/1223 774/892/1223
f 774/892/1224 771/888/1224 561/642/1224
f 774/892/1225 777/897/1225 771/888/1225
f 777/897/1226 778/898/1226 771/888/1226
f 778/898/1227 780/901/1227 768/885/1227
f 776/896/1228 563/644/1228 778/898/1228
f 563/644/1229 779/899/1229 781/902/1229
f 780/901/1230 781/902/1230 821/945/1230
f 781/902/1231 791/912/1231 823/947/1231
f 779/899/1232 515/589/1232 564/646/1232
f 781/902/1233 784/905/1233 791/912/1233
f 781/902/1234 564/646/1234 784/905/1234
f 564/646/1235 782/903/1235 784/905/1235
f 784/905/1236 782/903/1236 783/904/1236
f 784/905/1237 783/904/1237 792/913/1237
f 783/904/1238 786/907/1238 785/906/1238
f 789/910/1239 785/906/1239 965/1098/1239
f 782/903/1240 597/683/1240 786/907/1240
f 786/907/1241 525/601/1241 787/908/1241
f 786/907/1242 787/908/1242 785/906/1242
f 785/906/1243 787/908/1243 965/1098/1243
f 787/908/1244 788/909/1244 566/649/1244
f 525/601/1245 598/685/1245 788/909/1245
f 566/649/1246 790/911/1246 965/1098/1246
f 790/911/1247 568/651/1247 965/1098/1247
f 791/912/1248 793/914/1248 823/947/1248
f 792/913/1249 783/904/1249 516/591/1249
f 791/912/1250 792/913/1250 793/914/1250
f 567/650/1251 967/1100/1251 516/591/1251
f 516/591/1252 794/915/1252 792/913/1252
f 567/650/1253 796/917/1253 967/1100/1253
f 966/1099/1254 968/1101/1254 796/917/1254
f 795/916/1255 813/937/1255 968/1101/1255
f 803/925/1256 574/657/1256 802/924/1256
f 802/924/1257 574/657/1257 795/916/1257
f 813/937/1258 817/941/1258 968/1101/1258
f 967/1100/1259 970/1103/1259 794/915/1259
f 796/917/1260 577/660/1260 967/1100/1260
f 797/918/1261 802/924/1261 568/651/1261
f 566/649/1262 799/920/1262 798/919/1262
f 788/909/1263 916/1044/1263 799/920/1263
f 799/920/1264 916/1044/1264 800/921/1264
f 916/1044/1265 801/922/1265 800/921/1265
f 798/919/1266 800/921/1266 569/652/1266
f 800/921/1267 801/922/1267 570/653/1267
f 801/922/1268 807/929/1268 806/928/1268
f 570/653/1269 804/926/1269 569/652/1269
f 570/653/1270 806/928/1270 804/926/1270
f 569/652/1271 805/927/1271 803/925/1271
f 805/927/1272 969/1102/1272 803/925/1272
f 810/934/1273 812/936/1273 805/927/1273
f 805/927/1274 811/935/1274 969/1102/1274
f 806/928/1275 808/931/1275 572/655/1275
f 572/655/1276 809/933/1276 571/654/1276
f 809/933/1277 495/559/1277 571/654/1277
f 810/934/1278 573/656/1278 812/936/1278
f 812/936/1279 503/573/1279 811/935/1279
f 968/1101/1280 817/941/1280 577/660/1280
f 577/660/1281 816/940/1281 970/1103/1281
f 970/1103/1282 857/981/1282 971/1104/1282
f 813/937/1283 815/939/1283 817/941/1283
f 574/657/1284 815/939/1284 813/937/1284
f 575/658/1285 814/938/1285 815/939/1285
f 814/938/1286 818/942/1286 815/939/1286
f 817/941/1287 818/942/1287 577/660/1287
f 815/939/1288 818/942/1288 817/941/1288
f 816/940/1289 819/943/1289 970/1103/1289
f 577/660/1290 576/659/1290 816/940/1290
f 578/662/1291 820/944/1291 653/748/1291
f 820/944/1292 579/663/1292 580/664/1292
f 820/944/1293 821/945/1293 579/663/1293
f 580/664/1294 822/946/1294 824/948/1294
f 822/946/1295 825/949/1295 581/665/1295
f 824/948/1296 973/1106/1296 831/955/1296
f 972/1105/1297 826/950/1297 825/949/1297
f 581/665/1298 825/949/1298 973/1106/1298
f 825/949/1299 828/952/1299 973/1106/1299
f 973/1106/1300 974/1107/1300 827/951/1300
f 973/1106/1301 828/952/1301 974/1107/1301
f 828/952/1302 975/1108/1302 829/953/1302
f 974/1107/1303 829/953/1303 838/962/1303
f 827/951/1304 838/962/1304 839/963/1304
f 827/951/1305 839/963/1305 836/960/1305
f 830/954/1306 655/751/1306 512/585/1306
f 973/1106/1307 827/951/1307 831/955/1307
f 830/954/1308 834/958/1308 655/751/1308
f 830/954/1309 831/955/1309 834/958/1309
f 582/666/1310 832/956/1310 823/947/1310
f 832/956/1311 975/1108/1311 826/950/1311
f 582/666/1312 869/993/1312 832/956/1312
f 655/751/1313 834/958/1313 833/957/1313
f 834/958/1314 835/959/1314 837/961/1314
f 833/957/1315 656/754/1315 655/751/1315
f 831/955/1316 836/960/1316 835/959/1316
f 838/962/1317 829/953/1317 841/965/1317
f 836/960/1318 839/963/1318 842/966/1318
f 833/957/1319 837/961/1319 871/995/1319
f 835/959/1320 842/966/1320 843/967/1320
f 871/995/1321 494/557/1321 656/754/1321
f 499/564/1322 660/759/1322 945/1076/1322
f 499/564/1323 636/723/1323 660/759/1323
f 943/1073/1324 865/989/1324 660/759/1324
f 865/989/1324 690/790/1324 945/1076/1324
f 495/559/1325 844/968/1325 571/654/1325
f 844/968/1326 573/656/1326 571/654/1326
f 849/973/1327 503/573/1327 573/656/1327
f 585/670/1328 844/968/1328 495/559/1328
f 585/670/1329 847/971/1329 844/968/1329
f 855/979/1330 587/672/1330 845/969/1330
f 855/979/1331 856/980/1331 587/672/1331
f 856/980/1332 576/659/1332 846/970/1332
f 860/984/1333 857/981/1333 586/671/1333
f 845/969/1334 587/672/1334 503/573/1334
f 976/1109/1335 849/973/1335 844/968/1335
f 850/974/1336 851/975/1336 976/1109/1336
f 850/974/1337 588/673/1337 851/975/1337
f 851/975/1338 853/977/1338 976/1109/1338
f 853/977/1339 855/979/1339 848/972/1339
f 854/978/1340 856/980/1340 853/977/1340
f 854/978/1341 586/671/1341 856/980/1341
f 854/978/1342 860/984/1342 586/671/1342
f 860/984/1343 582/666/1343 857/981/1343
f 588/673/1344 590/675/1344 852/976/1344
f 590/675/1345 858/982/1345 852/976/1345
f 858/982/1346 854/978/1346 852/976/1346
f 859/983/1347 860/984/1347 863/987/1347
f 859/983/1348 943/1073/1348 860/984/1348
f 860/984/1349 854/978/1349 858/982/1349
f 862/986/1350 859/983/1350 863/987/1350
f 864/988/1351 496/560/1351 865/989/1351
f 865/989/1352 943/1073/1352 859/983/1352
f 497/561/1343 860/984/1343 943/1073/1343
f 860/984/1353 497/561/1353 866/990/1353
f 860/984/1354 866/990/1354 582/666/1354
f 866/990/1355 497/561/1355 659/757/1355
f 866/990/1356 659/757/1356 591/676/1356
f 866/990/1357 591/676/1357 870/994/1357
f 870/994/1358 591/676/1358 868/992/1358
f 582/666/1359 866/990/1359 870/994/1359
f 867/991/1360 870/994/1360 868/992/1360
f 583/667/1361 518/593/1361 517/592/1361
f 867/991/1362 518/593/1362 583/667/1362
f 874/1000/1363 556/636/1363 873/999/1363
f 977/1110/1364 874/1000/1364 716/825/1364
f 977/1110/1365 875/1001/1365 874/1000/1365
f 520/595/1366 592/677/1366 876/1002/1366
f 877/1003/1367 593/678/1367 592/677/1367
f 877/1003/1368 980/1113/1368 593/678/1368
f 875/1001/1369 753/869/1369 557/638/1369
f 878/1004/1370 756/873/1370 753/869/1370
f 593/678/1371 498/562/1371 756/873/1371
f 593/678/1372 886/1014/1372 498/562/1372
f 879/1005/1373 520/595/1373 876/1002/1373
f 880/1007/1374 519/594/1374 502/572/1374
f 521/596/1375 883/1010/1375 594/679/1375
f 978/1111/1376 883/1010/1376 521/596/1376
f 882/1009/1377 877/1003/1377 592/677/1377
f 594/679/1378 883/1010/1378 980/1113/1378
f 883/1010/1379 888/1016/1379 980/1113/1379
f 894/1022/1380 898/1026/1380 897/1025/1380
f 885/1012/1381 897/1025/1381 884/1011/1381
f 979/1112/1382 773/891/1382 886/1014/1382
f 979/1112/1383 888/1016/1383 773/891/1383
f 889/1017/1384 776/895/1384 887/1015/1384
f 887/1015/1385 776/895/1385 775/894/1385
f 888/1016/1386 775/894/1386 773/891/1386
f 980/1113/1387 888/1016/1387 979/1112/1387
f 978/1111/1388 889/1017/1388 887/1015/1388
f 889/1017/1389 884/1011/1389 776/895/1389
f 897/1025/1390 779/900/1390 884/1011/1390
f 884/1011/1391 563/645/1391 776/895/1391
f 696/800/1392 890/1018/1392 699/804/1392
f 696/800/1393 892/1020/1393 890/1018/1393
f 893/1021/1394 891/1019/1394 890/1018/1394
f 892/1020/1395 896/1024/1395 893/1021/1395
f 895/1023/1396 595/680/1396 896/1024/1396
f 896/1024/1397 981/1114/1397 893/1021/1397
f 891/1019/1398 521/596/1398 881/1008/1398
f 893/1021/1399 981/1114/1399 521/596/1399
f 981/1114/1400 978/1111/1400 521/596/1400
f 692/795/1401 895/1023/1401 892/1020/1401
f 690/791/1402 584/669/1402 894/1022/1402
f 895/1023/1403 896/1024/1403 892/1020/1403
f 584/669/1404 898/1026/1404 894/1022/1404
f 981/1114/1405 885/1012/1405 978/1111/1405
f 896/1024/1406 885/1012/1406 981/1114/1406
f 896/1024/1407 595/680/1407 885/1012/1407
f 595/680/1408 897/1025/1408 885/1012/1408
f 899/1027/1409 864/988/1409 900/1028/1409
f 900/1028/1410 864/988/1410 861/985/1410
f 902/1030/1411 522/597/1411 905/1033/1411
f 903/1031/1412 982/1115/1412 522/597/1412
f 596/681/1413 900/1028/1413 901/1029/1413
f 982/1115/1414 861/985/1414 904/1032/1414
f 905/1033/1415 904/1032/1415 912/1040/1415
f 565/648/1416 906/1034/1416 597/682/1416
f 515/590/1417 908/1036/1417 565/648/1417
f 906/1034/1418 523/598/1418 907/1035/1418
f 597/682/1419 907/1035/1419 525/600/1419
f 906/1034/1420 907/1035/1420 597/682/1420
f 525/600/1421 907/1035/1421 984/1117/1421
f 984/1117/1422 986/1119/1422 524/599/1422
f 525/600/1423 984/1117/1423 598/684/1423
f 598/684/1424 984/1117/1424 524/599/1424
f 908/1036/1425 909/1037/1425 906/1034/1425
f 908/1036/1426 596/681/1426 909/1037/1426
f 909/1037/1427 902/1030/1427 523/598/1427
f 902/1030/1428 599/686/1428 523/598/1428
f 523/598/1429 983/1116/1429 907/1035/1429
f 523/598/1430 599/686/1430 983/1116/1430
f 599/686/1431 914/1042/1431 910/1038/1431
f 599/686/1432 911/1039/1432 914/1042/1432
f 911/1039/1433 905/1033/1433 912/1040/1433
f 912/1040/1434 588/673/1434 850/974/1434
f 912/1040/1435 850/974/1435 847/971/1435
f 913/1041/1436 915/1043/1436 919/1048/1436
f 910/1038/1437 914/1042/1437 915/1043/1437
f 919/1048/1438 915/1043/1438 920/1049/1438
f 914/1042/1439 912/1040/1439 915/1043/1439
f 915/1043/1440 912/1040/1440 847/971/1440
f 915/1043/1441 847/971/1441 920/1049/1441
f 920/1049/1442 847/971/1442 585/670/1442
f 598/684/1443 524/599/1443 916/1045/1443
f 916/1045/1444 917/1046/1444 801/923/1444
f 801/923/1445 921/1050/1445 807/930/1445
f 524/599/1446 986/1119/1446 917/1046/1446
f 985/1118/1447 910/1038/1447 986/1119/1447
f 986/1119/1448 910/1038/1448 913/1041/1448
f 917/1046/1449 919/1048/1449 918/1047/1449
f 918/1047/1450 919/1048/1450 921/1050/1450
f 921/1050/1451 920/1049/1451 922/1051/1451
f 920/1049/1452 585/670/1452 922/1051/1452
f 922/1051/1453 585/670/1453 495/559/1453
f 921/1050/1454 922/1051/1454 809/933/1454
f 945/1075/1455 618/705/1455 616/703/1455
f 927/1056/1456 504/574/1456 600/687/1456
f 646/740/1457 603/690/1457 618/705/1457
f 618/705/1458 603/690/1458 927/1056/1458
f 927/1056/1459 603/690/1459 504/574/1459
f 600/687/1460 504/574/1460 605/692/1460
f 601/688/1461 605/692/1461 505/575/1461
f 647/741/1462 608/695/1462 923/1052/1462
f 504/574/1463 603/690/1463 923/1052/1463
f 505/575/1464 605/692/1464 606/693/1464
f 605/692/1465 604/691/1465 606/693/1465
f 923/1052/1466 608/695/1466 604/691/1466
f 608/695/1467 533/609/1467 609/696/1467
f 606/693/1468 608/695/1468 609/696/1468
f 533/609/1469 649/743/1469 682/781/1469
f 609/696/1470 682/781/1470 540/616/1470
f 607/694/1471 540/616/1471 527/603/1471
f 528/604/1472 610/697/1472 924/1053/1472
f 925/1054/1473 601/688/1473 505/575/1473
f 925/1054/1474 505/575/1474 527/603/1474
f 613/700/1475 539/615/1475 677/776/1475
f 612/699/1476 677/776/1476 678/777/1476
f 624/711/1477 614/701/1477 615/702/1477
f 508/578/1478 615/702/1478 625/712/1478
f 924/1053/1479 611/698/1479 612/699/1479
f 615/702/1480 676/775/1480 626/713/1480
f 617/704/1481 531/607/1481 931/1060/1481
f 618/705/1482 927/1056/1482 506/576/1482
f 506/576/1483 927/1056/1483 526/602/1483
f 526/602/1484 602/689/1484 926/1055/1484
f 622/709/1485 619/706/1485 610/697/1485
f 625/712/1486 629/716/1486 627/714/1486 508/578/1486
f 619/706/1487 622/709/1487 620/707/1487
f 620/707/1488 622/709/1488 928/1057/1488
f 506/576/1489 526/602/1489 926/1055/1489
f 926/1055/1490 620/707/1490 531/607/1490
f 928/1057/1491 621/708/1491 933/1062/1491
f 928/1057/1492 622/709/1492 621/708/1492
f 529/605/1493 929/1058/1493 932/1061/1493
f 932/1061/1494 929/1058/1494 507/577/1494
f 623/710/1495 627/714/1495 930/1059/1495
f 929/1058/1496 930/1059/1496 507/577/1496
f 622/709/1497 528/604/1497 529/605/1497
f 529/605/1498 528/604/1498 929/1058/1498
f 622/709/1499 610/697/1499 528/604/1499
f 624/711/1500 528/604/1500 924/1053/1500
f 623/710/1501 624/711/1501 508/578/1501
f 629/716/1502 625/712/1502 626/713/1502
f 627/714/1503 629/716/1503 628/715/1503
f 632/719/1504 531/607/1504 620/707/1504 928/1057/1504
f 628/715/1505 626/713/1505 676/775/1505
f 530/606/1506 930/1059/1506 630/717/1506
f 630/717/1507 628/715/1507 666/765/1507
f 630/717/1508 666/765/1508 938/1068/1508
f 631/718/1509 931/1060/1509 509/579/1509
f 499/565/1510 931/1060/1510 631/718/1510
f 934/1063/1511 932/1061/1511 507/577/1511 530/606/1511
f 928/1057/1512 933/1062/1512 633/720/1512
f 632/719/1513 633/720/1513 634/721/1513
f 634/721/1514 633/720/1514 937/1067/1514
f 621/708/1515 635/722/1515 933/1062/1515
f 635/722/1516 621/708/1516 932/1061/1516 934/1063/1516
f 938/1068/1517 939/1069/1517 934/1063/1517 530/606/1517
f 937/1067/1518 933/1062/1518 665/764/1518
f 939/1069/1519 665/764/1519 635/722/1519 934/1063/1519
f 688/788/1520 687/786/1520 500/567/1520 935/1065/1520
f 636/724/1521 631/718/1521 661/760/1521
f 637/725/1522 638/727/1522 646/740/1522
f 646/740/1523 638/727/1523 532/608/1523
f 637/725/1524 510/580/1524 638/727/1524
f 638/727/1525 510/580/1525 532/608/1525
f 935/1064/1526 500/568/1526 640/729/1526
f 935/1064/1527 640/729/1527 641/731/1527
f 639/728/1528 641/731/1528 642/733/1528
f 644/737/1529 639/728/1529 642/733/1529
f 532/608/1530 644/737/1530 645/738/1530
f 532/608/1531 645/738/1531 646/740/1531
f 644/737/1532 643/735/1532 736/849/1532
f 645/738/1533 534/610/1533 646/740/1533
f 646/740/1534 534/610/1534 647/741/1534
f 647/741/1535 648/742/1535 608/695/1535
f 648/742/1536 533/609/1536 608/695/1536
f 648/742/1537 534/610/1537 651/745/1537
f 533/609/1538 648/742/1538 649/743/1538
f 649/743/1539 651/745/1539 683/782/1539
f 683/782/1540 651/745/1540 684/783/1540
f 534/610/1541 650/744/1541 651/745/1541
f 534/610/1542 645/738/1542 686/785/1542
f 650/744/1543 534/610/1543 686/785/1543
f 651/745/1544 650/744/1544 684/783/1544
f 578/661/1545 653/747/1545 652/746/1545
f 654/749/1546 657/755/1546 653/747/1546
f 652/746/1547 657/755/1547 658/756/1547
f 653/747/1548 657/755/1548 652/746/1548
f 654/749/1549 512/584/1549 657/755/1549
f 657/755/1550 656/753/1550 535/611/1550
f 655/752/1551 656/753/1551 657/755/1551
f 656/753/1552 494/558/1552 535/611/1552
f 658/756/1553 535/611/1553 659/757/1553
f 661/760/1554 936/1066/1554 536/612/1554
f 661/760/1555 536/612/1555 663/762/1555
f 936/1066/1556 662/761/1556 536/612/1556
f 936/1066/1557 937/1067/1557 662/761/1557
f 660/758/1558 663/762/1558 674/773/1558
f 665/764/1559 939/1069/1559 537/613/1559
f 939/1069/1560 664/763/1560 537/613/1560
f 937/1067/1561 665/764/1561 662/761/1561
f 938/1068/1562 666/765/1562 664/763/1562
f 628/715/1563 676/775/1563 666/765/1563
f 664/763/1564 666/765/1564 669/768/1564
f 662/761/1565 537/613/1565 668/767/1565
f 662/761/1566 668/767/1566 536/612/1566
f 666/765/1567 676/775/1567 669/768/1567
f 940/1070/1568 675/774/1568 669/768/1568
f 667/766/1569 669/768/1569 537/613/1569
f 672/771/1570 538/614/1570 671/770/1570
f 536/612/1571 668/767/1571 672/771/1571
f 663/762/1572 673/772/1572 674/773/1572
f 685/784/1573 943/1073/1573 674/773/1573
f 615/702/1574 940/1070/1574 676/775/1574
f 678/777/1575 677/776/1575 675/774/1575
f 677/776/1576 539/615/1576 679/778/1576
f 539/615/1577 681/780/1577 679/778/1577
f 679/778/1578 681/780/1578 670/769/1578
f 541/617/1579 942/1072/1579 671/770/1579
f 670/769/1580 541/617/1580 538/614/1580
f 682/781/1581 542/618/1581 680/779/1581
f 649/743/1582 683/782/1582 542/618/1582
f 683/782/1583 684/783/1583 942/1072/1583
f 542/618/1584 942/1072/1584 541/617/1584
f 942/1072/1585 685/784/1585 671/770/1585
f 684/783/1586 650/744/1586 685/784/1586
f 686/785/1587 659/757/1587 497/561/1587
f 943/1073/1588 686/785/1588 497/561/1588
f 687/786/1589 688/788/1589 719/831/1589
f 688/788/1590 944/1074/1590 543/619/1590
f 952/1085/1591 725/837/1591 723/835/1591 953/1086/1591
f 935/1065/1592 510/581/1592 688/788/1592
f 510/581/1593 944/1074/1593 688/788/1593
f 951/1083/1594 689/789/1594 737/850/1594
f 510/581/1595 637/726/1595 944/1074/1595
f 689/789/1594 945/1076/1594 737/850/1594
f 945/1076/1596 690/790/1596 544/621/1596
f 693/796/1597 544/621/1597 691/792/1597
f 544/621/1598 693/796/1598 695/798/1598
f 695/798/1599 693/796/1599 546/623/1599
f 693/796/1600 691/792/1600 697/801/1600
f 691/792/1601 692/794/1601 697/801/1601
f 946/1077/1602 700/805/1602 694/797/1602
f 946/1077/1603 694/797/1603 545/622/1603
f 544/621/1604 695/798/1604 700/805/1604
f 545/622/1605 694/797/1605 547/624/1605
f 697/801/1606 692/794/1606 696/799/1606
f 547/624/1607 546/623/1607 698/802/1607
f 546/623/1608 697/801/1608 698/802/1608
f 713/820/1609 702/807/1609 514/588/1609
f 549/626/1610 702/807/1610 713/820/1610
f 711/818/1611 700/805/1611 946/1077/1611
f 548/625/1612 946/1077/1612 701/806/1612
f 702/807/1613 701/806/1613 704/809/1613
f 703/808/1614 514/588/1614 706/811/1614
f 514/588/1615 704/809/1615 706/811/1615
f 698/802/1616 699/803/1616 705/810/1616
f 705/810/1617 699/803/1617 880/1006/1617
f 706/811/1618 705/810/1618 502/571/1618
f 949/1081/1619 712/819/1619 947/1078/1619
f 712/819/1620 514/588/1620 703/808/1620
f 947/1078/1621 502/571/1621 716/824/1621
f 739/853/1622 709/815/1622 555/633/1622
f 710/816/1623 709/815/1623 717/826/1623
f 708/813/1624 948/1079/1624 550/627/1624
f 550/627/1625 548/625/1625 713/820/1625
f 713/820/1626 548/625/1626 549/626/1626
f 714/821/1627 947/1078/1627 715/823/1627
f 714/821/1628 715/823/1628 718/828/1628
f 715/823/1629 716/824/1629 718/828/1629
f 717/826/1630 949/1081/1630 714/821/1630
f 620/707/1631 926/1055/1631 602/689/1631 619/706/1631
f 551/629/1632 726/838/1632 950/1082/1632
f 511/583/1633 687/787/1633 950/1082/1633
f 513/587/1634 543/620/1634 721/833/1634
f 543/620/1635 501/570/1635 723/835/1635
f 543/620/1636 723/835/1636 721/833/1636
f 723/835/1637 501/570/1637 722/834/1637
f 758/875/1638 961/1094/1638 960/1093/1638 757/874/1638
f 724/836/1639 725/837/1639 729/841/1639
f 720/832/1640 729/841/1640 552/630/1640
f 640/730/1641 950/1082/1641 727/839/1641
f 737/851/1642 732/844/1642 951/1084/1642
f 552/630/1643 728/840/1643 727/839/1643
f 640/730/1644 727/839/1644 641/732/1644
f 727/839/1645 728/840/1645 641/732/1645
f 952/1085/1646 730/842/1646 729/841/1646
f 729/841/1647 730/842/1647 728/840/1647
f 642/734/1648 641/732/1648 733/845/1648
f 725/837/1649 952/1085/1649 729/841/1649
f 952/1085/1650 953/1086/1650 730/842/1650
f 722/834/1651 732/844/1651 953/1086/1651
f 953/1086/1652 954/1087/1652 955/1088/1652
f 953/1086/1653 955/1088/1653 730/842/1653
f 954/1087/1654 732/844/1654 734/846/1654
f 734/846/1655 732/844/1655 735/847/1655
f 733/845/1656 553/631/1656 643/736/1656
f 642/734/1657 733/845/1657 643/736/1657
f 735/847/1658 821/945/1658 645/739/1658
f 737/851/1642 821/945/1642 735/847/1642
f 737/851/1659 948/1080/1659 554/632/1659
f 738/852/1660 554/632/1660 962/1095/1660
f 738/852/1661 962/1095/1661 765/882/1661
f 708/814/1662 739/854/1662 957/1090/1662
f 710/817/1663 717/827/1663 958/1091/1663
f 739/854/1664 555/634/1664 740/855/1664
f 740/855/1665 959/1092/1665 751/866/1665
f 741/856/1666 740/855/1666 751/866/1666
f 554/632/1667 742/857/1667 962/1095/1667
f 957/1090/1668 739/854/1668 741/856/1668
f 742/857/1669 957/1090/1669 761/878/1669
f 717/827/1670 714/822/1670 743/858/1670
f 743/858/1671 714/822/1671 746/861/1671
f 958/1091/1672 717/827/1672 747/862/1672
f 718/829/1673 873/998/1673 556/635/1673
f 744/859/1674 718/829/1674 745/860/1674
f 744/859/1675 745/860/1675 746/861/1675
f 747/862/1676 746/861/1676 748/863/1676
f 751/866/1677 959/1092/1677 749/864/1677
f 959/1092/1678 748/863/1678 749/864/1678
f 748/863/1679 746/861/1679 752/867/1679
f 749/864/1680 748/863/1680 750/865/1680
f 745/860/1681 754/870/1681 752/867/1681
f 557/637/1682 753/868/1682 754/870/1682
f 753/868/1683 756/872/1683 960/1093/1683
f 754/870/1684 960/1093/1684 755/871/1684
f 750/865/1685 755/871/1685 961/1094/1685
f 558/639/1686 757/874/1686 756/872/1686 498/563/1686
f 763/880/1687 762/879/1687 761/878/1687 963/1096/1687
f 757/874/1688 558/639/1688 770/887/1688
f 763/880/1689 759/876/1689 760/877/1689
f 759/876/1690 750/865/1690 961/1094/1690
f 760/877/1691 961/1094/1691 758/875/1691
f 962/1095/1692 742/857/1692 762/879/1692
f 742/857/1693 761/878/1693 762/879/1693
f 741/856/1694 963/1096/1694 761/878/1694
f 741/856/1695 751/866/1695 963/1096/1695
f 963/1096/1696 751/866/1696 763/880/1696
f 769/886/1697 559/640/1697 763/880/1697 760/877/1697
f 762/879/1698 763/880/1698 559/640/1698
f 772/889/1699 964/1097/1699 770/887/1699 562/643/1699
f 764/881/1700 559/640/1700 766/883/1700
f 962/1095/1701 764/881/1701 767/884/1701
f 765/882/1702 767/884/1702 560/641/1702
f 765/882/1703 560/641/1703 768/885/1703
f 765/882/1704 768/885/1704 821/945/1704
f 766/883/1705 559/640/1705 771/888/1705
f 559/640/1706 769/886/1706 772/889/1706
f 562/643/1707 558/639/1707 498/563/1707 886/1013/1707
f 769/886/1708 964/1097/1708 772/889/1708
f 558/639/1709 562/643/1709 770/887/1709
f 768/885/1710 560/641/1710 771/888/1710 778/898/1710
f 775/893/1711 776/896/1711 777/897/1711
f 777/897/1712 776/896/1712 778/898/1712
f 567/650/1713 516/591/1713 783/904/1713 789/910/1713
f 778/898/1714 563/644/1714 780/901/1714
f 563/644/1715 781/902/1715 780/901/1715
f 821/945/1173 781/902/1173 823/947/1173
f 791/912/1716 784/905/1716 792/913/1716
f 781/902/1717 779/899/1717 564/646/1717
f 564/646/1718 515/589/1718 565/647/1718
f 564/646/1719 565/647/1719 782/903/1719
f 782/903/1720 565/647/1720 597/683/1720
f 783/904/1721 782/903/1721 786/907/1721
f 783/904/1722 785/906/1722 789/910/1722
f 786/907/1723 597/683/1723 525/601/1723
f 965/1098/1724 787/908/1724 566/649/1724
f 787/908/1725 525/601/1725 788/909/1725
f 566/649/1726 798/919/1726 790/911/1726
f 965/1098/1727 568/651/1727 966/1099/1727
f 810/934/1728 804/926/1728 806/928/1728 572/655/1728
f 789/910/1729 965/1098/1729 567/650/1729
f 965/1098/1730 966/1099/1730 567/650/1730
f 823/947/1731 793/914/1731 582/666/1731
f 792/913/1732 794/915/1732 793/914/1732
f 516/591/1733 967/1100/1733 794/915/1733
f 567/650/1734 966/1099/1734 796/917/1734
f 568/651/1735 795/916/1735 966/1099/1735
f 966/1099/1736 795/916/1736 968/1101/1736
f 795/916/1737 574/657/1737 813/937/1737
f 794/915/1738 970/1103/1738 793/914/1738
f 967/1100/1739 577/660/1739 970/1103/1739
f 796/917/1740 968/1101/1740 577/660/1740
f 790/911/1741 797/918/1741 568/651/1741
f 790/911/1742 798/919/1742 797/918/1742
f 568/651/1743 802/924/1743 795/916/1743
f 566/649/1744 788/909/1744 799/920/1744
f 788/909/1745 598/685/1745 916/1044/1745
f 798/919/1746 569/652/1746 797/918/1746
f 798/919/1747 799/920/1747 800/921/1747
f 569/652/1748 800/921/1748 570/653/1748
f 570/653/1749 801/922/1749 806/928/1749
f 797/918/1750 803/925/1750 802/924/1750
f 797/918/1751 569/652/1751 803/925/1751
f 569/652/1752 804/926/1752 805/927/1752
f 804/926/1753 810/934/1753 805/927/1753
f 805/927/1754 812/936/1754 811/935/1754
f 814/938/1755 575/658/1755 811/935/1755 503/573/1755
f 806/928/1756 807/929/1756 808/931/1756
f 808/931/1757 807/929/1757 809/932/1757
f 572/655/1758 808/931/1758 809/933/1758
f 572/655/1759 571/654/1759 810/934/1759
f 810/934/1760 571/654/1760 573/656/1760
f 812/936/1761 573/656/1761 503/573/1761
f 793/914/1762 970/1103/1762 971/1104/1762
f 803/925/1763 969/1102/1763 574/657/1763
f 574/657/1764 969/1102/1764 575/658/1764
f 574/657/1765 575/658/1765 815/939/1765
f 969/1102/1766 811/935/1766 575/658/1766
f 512/585/1767 654/750/1767 824/948/1767 830/954/1767
f 577/660/1768 818/942/1768 576/659/1768
f 970/1103/1769 819/943/1769 857/981/1769
f 816/940/1770 576/659/1770 819/943/1770
f 793/914/1771 971/1104/1771 582/666/1771
f 971/1104/1772 857/981/1772 582/666/1772
f 645/739/1773 821/945/1773 578/662/1773
f 578/662/1774 821/945/1774 820/944/1774
f 579/663/1775 821/945/1775 972/1105/1775
f 972/1105/1776 821/945/1776 823/947/1776
f 579/663/1777 972/1105/1777 825/949/1777
f 820/944/1778 580/664/1778 653/748/1778
f 580/664/1779 654/750/1779 653/748/1779
f 580/664/1780 579/663/1780 822/946/1780
f 822/946/1781 579/663/1781 825/949/1781
f 824/948/1782 822/946/1782 581/665/1782
f 654/750/1783 580/664/1783 824/948/1783
f 824/948/1784 581/665/1784 973/1106/1784
f 872/996/1785 871/995/1785 837/961/1785 843/967/1785
f 830/954/1786 824/948/1786 831/955/1786
f 972/1105/1787 823/947/1787 826/950/1787
f 825/949/1788 826/950/1788 828/952/1788
f 828/952/1789 826/950/1789 975/1108/1789
f 974/1107/1790 828/952/1790 829/953/1790
f 827/951/1791 974/1107/1791 838/962/1791
f 831/955/1792 827/951/1792 836/960/1792
f 834/958/1793 831/955/1793 835/959/1793
f 823/947/1794 832/956/1794 826/950/1794
f 832/956/1795 869/993/1795 975/1108/1795
f 975/1108/1796 869/993/1796 840/964/1796
f 833/957/1797 834/958/1797 837/961/1797
f 835/959/1798 836/960/1798 842/966/1798
f 839/963/1799 838/962/1799 841/965/1799
f 842/966/1800 839/963/1800 841/965/1800
f 842/966/1801 841/965/1801 517/592/1801
f 975/1108/1802 840/964/1802 829/953/1802
f 829/953/1803 840/964/1803 841/965/1803
f 841/965/1804 840/964/1804 583/667/1804
f 841/965/1805 583/667/1805 517/592/1805
f 833/957/1806 871/995/1806 656/754/1806
f 837/961/1807 835/959/1807 843/967/1807
f 843/967/1808 842/966/1808 872/996/1808
f 535/611/1809 871/995/1809 872/996/1809 518/593/1809
f 842/966/1810 517/592/1810 872/996/1810
f 660/759/1324 865/989/1324 945/1076/1324
f 865/989/1811 496/560/1811 584/668/1811
f 865/989/1812 584/668/1812 690/790/1812
f 849/973/1813 845/969/1813 503/573/1813
f 844/968/1814 849/973/1814 573/656/1814
f 844/968/1815 847/971/1815 976/1109/1815
f 587/672/1816 856/980/1816 846/970/1816
f 856/980/1817 586/671/1817 576/659/1817
f 576/659/1818 586/671/1818 819/943/1818
f 503/573/1819 587/672/1819 814/938/1819
f 587/672/1820 846/970/1820 814/938/1820
f 814/938/1821 846/970/1821 818/942/1821
f 846/970/1822 576/659/1822 818/942/1822
f 586/671/1823 857/981/1823 819/943/1823
f 976/1109/1824 848/972/1824 849/973/1824
f 849/973/1825 848/972/1825 845/969/1825
f 848/972/1826 855/979/1826 845/969/1826
f 847/971/1827 850/974/1827 976/1109/1827
f 851/975/1828 852/976/1828 853/977/1828
f 976/1109/1829 853/977/1829 848/972/1829
f 853/977/1830 856/980/1830 855/979/1830
f 851/975/1831 588/673/1831 852/976/1831
f 588/673/1832 589/674/1832 590/675/1832
f 852/976/1833 854/978/1833 853/977/1833
f 858/982/1834 590/675/1834 863/987/1834
f 858/982/1835 863/987/1835 860/984/1835
f 589/674/1836 861/985/1836 590/675/1836
f 861/985/1837 862/986/1837 590/675/1837
f 861/985/1838 864/988/1838 862/986/1838
f 862/986/1839 865/989/1839 859/983/1839
f 590/675/1840 862/986/1840 863/987/1840
f 862/986/1841 864/988/1841 865/989/1841
f 591/676/1842 659/757/1842 535/611/1842
f 868/992/1843 591/676/1843 535/611/1843
f 869/993/1844 582/666/1844 870/994/1844
f 869/993/1845 870/994/1845 840/964/1845
f 518/593/1846 867/991/1846 868/992/1846
f 518/593/1847 868/992/1847 535/611/1847
f 871/995/1848 535/611/1848 494/558/1848
f 840/964/1849 867/991/1849 583/667/1849
f 840/964/1850 870/994/1850 867/991/1850
f 517/592/1851 518/593/1851 872/996/1851
f 874/1000/1852 875/1001/1852 556/636/1852
f 556/636/1853 875/1001/1853 557/638/1853
f 873/999/1854 716/825/1854 874/1000/1854
f 977/1110/1855 876/1002/1855 875/1001/1855
f 876/1002/1856 878/1004/1856 875/1001/1856
f 878/1004/1857 592/677/1857 593/678/1857
f 876/1002/1858 592/677/1858 878/1004/1858
f 593/678/1859 980/1113/1859 979/1112/1859
f 875/1001/1860 878/1004/1860 753/869/1860
f 878/1004/1861 593/678/1861 756/873/1861
f 593/678/1862 979/1112/1862 886/1014/1862
f 716/825/1863 502/572/1863 977/1110/1863
f 502/572/1864 879/1005/1864 977/1110/1864
f 977/1110/1865 879/1005/1865 876/1002/1865
f 879/1005/1866 519/594/1866 520/595/1866
f 519/594/1867 882/1009/1867 520/595/1867
f 502/572/1868 519/594/1868 879/1005/1868
f 699/804/1869 881/1008/1869 880/1007/1869
f 880/1007/1870 881/1008/1870 519/594/1870
f 519/594/1871 881/1008/1871 882/1009/1871
f 882/1009/1872 521/596/1872 594/679/1872
f 881/1008/1873 521/596/1873 882/1009/1873
f 520/595/1874 882/1009/1874 592/677/1874
f 882/1009/1875 594/679/1875 877/1003/1875
f 877/1003/1876 594/679/1876 980/1113/1876
f 883/1010/1877 978/1111/1877 887/1015/1877
f 883/1010/1878 887/1015/1878 888/1016/1878
f 978/1111/1879 885/1012/1879 889/1017/1879
f 885/1012/1880 884/1011/1880 889/1017/1880
f 897/1025/1881 898/1026/1881 779/900/1881
f 888/1016/1882 887/1015/1882 775/894/1882
f 884/1011/1883 779/900/1883 563/645/1883
f 699/804/1884 890/1018/1884 881/1008/1884
f 881/1008/1885 890/1018/1885 891/1019/1885
f 890/1018/1886 892/1020/1886 893/1021/1886
f 696/800/1887 692/795/1887 892/1020/1887
f 891/1019/1888 893/1021/1888 521/596/1888
f 691/793/1889 895/1023/1889 692/795/1889
f 690/791/1890 894/1022/1890 691/793/1890
f 691/793/1891 894/1022/1891 895/1023/1891
f 895/1023/1892 894/1022/1892 595/680/1892
f 897/1025/1893 595/680/1893 894/1022/1893
f 898/1026/1894 584/669/1894 596/681/1894
f 908/1036/1895 898/1026/1895 596/681/1895
f 596/681/1896 584/669/1896 899/1027/1896
f 900/1028/1897 596/681/1897 899/1027/1897
f 864/988/1898 899/1027/1898 584/669/1898
f 864/988/1899 584/669/1899 496/560/1899
f 901/1029/1900 900/1028/1900 861/985/1900
f 903/1031/1901 596/681/1901 982/1115/1901
f 902/1030/1902 903/1031/1902 522/597/1902
f 596/681/1903 901/1029/1903 982/1115/1903
f 522/597/1904 982/1115/1904 904/1032/1904
f 982/1115/1905 901/1029/1905 861/985/1905
f 904/1032/1906 861/985/1906 589/674/1906
f 905/1033/1907 522/597/1907 904/1032/1907
f 904/1032/1908 589/674/1908 588/673/1908
f 912/1040/1909 904/1032/1909 588/673/1909
f 779/900/1910 898/1026/1910 515/590/1910
f 565/648/1911 908/1036/1911 906/1034/1911
f 906/1034/1912 909/1037/1912 523/598/1912
f 984/1117/1913 907/1035/1913 985/1118/1913
f 515/590/1914 898/1026/1914 908/1036/1914
f 909/1037/1915 596/681/1915 903/1031/1915
f 909/1037/1916 903/1031/1916 902/1030/1916
f 907/1035/1917 983/1116/1917 985/1118/1917
f 985/1118/1918 983/1116/1918 910/1038/1918
f 983/1116/1919 599/686/1919 910/1038/1919
f 599/686/1920 902/1030/1920 905/1033/1920
f 911/1039/1921 599/686/1921 905/1033/1921
f 914/1042/1922 911/1039/1922 912/1040/1922
f 913/1041/1923 910/1038/1923 915/1043/1923
f 916/1045/1924 524/599/1924 917/1046/1924
f 801/923/1925 917/1046/1925 918/1047/1925
f 801/923/1926 918/1047/1926 921/1050/1926
f 984/1117/1927 985/1118/1927 986/1119/1927
f 917/1046/1928 986/1119/1928 913/1041/1928
f 917/1046/1929 913/1041/1929 919/1048/1929
f 921/1050/1930 919/1048/1930 920/1049/1930
f 807/930/1931 921/1050/1931 809/933/1931
f 809/933/1932 922/1051/1932 495/559/1932
