# Blender 4.3.2
# www.blender.org
mtllib Holy Shotgun Decimated.mtl
o obj_0
v 47.866100 -10.555602 15.615200
v 34.924999 -23.004402 15.615200
v 33.898102 -23.004402 15.615200
v 34.924999 -19.516102 15.615200
v 30.121899 -23.447601 15.615200
v 33.898102 -16.841202 15.615200
v 34.924999 -16.841202 15.615200
v 21.656399 -25.091200 -19.346701
v 40.372601 -37.964500 -0.864200
v 37.245201 0.303698 -6.466300
v 39.078602 -38.073002 -6.365200
v 39.078499 -38.073002 -6.365000
v 45.195099 -15.842302 57.966999
v 45.195099 -15.842302 58.873798
v 45.831100 -15.545602 56.771801
v 44.244202 -37.090702 1.036500
v 45.195099 -23.926903 65.075302
v 49.754299 -15.842302 57.966999
v 37.242001 0.301498 -6.466200
v 45.831100 -24.223701 67.177399
v 36.713501 0.108398 -6.432700
v 36.713501 0.108398 -6.432900
v 47.019798 -24.506903 67.818298
v 47.021099 -24.506903 67.818604
v 47.474701 -24.529501 67.863701
v 36.412800 0.386798 -4.186500
v 36.198399 0.077998 -6.413100
v 36.198399 0.077998 -6.413000
v 36.331501 0.085898 -6.418100
v 34.355301 0.728499 -6.403900
v 34.358398 0.726299 -6.404300
v 24.804998 -32.230202 7.987000
v 40.277199 -37.734600 -0.608600
v 40.277199 -37.734600 -0.608500
v 41.143700 -37.532600 -6.390500
v 41.154900 -37.587898 -6.395400
v 41.154900 -37.587898 -6.395300
v 37.911201 -38.159801 -6.333200
v 37.911201 -38.159801 -6.333000
v 39.110100 -37.910099 -6.353000
v 37.842098 -38.174198 -0.794100
v 42.886902 -37.316502 0.036800
v 42.866600 -37.265800 -0.973600
v 48.823101 -24.329601 67.425903
v 49.524601 -24.046902 66.626198
v 49.754299 -23.926903 65.075302
v 47.021099 -23.298002 67.797501
v 21.880598 -24.864902 -19.413799
v 21.880598 -24.864902 -19.413799
v 47.246899 -16.435402 56.117802
v 47.246899 -15.251002 56.097099
v 47.474701 -16.399202 56.106098
v 47.474701 -15.239702 56.085899
v 21.904398 -24.896301 -19.454500
v 49.118198 -15.545602 56.771801
v 23.257198 -27.499903 -19.057100
v 24.805298 -32.230499 7.987700
v 45.195099 -17.296202 58.899200
v 16.976299 -16.801701 -19.846100
v 47.474701 -23.370003 67.843399
v 49.118198 -15.545602 63.738998
v 48.766201 -15.425402 60.345798
v 47.474701 -15.239702 60.734100
v 47.474701 -15.239702 63.052799
v 35.236801 0.466398 -3.888700
v 38.954201 -37.903599 -6.347200
v 38.954201 -37.903599 -6.347200
v 39.116001 -37.879902 -6.350700
v 39.116001 -37.879902 -6.350700
v 39.126202 -37.861301 -6.349600
v 39.126202 -37.861301 -6.349500
v 42.691399 -37.024300 -6.401200
v 42.757500 -36.993599 -6.401000
v 42.691399 -37.024300 -6.401300
v 42.757500 -36.993599 -6.401000
v 42.800900 -36.973400 -6.400800
v 42.856300 -36.947701 -6.400600
v 42.856300 -36.947701 -6.400600
v 42.850899 -36.946301 -6.400300
v 42.850899 -36.946301 -6.400300
v 42.248901 -37.194401 -0.605500
v 49.524601 -22.702902 66.602798
v 41.073601 -37.351200 -6.373500
v 41.077099 -37.356201 -6.374000
v 41.073601 -37.351200 -6.373500
v 38.962601 -37.901199 -6.347300
v 39.130001 -37.854500 -6.349100
v 39.130001 -37.854500 -6.349100
v 40.141102 -37.577999 -0.464100
v 40.134201 -37.574001 -0.459900
v 41.050301 -37.318100 -6.370000
v 41.050301 -37.318100 -6.370000
v 42.769402 -36.924702 -6.395800
v 42.769402 -36.924702 -6.395800
v 42.799000 -36.932499 -6.397400
v 42.700901 -36.856998 -6.388100
v 42.700901 -36.856998 -6.388000
v 41.141998 -37.257000 -6.368200
v 40.130798 -37.571999 -0.457800
v 40.123501 -37.574299 -0.410100
v 40.130798 -37.571999 -0.457800
v 41.031502 -37.291401 -6.367300
v 41.031502 -37.291401 -6.367200
v 41.158100 -37.251999 -0.377900
v 42.635101 -36.791901 -6.380600
v 42.635101 -36.791901 -6.380600
v 41.423801 -37.161400 -6.369900
v 51.337002 -22.465403 71.004700
v 42.634102 -36.790901 -6.380500
v 42.634102 -36.790901 -6.380400
v 42.633701 -36.749199 -6.377100
v 46.126202 -24.329601 71.004700
v 42.633701 -36.749199 -6.377100
v 48.823101 -24.329601 71.004700
v 50.377998 -24.912601 71.004700
v 48.977100 -25.493002 71.004700
v 45.972198 -25.493002 71.004700
v 46.585602 -15.326502 63.231300
v 53.082699 -21.387402 71.004700
v 52.502998 -22.787601 71.004700
v 51.580299 -23.989902 71.004700
v 45.831100 -15.545602 60.058601
v 42.052299 -28.593702 71.004700
v 45.425400 -15.722002 64.290001
v 48.766201 -16.679201 60.367699
v 47.474701 -16.399202 60.754398
v 42.487900 -36.793098 -6.375800
v 42.633701 -36.738998 -6.376300
v 42.633701 -36.738998 -6.376200
v 42.633701 -36.738998 -6.376300
v 38.130100 -35.168900 -10.597800
v 34.007801 -36.876400 -10.597800
v 31.704597 -37.830399 -9.563700
v 32.842899 0.252599 -6.314800
v 42.632099 -24.187902 71.004700
v 50.294601 -21.932901 73.747597
v 49.523300 -22.704203 73.747597
v 47.474701 -23.370003 73.747597
v 36.118198 -30.246302 21.595600
v 36.118198 -30.246302 15.688300
v 36.568501 -30.312902 15.688300
v 19.335699 -12.269201 -20.209900
v 37.698898 -30.280502 21.511400
v 32.590099 -38.492500 -10.337000
v 32.910900 -38.566898 -10.597800
v 33.027699 -38.594002 -10.597800
v 41.120602 -27.880001 15.688300
v 33.193100 -38.615601 -9.645200
v 40.338902 -26.767702 15.688300
v 38.667599 -30.029501 22.087601
v 31.710897 -37.827801 -9.562100
v 36.005600 -1.013502 -6.318300
v 36.005600 -1.013502 -6.318600
v 34.799599 -0.763302 -6.298200
v 34.845100 -0.755702 -6.300300
v 53.608101 -35.283005 1.665900
v 37.023998 -29.176003 21.392300
v 37.698898 -29.069002 21.490200
v 37.023998 -29.176003 15.688300
v 40.886299 -23.109901 15.688300
v 38.119499 -21.182402 21.527000
v 46.585602 -16.540302 63.252499
v 38.632702 -0.697402 -2.010000
v 47.474701 -16.399202 63.073002
v 31.365498 -39.695301 -6.237900
v 31.342798 -39.008900 -13.586000
v 35.688702 -38.557301 7.987000
v 35.688702 -38.557301 7.987700
v 31.344198 -39.008400 -13.585300
v 34.007801 -36.876400 7.987000
v 34.007801 -36.876400 7.987700
v 34.924999 -21.551502 22.592100
v 34.924999 -21.551502 15.688300
v 33.898102 -22.262602 15.688300
v 36.005600 -1.013502 -1.414400
v 49.118198 -16.858603 63.762001
v 34.238899 -0.885101 -2.107800
v 37.829102 -1.091602 -1.229300
v 31.704597 -37.830399 7.987000
v 33.193100 -38.615601 7.987000
v 33.200100 -38.616402 7.987700
v 31.710798 -37.827900 7.987700
v 31.710897 -37.827801 7.987000
v 49.945099 -33.350903 15.177800
v 37.023998 -22.205301 21.270500
v 48.489700 -34.156704 15.178400
v 38.119499 -22.385702 21.548000
v 34.842201 -23.004402 15.688300
v 34.924999 -22.921602 15.688300
v 37.023998 -22.205301 15.688300
v 32.401501 -26.145903 15.688300
v 49.754299 -15.842302 65.841003
v 33.709202 -26.767702 15.688300
v 49.118198 -15.545602 67.025803
v 48.823101 -15.439602 67.270599
v 31.517199 -39.935398 -6.262400
v 31.370897 -39.703400 -6.238700
v 31.370897 -39.703400 -6.238700
v 31.365799 -39.695301 -6.237900
v 47.474701 -15.239702 67.701302
v 31.374199 -39.708401 -6.239300
v 45.542599 -15.666702 66.675797
v 28.596699 -35.695202 -53.095299
v 48.487099 -34.154205 15.177800
v 28.597097 -35.695301 -53.096802
v 37.023998 -30.335602 26.060600
v 49.118198 -16.858603 67.048698
v 38.119499 -30.198603 25.783800
v 48.551998 -16.570002 67.458702
v 30.309498 -39.830502 -27.711201
v 39.303600 -29.733002 23.272600
v 36.005600 -1.013502 6.739700
v 35.921501 -1.097602 7.397800
v 35.640499 -0.806702 7.987700
v 35.640701 -0.806702 7.987000
v 35.492199 -0.936002 9.094900
v 31.424997 -43.283901 -23.348700
v 27.734198 -28.102602 5.276400
v 26.726099 -29.594702 5.717800
v 27.734200 -16.723701 -16.664101
v 27.734200 -16.801702 -16.661501
v 27.734198 -28.102602 12.326200
v 24.716297 -29.510601 13.738700
v 24.997198 -29.045301 14.116600
v 27.734200 -16.803001 -17.741100
v 27.734200 -16.801702 -17.741100
v 45.542599 -17.005701 66.699203
v 27.085199 -16.301502 -17.373800
v 35.334000 -38.599300 9.921700
v 35.648399 -38.562099 9.631900
v 35.688702 -38.557301 9.424200
v 22.511898 -23.480602 -18.145700
v 37.179298 -0.279702 21.713100
v 35.395802 -36.301498 11.481100
v 33.687801 1.948099 20.318001
v 34.281399 -36.763100 11.152900
v 34.431599 -36.700901 11.034300
v 34.431999 -36.700802 11.034000
v 32.509499 0.751699 20.102600
v 34.431900 -36.700699 11.034000
v 34.631802 -36.618000 10.923500
v 34.682201 -36.597099 11.290000
v 34.682201 -36.597099 10.955400
v 26.867800 -16.301502 -17.437799
v 27.031700 -16.280302 -17.499701
v 27.031700 -16.280302 -17.499701
v 32.906101 -37.332802 11.694300
v 27.011000 -16.801702 -17.465000
v 27.034401 -16.257002 -17.504400
v 34.744400 -29.733002 23.272600
v 35.380501 -30.029501 25.374901
v 38.667599 -30.029501 25.374901
v 44.595299 -3.802902 28.065300
v 39.931900 -2.322502 21.621201
v 49.258598 -5.734402 21.621201
v 48.823101 -15.439602 71.004700
v 47.474701 -15.239702 71.004700
v 21.542898 -26.826099 7.987000
v 21.541399 -26.824100 7.987700
v 43.884102 -16.938202 71.004700
v 43.029999 -18.536503 71.004700
v 50.377998 -14.856602 71.004700
v 44.571999 -14.856602 71.004700
v 45.972198 -14.276202 71.004700
v 47.474701 -14.078902 71.004700
v 48.977100 -14.276202 71.004700
v 52.502998 -16.981602 71.004700
v 53.082699 -18.381802 71.004700
v 51.580299 -15.779302 71.004700
v 31.329397 -37.167000 -33.104198
v 43.369099 -15.779302 71.004700
v 41.866600 -18.381802 71.004700
v 42.446400 -16.981602 71.004700
v 42.052299 -16.981602 71.004700
v 42.052299 -11.175502 71.004700
v 30.505598 -37.620201 -31.915800
v 48.551998 -16.570002 73.747597
v 30.506598 -37.620399 -31.916500
v 35.380501 -28.716501 25.351900
v 31.326597 -37.280102 -31.915800
v 31.327297 -37.280399 -31.916500
v 33.898102 -17.506601 15.688300
v 34.924999 -18.217701 15.688300
v 37.023998 -18.723501 21.412500
v 37.023998 -18.723501 15.688300
v 38.119499 -18.586802 21.684601
v 38.119499 -28.995703 25.762800
v 37.023998 -29.176003 26.040300
v 40.553902 -37.444099 15.178400
v 40.553600 -37.261700 15.178400
v 40.553699 -37.261700 15.177800
v 40.553902 -37.440201 15.177800
v 44.060799 -34.688705 15.177800
v 44.060799 -34.688705 15.178400
v 39.303600 -21.648401 24.038099
v 37.023998 -17.563902 21.392300
v 38.119499 -17.383501 21.663601
v 27.322701 -15.191201 -17.681101
v 34.918499 -16.841202 15.688300
v 34.924999 -16.847603 15.688300
v 37.023998 -17.563902 15.688300
v 21.541298 -24.409901 7.987700
v 21.542799 -24.411400 7.987000
v 38.119499 -21.182402 25.626400
v 37.588100 -38.230000 15.178400
v 37.584900 -38.227699 15.177800
v 41.120602 -11.889202 15.688300
v 40.338902 -13.001502 15.688300
v 39.073898 -9.916302 22.487101
v 38.119499 -9.570601 21.527000
v 37.929901 -9.522902 15.688300
v 36.118198 -9.522902 21.436399
v 36.118198 -9.522902 15.688300
v 35.928600 -9.570601 21.527000
v 35.380501 -9.739702 21.936100
v 34.974201 -9.916302 22.487101
v 27.254601 -15.386501 -17.882099
v 27.231001 -15.418101 -17.841400
v 27.203899 -15.479101 -17.794901
v 27.122101 -15.159501 -17.873301
v 27.231001 -15.418101 -17.841400
v 37.056400 -38.033100 15.178400
v 37.056499 -38.033100 15.177800
v 31.208298 -39.458199 -27.711201
v 31.704597 -39.252602 -27.711201
v 35.928600 -21.182402 25.626400
v 34.007801 -36.876400 12.036400
v 34.924999 -21.551502 24.574499
v 18.047798 -22.474501 9.037900
v 34.697601 -38.651901 15.178400
v 34.700699 -38.649700 15.177800
v 35.928600 -22.385702 25.647400
v 18.022697 -22.220400 9.055500
v 18.759300 -21.627899 9.205600
v 34.711399 -23.004402 23.380501
v 34.713699 -23.004402 23.364901
v 34.924999 -22.921602 22.615999
v 34.924999 -22.921602 24.598400
v 34.711399 -23.004402 23.380501
v 19.881498 -24.308201 11.879100
v 19.891897 -23.939400 11.987800
v 30.560598 -39.936600 -26.610500
v 30.309698 -39.830399 -27.711201
v 30.309698 -39.830399 -27.711201
v 30.309698 -39.830399 -27.711201
v 38.130100 -35.168900 12.326200
v 30.309898 -39.830700 -27.710699
v 30.309998 -39.830299 -27.711201
v 30.309998 -39.830299 -27.711201
v 30.505598 -39.749298 -27.711201
v 35.380501 -11.052702 21.959000
v 37.023998 -10.593202 21.270500
v 18.178198 -22.416100 9.460100
v 21.660498 -23.480600 -19.037300
v 38.119499 -10.773502 21.548000
v 31.881899 -38.098999 15.177800
v 37.023998 -10.593202 15.688300
v 32.401501 -13.623301 15.688300
v 33.709202 -13.001502 15.688300
v 39.303600 -18.120802 23.272600
v 18.169598 -21.913200 9.463800
v 31.704597 -37.830399 15.176500
v 31.704597 -37.830502 15.176500
v 31.704597 -37.830502 15.176500
v 31.704597 -37.830399 15.177800
v 31.704798 -37.830502 15.177800
v 31.704798 -37.830399 15.177800
v 31.704597 -37.830502 15.176500
v 31.704899 -37.830399 15.178400
v 33.150299 -37.231701 15.177800
v 33.147900 -37.232700 15.178400
v 31.544701 -5.474301 13.567900
v 38.119499 -22.385702 25.647400
v 34.924999 -18.217701 24.719000
v 18.473000 -21.775200 10.044600
v 18.699301 -21.567900 10.190300
v 18.640600 -21.509199 10.032000
v 18.640600 -21.509199 10.032000
v 18.760401 -21.629000 10.022900
v 18.797701 -21.610001 10.020100
v 36.134998 -18.636702 25.882299
v 17.884197 -22.058201 7.987000
v 17.890898 -22.066999 7.987700
v 28.337400 -8.682001 -31.635799
v 37.023998 -22.205301 25.918699
v 38.119499 -18.586802 25.783800
v 39.073898 -18.241001 24.823700
v 34.924999 -16.847603 24.695101
v 34.924999 -16.847603 22.712700
v 27.798899 -25.020601 -99.960403
v 32.081100 -40.298500 -6.310600
v 15.241599 -28.102600 -28.843901
v 5.260199 -25.020599 -28.377001
v 5.003099 -25.166901 -27.755800
v 27.811899 -12.117001 -55.153801
v 21.853397 -24.803701 -19.367300
v 33.691700 -43.333698 5.390400
v 14.715999 -27.606899 -27.943600
v 14.915999 -27.434000 -28.285999
v 37.023998 -30.335602 33.028000
v 37.023998 -30.335602 28.379400
v 37.052502 -41.880402 -0.044300
v 38.119499 -17.383501 25.762800
v 11.538499 -27.481100 -22.500999
v 33.513096 -43.993000 -1.497500
v 7.878799 -26.936399 -23.576500
v 37.023998 -17.563902 26.040300
v 39.303600 -29.733002 30.239599
v 44.681301 -38.869602 6.319600
v 11.765399 -25.020599 -31.643801
v 7.483199 -25.800301 -29.357300
v 58.550999 -22.452501 11.298700
v 58.550999 -22.452501 9.244900
v 60.091702 -20.911802 9.244900
v 60.091702 -20.911802 11.298700
v 58.550999 -17.316801 9.244900
v 58.550999 -17.316801 11.298700
v 6.321799 -26.179501 -27.368200
v 60.091702 -18.857403 11.298700
v 60.091702 -18.857403 9.244900
v 58.550999 -20.911802 9.244900
v 58.550999 -20.911802 11.298700
v 57.009701 -20.911802 9.244900
v 57.009701 -22.452501 9.244900
v 57.009701 -22.452501 11.298700
v 57.009701 -20.911802 11.298700
v 53.926498 -20.911802 9.244900
v 53.926498 -20.911802 11.298700
v 55.980900 -20.400002 11.298700
v 59.066101 -20.400002 11.298700
v 55.980900 -20.400002 9.244900
v 59.066101 -20.400002 9.244900
v 55.982800 -20.398003 4.622300
v 33.583900 -38.776402 -6.237900
v 33.583900 -38.776402 -6.237900
v 33.689400 -38.818802 -5.329900
v 55.982800 -20.398003 2.567900
v 53.412701 -20.398003 2.567900
v 53.412701 -20.398003 4.622300
v 53.412701 -20.398003 -0.514000
v 58.550999 -18.857403 9.244900
v 58.550999 -18.857403 11.298700
v 57.009701 -18.857403 11.298700
v 57.009701 -17.316801 11.298700
v 57.009701 -17.316801 9.244900
v 57.009701 -18.857403 9.244900
v 33.584099 -38.776501 -6.237900
v 53.927101 -18.857403 11.298700
v 53.927101 -18.857403 9.244900
v 55.980900 -19.369202 11.298700
v 59.066101 -19.369202 11.298700
v 55.980900 -19.369202 9.244900
v 53.413399 -19.371202 9.244900
v 59.066101 -19.369202 9.244900
v 55.982800 -19.371202 4.622300
v 55.982800 -19.371202 2.567900
v 53.413399 -19.371202 4.622300
v 53.413399 -19.371202 2.567900
v 53.413399 -19.371202 -0.514000
v 52.899601 -19.884901 11.298700
v 52.899601 -19.884901 9.244900
v 52.899601 -19.884901 4.622300
v 52.899601 -19.884901 2.567900
v 33.619999 -38.790901 -6.240300
v 52.899601 -19.884901 -0.514000
v 56.325802 -23.630701 -4.109100
v 56.495602 -23.481003 -4.109100
v 56.325802 -16.204502 -4.109100
v 56.495499 -16.288801 -4.109100
v 51.912800 -11.706102 -4.109100
v 52.612598 -19.917603 -4.109100
v 52.899601 -19.884901 -4.109100
v 53.412701 -20.398003 -2.568400
v 54.955299 -20.398003 -2.568400
v 54.955299 -20.398003 -0.514000
v 54.955299 -19.371202 -2.568400
v 53.413399 -19.371202 -2.568400
v 54.955299 -19.371202 -0.514000
v 52.899601 -19.884901 -2.568400
v 55.020000 -11.608502 -10.599100
v 33.898102 -14.748602 -119.156097
v 34.668098 -14.748602 -119.156097
v 34.668098 -14.748602 -117.679497
v 34.668098 -14.748602 -118.963203
v 34.668098 -14.748602 -94.694397
v 32.950100 -14.748602 -93.555801
v 32.459599 -14.748601 -89.044601
v 45.196999 -14.748602 -122.237999
v 45.196999 -14.748602 -119.156097
v 45.196999 -25.020601 -122.237999
v 34.744400 -29.733002 30.239599
v 34.974201 -29.852901 31.791100
v 35.380501 -30.029501 29.055000
v 39.303600 -10.036302 24.038099
v 38.119499 -9.570601 25.626400
v 39.073898 -29.852901 31.791100
v 37.913101 -9.520402 25.722900
v 39.073898 -29.852901 29.599600
v 37.023998 -9.433602 25.898399
v 51.911499 -13.744202 -53.096600
v 40.060699 -11.828402 -57.046902
v 34.974201 -9.916302 24.678400
v 34.744400 -10.036302 24.038099
v 40.734901 -40.764900 -0.169800
v 40.120899 -40.600498 -0.136100
v 51.924500 -13.079202 -53.204601
v 40.120899 -39.282398 -0.029400
v 51.911598 -13.743702 -53.095299
v 34.974201 -28.508902 31.767599
v 11.271099 -25.091200 -22.398800
v 37.023998 -29.176003 33.007702
v 39.073898 -28.508902 31.767599
v 34.974201 -11.260302 24.701799
v 38.119499 -10.773502 25.647400
v 40.301300 -38.979801 -2.849600
v 40.301201 -38.979801 -2.849600
v 39.803200 -39.833099 -0.063000
v 40.209900 -39.298801 -6.502000
v 27.734200 -16.803001 -16.660299
v 40.209900 -39.294701 -6.501800
v 34.668098 -25.020601 -119.156097
v 33.898102 -25.020601 -119.156097
v 34.668098 -25.020601 -118.963203
v 34.668098 -25.020601 -117.679497
v 32.950100 -25.020601 -93.555801
v 32.459599 -25.020601 -89.044601
v 34.668098 -14.748602 -60.861900
v 35.380501 -28.716501 29.032000
v 40.060699 -15.222202 -52.247200
v 39.823898 -14.961602 -52.388000
v 34.668098 -14.748602 -49.321499
v 35.952499 -14.748602 -50.085400
v 34.668098 -25.020601 -60.861900
v 37.023998 -10.593202 25.918699
v 36.971001 -41.466900 0.020500
v 39.823898 -24.616701 -52.388000
v 40.060699 -24.356102 -52.247200
v 34.668098 -25.020601 -49.321499
v 35.952499 -25.020601 -50.085400
v 53.820999 -11.819302 -31.915800
v 53.820400 -11.819302 -31.916401
v 51.912800 -11.667302 -25.734200
v 39.303600 -18.120802 31.146400
v 54.547600 -10.031903 -10.597800
v 54.534401 -10.096002 -10.597800
v 54.520302 -10.090302 -10.599100
v 46.844002 -8.221702 -10.599100
v 46.844700 -8.222202 -10.597800
v 39.183601 -11.499602 -68.960297
v 39.183201 -11.499402 -68.960197
v 31.704599 -1.951101 -9.663600
v 44.459999 -10.657202 -53.095299
v 44.459999 -10.657202 -53.095299
v 44.459999 -10.701302 -53.088100
v 37.023998 -29.176003 28.359200
v 42.185699 -9.715102 -53.095200
v 40.397800 -8.567902 -69.519600
v 34.924999 -18.217701 29.463699
v 34.924999 -18.217701 29.703699
v 34.924999 -18.217701 31.686100
v 34.924999 -18.217701 31.866199
v 39.760399 -8.128502 -68.600700
v 39.073898 -28.508902 29.576099
v 36.796299 -18.712101 28.390301
v 37.477600 -18.700901 32.982899
v 39.303600 -21.648401 31.005301
v 39.773602 -39.348000 -6.491300
v 41.141899 -6.771402 -55.840599
v 15.366599 -26.338100 -21.375900
v 41.870602 -6.948102 -55.477299
v 40.254200 -8.915302 -53.095299
v 40.258301 -8.916801 -53.095299
v 40.252998 -8.914701 -53.095299
v 28.596600 -4.086601 -53.096699
v 28.596701 -4.086301 -53.095299
v 38.667599 -18.418001 29.055000
v 27.734200 -18.857403 -14.027800
v 40.253101 -8.914701 -53.095299
v 40.253101 -8.914701 -53.095299
v 40.256100 -8.915902 -53.095299
v 40.255901 -8.915702 -53.095299
v 40.257801 -8.916502 -53.095299
v 40.256802 -8.916101 -53.095299
v 34.924999 -16.847603 31.662100
v 40.253300 -8.914701 -53.095299
v 40.252899 -8.914701 -53.095299
v 42.998199 -6.651602 -53.649399
v 42.980099 -6.669502 -53.646099
v 34.924999 -16.847603 29.679701
v 25.411699 -9.894301 -17.788500
v 27.734200 -12.269401 -17.741100
v 25.411800 -9.894301 -17.789200
v 24.750000 -12.269301 -18.618500
v 30.545700 -3.274901 -53.359299
v 31.236099 -3.271701 -53.405899
v 38.119499 -21.182402 28.493900
v 37.023998 -21.045702 32.865700
v 40.250801 -8.913602 -53.095299
v 34.924999 -21.551502 33.107800
v 34.924999 -21.551502 31.541401
v 34.924999 -21.551502 29.559000
v 37.244598 -40.085300 -6.466300
v 40.060699 -8.761202 -52.709099
v 37.241600 -40.083302 -6.466200
v 44.589100 -6.688902 -32.021500
v 44.589600 -6.689202 -32.022099
v 45.294701 -7.168502 -32.006901
v 44.942200 -6.928902 -32.014500
v 44.589600 -6.689202 -32.022099
v 44.589600 -6.689202 -32.022099
v 44.732300 -6.786202 -32.019001
v 44.589600 -6.689202 -32.022099
v 44.589100 -6.688902 -32.021400
v 44.589100 -6.688902 -32.021400
v 44.589100 -6.688902 -32.021400
v 44.967899 -6.845802 -32.021400
v 37.477600 -17.492002 32.961800
v 37.023998 -17.563902 33.007702
v 50.622002 -11.301702 -53.405899
v 31.438101 -2.675001 -33.261700
v 36.713501 -39.890499 -6.432700
v 36.713501 -39.890499 -6.432900
v 30.505600 -2.161301 -31.915800
v 30.506100 -2.161602 -31.916500
v 31.435600 -2.546602 -31.915800
v 31.435600 -2.546602 -31.916500
v 27.125000 -9.894301 -17.920401
v 36.412800 -40.168900 -4.186200
v 34.355598 -40.509998 -6.403900
v 53.346600 -10.247002 -32.026901
v 53.377499 -10.204802 -31.368799
v 53.333500 -10.311002 -32.021301
v 34.358700 -40.507801 -6.404300
v 50.886600 -10.969702 -35.777901
v 49.509499 -10.033602 -31.916401
v 35.817501 -40.180500 -3.811000
v 49.509499 -10.033602 -31.916401
v 49.509499 -10.033602 -31.916500
v 36.796299 -17.527802 28.369699
v 37.023998 -17.563902 28.359100
v 34.924999 -23.004402 30.549299
v 34.924999 -22.921602 31.565300
v 49.508701 -10.033102 -31.915800
v 53.319302 -10.305402 -32.022202
v 37.023998 -22.205301 32.885899
v 16.268999 -21.610001 -7.966200
v 17.885199 -21.947300 -7.786400
v 18.734501 -21.603100 -7.536800
v 18.725201 -21.610001 -8.152500
v 18.727699 -21.610001 -7.538800
v 12.765800 -28.062500 -24.602699
v 12.497399 -27.988501 -24.142500
v 12.497099 -27.988501 -24.142401
v 12.430599 -27.977699 -24.028099
v 12.396599 -27.960800 -23.969900
v 12.120599 -27.823700 -23.497499
v 11.538699 -27.499901 -22.500900
v 39.303600 -10.036302 31.005301
v 11.650099 -25.569300 -22.691900
v 11.650099 -25.569300 -22.691900
v 34.711399 -23.004402 30.347799
v 34.730900 -23.004402 30.214800
v 34.924999 -22.921602 29.583000
v 11.650099 -25.507900 -22.691999
v 11.650199 -25.075800 -22.691999
v 8.089499 -25.020599 -47.572601
v 34.711399 -23.004402 30.347799
v 34.711399 -23.135101 30.350000
v 35.236801 -40.248001 -3.888300
v 53.624298 -9.609002 -27.711201
v 8.217599 -25.020599 -118.963203
v 8.089499 -25.020599 -74.151802
v 53.624199 -9.608602 -27.710699
v 11.538599 -25.912399 -22.500900
v 24.845697 -25.020601 -117.679497
v 24.460098 -25.020601 -117.679497
v 24.845697 -25.020601 -91.100304
v 24.460098 -25.020601 -91.100304
v 11.599399 -25.601101 -22.483101
v 11.634499 -25.564301 -22.665300
v 11.641899 -25.566700 -22.677799
v 11.641899 -25.566700 -22.677799
v 24.460100 -19.557503 -91.100304
v 24.460100 -20.141201 -91.100304
v 24.460100 -20.466002 -91.100304
v 24.460100 -21.608002 -91.100304
v 24.460098 -21.959803 -91.100304
v 5.136299 -25.020599 -28.377001
v 37.023998 -22.205301 28.237301
v 46.186600 -7.774802 -31.987801
v 39.073898 -9.916302 29.454300
v 33.211399 -1.263601 -10.597800
v 33.211300 -1.263701 -10.599100
v 32.779800 -1.245001 -10.597800
v 27.734198 -28.102602 -45.197300
v 27.734198 -27.749903 -45.197300
v 33.027699 -1.187501 -10.597800
v 33.132000 -1.230901 -10.599100
v 39.318401 -3.793202 -10.597800
v 39.318298 -3.793302 -10.599100
v 35.010201 -2.008801 -10.599100
v 34.083302 -2.935701 -10.599100
v 34.082901 -2.936201 -10.597800
v 41.906700 -4.865502 -10.599100
v 41.906300 -4.865202 -10.597800
v 38.119999 -4.607801 -10.599100
v 38.119499 -4.608101 -10.597800
v 38.119499 -9.570601 28.493900
v 37.698898 -9.488702 32.766602
v 26.819298 -28.763903 -39.105900
v 38.119499 -22.385702 28.514900
v 32.842899 -40.034100 -6.314800
v 37.023998 -9.433602 32.865700
v 32.830502 -40.188301 -4.190600
v 37.023998 -9.433602 28.217100
v 35.928600 -9.570601 28.493900
v 35.380501 -9.739702 32.190102
v 11.078399 -23.480600 -21.963301
v 34.974201 -9.916302 29.454300
v 36.005600 -38.874100 -6.326900
v 36.005600 -38.874100 -6.327100
v 36.570400 -30.313002 35.390701
v 37.023998 -30.335602 35.346401
v 34.744400 -10.036302 31.005301
v 34.644402 -39.098801 -6.299500
v 34.686199 -39.105801 -6.301400
v 38.632702 -39.084099 -2.010000
v 39.583401 -1.363102 -28.106501
v 39.583500 -1.363202 -28.107100
v 35.739601 -39.054699 -1.706700
v 5.136299 -24.917700 -28.377001
v 53.036598 -9.365502 -27.711201
v 53.036098 -9.365002 -27.710699
v 17.622000 -20.884001 -39.187401
v 17.613600 -20.732599 -39.179600
v 34.073601 -38.953098 -2.232700
v 17.864901 -19.943800 -39.115501
v 18.025000 -19.943800 -39.313801
v 37.698898 -10.700202 32.787800
v 37.023998 -10.593202 32.885899
v 17.903999 -19.847099 -39.117901
v 17.868000 -19.934000 -39.114700
v 17.904600 -19.847601 -39.118999
v 34.744400 -29.733002 37.207001
v 39.493000 -1.256202 -22.518700
v 39.490002 -1.263702 -22.506300
v 39.490002 -1.263702 -22.506300
v 39.476799 -1.301202 -22.457701
v 39.073898 -29.852901 36.566502
v 38.156898 -1.270502 -28.025900
v 17.868099 -19.953899 -39.114700
v 17.904100 -20.041000 -39.117901
v 17.999500 -19.944099 -39.105900
v 17.989100 -19.954800 -39.107201
v 36.005600 -38.874100 -1.487100
v 3.341599 -24.151600 -24.910000
v 17.904800 -20.040501 -39.118999
v 17.988701 -19.933100 -39.107201
v 17.999399 -19.943800 -39.107201
v 17.999701 -19.944099 -39.107201
v 15.443999 -22.652399 -32.918701
v 18.025299 -19.944099 -39.314098
v 39.073898 -28.508902 36.542999
v 15.122399 -23.931000 -32.368099
v 36.570400 -29.104101 35.369598
v 39.806000 -3.461802 -45.197300
v 39.529202 -3.649902 -45.197300
v 39.656799 -3.693302 -45.197300
v 11.539799 -23.504700 -32.621201
v 37.023998 -29.176003 35.326199
v 35.928600 -10.773502 28.514900
v 37.023998 -10.593202 28.237301
v 15.583099 -19.274099 10.264000
v 33.380501 -4.049001 -42.516800
v 11.203699 -24.896200 -22.599400
v 34.204399 -3.739301 -39.105900
v 34.204399 -3.739501 -39.107201
v 26.608400 -10.410601 -5.222900
v 25.394199 -11.624801 -5.579800
v 27.734200 -11.901601 -6.604300
v 27.124701 -9.894301 -5.071200
v 26.202801 -9.894301 -5.933800
v 26.210699 -9.894301 -5.339800
v 38.119499 -10.773502 28.514900
v 22.710199 -9.894301 -6.368700
v 39.303600 -18.120802 37.207001
v 18.768499 -18.250601 -2.679000
v 39.073898 -21.528202 36.421200
v 34.344898 -3.232502 -36.145699
v 34.161201 -3.460701 -36.504700
v 26.689899 -10.329101 5.733700
v 27.734200 -11.697801 5.276400
v 35.739601 -39.054699 7.336400
v 35.581100 -39.100201 7.987700
v 35.581200 -39.100101 7.987700
v 35.582100 -39.096401 7.987000
v 35.587799 -39.069500 7.987000
v 35.587601 -39.069500 7.987700
v 37.023998 -21.045702 35.184299
v 36.005600 -38.874100 6.442200
v 34.924999 -18.217701 36.670700
v 34.924999 -21.551502 36.526199
v 37.477600 -18.700901 35.390701
v 34.706699 -23.004402 37.408600
v 34.711399 -23.004402 37.314899
v 34.924999 -23.004402 38.500401
v 34.924999 -22.921602 36.550098
v 34.711399 -23.004402 37.314899
v 32.083302 -2.895602 -39.289600
v 32.120300 -2.910601 -39.287399
v 33.139198 -3.315601 -39.197899
v 32.744598 -3.158901 -39.233398
v 33.702499 -3.922501 -36.529900
v 11.066599 -24.552200 -22.328899
v 34.711399 -23.135101 37.317200
v 34.540699 -2.526501 -32.022099
v 34.924999 -16.841202 38.500401
v 34.924999 -16.847603 36.646801
v 41.570801 -2.873102 -27.994600
v 41.570499 -2.924302 -27.986300
v 35.817600 -38.686199 7.987000
v 35.817501 -38.686100 7.987700
v 35.491001 -38.756699 9.497900
v 37.023998 -22.205301 35.204498
v 41.570599 -2.924402 -27.986799
v 40.057201 -2.246002 -27.994600
v 39.969299 -2.370802 -27.968399
v 40.057301 -2.246102 -27.995199
v 39.969398 -2.370902 -27.969000
v 52.686100 -8.713402 -25.057400
v 11.031099 -24.552200 -22.339300
v 35.928600 -30.198603 42.585899
v 37.023998 -30.335602 39.994999
v 37.023998 -30.335602 42.313801
v 38.068001 -1.805502 -27.932100
v 38.050900 -1.414902 -27.994600
v 11.064299 -24.559299 -22.360701
v 11.113299 -24.715900 -22.445101
v 11.113299 -24.716000 -22.445101
v 37.023998 -17.563902 35.326199
v 37.477600 -17.492002 35.369598
v 38.051102 -1.415002 -27.995300
v 38.068199 -1.805602 -27.932899
v 32.813900 -38.677299 -10.652500
v 11.064299 -24.559299 -22.360701
v 31.827900 -1.402601 -32.021301
v 33.607700 -3.446301 -31.915800
v 33.607700 -3.446401 -31.916500
v 21.541300 -15.477701 7.987700
v 21.542801 -15.476201 7.987000
v 31.931299 -1.445601 -32.022301
v 32.901199 -1.847401 -32.022202
v 32.901299 -1.847201 -32.021198
v 39.303600 -10.036302 37.972500
v 33.017395 -44.389702 -16.497700
v 39.073898 -9.916302 36.421200
v 37.698898 -9.488702 35.285198
v 37.913101 -9.520402 35.362801
v 37.023998 -9.433602 35.184299
v 44.037498 -40.000706 -15.578800
v 37.477600 -9.456202 35.229301
v 36.349201 -9.488702 35.285198
v 38.532501 -4.934402 -53.768902
v 35.882599 -41.740601 -21.762100
v 34.974201 -29.852901 43.533901
v 35.380501 -30.029501 39.308701
v 40.044998 -5.855102 -54.623402
v 10.960099 -23.480600 -22.182100
v 38.667599 -30.029501 42.988800
v 39.073898 -29.852901 38.757999
v 36.118198 -42.092602 -21.806801
v 46.844002 -8.221702 -21.898001
v 36.197102 -42.499001 -21.907101
v 35.380501 -28.716501 39.285801
v 34.974201 -9.916302 36.421200
v 34.744400 -10.036302 37.972500
v 37.023998 -29.176003 39.974800
v 37.841000 -5.267601 -55.060299
v 38.031300 -5.328802 -55.074799
v 38.202999 -5.327802 -54.954498
v 39.073898 -28.508902 38.734501
v 55.020000 -11.608403 -10.597800
v 34.974201 -11.260302 36.444599
v 54.556400 -10.042803 -9.939500
v 39.914200 -5.373902 -53.649399
v 18.167900 -17.569000 9.464600
v 39.914299 -5.399502 -53.646099
v 39.914700 -5.488302 -53.631699
v 39.914700 -5.488102 -53.630798
v 54.263000 -8.241102 -6.346000
v 18.167299 -17.925501 9.464800
v 54.535400 -8.674602 -6.319400
v 18.456100 -18.055300 10.045900
v 37.027699 -4.394102 -53.614201
v 38.537498 -4.881002 -53.636799
v 37.023998 -10.593202 35.204498
v 35.928600 -28.995703 42.564800
v 18.640600 -18.378500 10.032000
v 37.023998 -29.176003 42.293598
v 18.792601 -18.226500 10.020500
v 54.561001 -8.738003 -6.315200
v 54.561001 -8.738003 -6.315200
v 54.497700 -8.622002 -6.322500
v 54.524502 -8.671102 -6.319300
v 54.601200 -8.811703 -6.310600
v 54.601398 -8.812003 -6.310600
v 38.667599 -28.716501 42.965900
v 37.698898 -10.700202 35.306400
v 54.583801 -8.794103 -6.311500
v 34.924999 -18.217701 38.652901
v 34.924999 -18.217701 43.637901
v 38.537399 -4.881602 -53.637600
v 37.034599 -4.425002 -53.610500
v 38.521198 -4.905102 -53.632702
v 38.119499 -21.182402 39.560799
v 38.119499 -21.182402 42.428299
v 38.236301 -5.034702 -53.591599
v 38.521198 -4.904902 -53.631802
v 36.134998 -21.132603 39.657398
v 39.903500 -38.970001 -23.654900
v 34.924999 -21.551502 43.493401
v 34.924999 -21.551502 38.508301
v 17.925200 -17.887100 9.570800
v 36.118198 -18.634201 39.808701
v 36.134998 -18.636702 39.816700
v 17.884501 -17.881599 7.987700
v 36.570400 -18.700901 39.949902
v 17.884701 -17.881701 7.987000
v 37.698898 -18.668303 42.412601
v 21.542900 -13.145301 7.987000
v 21.541401 -13.147201 7.987700
v 36.515701 -5.859302 -45.197300
v 36.368500 -5.798301 -45.197300
v 36.383801 -5.804701 -45.197300
v 34.040901 -4.328802 -42.549801
v 36.515701 -5.859302 -45.197300
v 38.498699 -18.478401 39.463100
v 39.148701 -39.347599 -28.495300
v 39.140800 -39.401798 -28.236799
v 39.140800 -39.401798 -28.236799
v 39.126202 -39.406601 -28.236601
v 34.924999 -22.921602 38.532200
v 36.134998 -22.346302 39.678600
v 34.924999 -16.847603 38.629002
v 39.140900 -39.397598 -28.236799
v 38.544300 -38.673901 -28.077999
v 36.134998 -17.422901 39.795502
v 38.544498 -38.673698 -28.078600
v 39.141602 -39.221199 -28.207399
v 37.023998 -17.563902 39.974800
v 37.023998 -22.205301 39.853100
v 37.120499 -5.287201 -40.887299
v 36.699299 -5.573502 -40.855301
v 38.498699 -17.190401 39.440601
v 37.473099 -5.047502 -31.915800
v 37.473000 -5.047601 -31.916500
v 37.473000 -5.047601 -31.916500
v 38.233898 -4.530302 -31.983000
v 38.667198 -4.235902 -32.022099
v 38.145401 -4.590501 -31.975901
v 38.667301 -4.235802 -32.021301
v 38.119499 -22.385702 39.581799
v 46.224602 -4.509502 -51.886600
v 34.924999 -16.847603 43.613998
v 20.232201 -12.998301 7.987000
v 50.780499 -6.936502 -1.509300
v 34.842201 -23.004402 43.717800
v 20.099701 -13.187101 7.987700
v 54.744999 -9.429803 -6.265700
v 34.924999 -23.004402 43.518700
v 34.924999 -22.921602 43.517300
v 22.622499 -14.397201 13.567900
v 7.569899 -23.480000 -22.335400
v 39.081902 -39.601700 -26.244699
v 45.493401 -4.497902 -27.994600
v 45.491402 -4.309502 -28.025200
v 45.457298 -4.534402 -27.986200
v 45.493401 -4.497902 -27.995199
v 45.491402 -4.309502 -28.025700
v 45.457199 -4.534402 -27.986799
v 37.023998 -17.563902 42.293598
v 36.499901 -40.121700 -28.176399
v 54.604000 -9.304203 -5.152800
v 54.742901 -9.466403 -6.262500
v 36.275799 -40.172298 -28.169001
v 36.278400 -40.171700 -28.169100
v 36.182098 -40.175598 -28.241699
v 36.182098 -40.175598 -28.241699
v 36.176601 -40.192600 -28.165600
v 36.176601 -40.192600 -28.165600
v 36.118000 -40.262501 -27.758400
v 36.174000 -40.190701 -28.166000
v 36.174000 -40.190701 -28.166000
v 36.174000 -40.190701 -28.165800
v 36.173901 -40.190800 -28.165100
v 37.698898 -17.456902 42.391499
v 52.151600 -7.856702 -6.305800
v 54.680302 -9.743603 -6.237900
v 54.682301 -9.734103 -6.238800
v 54.682400 -9.733703 -6.238800
v 54.680199 -9.743402 -6.237900
v 37.023998 -22.205301 42.171700
v 54.540600 -9.579902 -5.124300
v 38.119499 -22.385702 42.449299
v 54.693802 -9.678203 -6.243700
v 52.509201 -8.114302 -6.296900
v 34.839100 -40.502998 -25.480101
v 39.073898 -9.916302 43.388401
v 37.023998 -30.335602 46.961899
v 37.698898 -30.280502 46.861099
v 38.119499 -9.570601 39.560799
v 38.119499 -9.570601 42.428299
v 37.913101 -9.520402 39.657398
v 37.023998 -9.433602 39.832802
v 37.023998 -9.433602 42.151501
v 48.869099 -5.171002 -30.634899
v 48.390301 -4.856802 -30.524200
v 48.590199 -5.027202 -30.762800
v 39.303600 -29.733002 45.080799
v 50.025398 -5.397202 -28.153999
v 50.024700 -5.397202 -28.154600
v 53.652100 -9.063302 -3.552800
v 54.092400 -9.500102 -6.237900
v 54.092499 -9.500102 -6.237900
v 54.092300 -9.499902 -6.237900
v 34.744400 -29.733002 45.080799
v 5.553199 -23.480600 -24.260099
v 35.380501 -30.029501 46.276199
v 5.553599 -23.480000 -24.259899
v 38.667599 -30.029501 46.276199
v 35.928600 -9.570601 42.428299
v 35.380501 -9.739702 39.157299
v 34.974201 -9.916302 43.388401
v 37.714100 -39.551601 -23.691799
v 37.698898 -29.069002 46.840000
v 37.023998 -29.176003 46.941601
v 36.885502 -39.105400 -22.717501
v 36.907600 -38.865002 -22.473200
v 35.380501 -11.052702 39.180199
v 38.948399 -40.452999 -21.852699
v 39.303600 -21.648401 44.939701
v 36.932899 -38.765499 -22.208799
v 36.956200 -38.750099 -22.329901
v 36.956200 -38.750099 -22.329901
v 36.947399 -38.782299 -22.410700
v 51.911499 -26.037302 -53.096600
v 37.023998 -10.593202 39.853100
v 38.119499 -10.773502 39.581799
v 49.993698 -5.483702 -24.550699
v 51.911598 -26.037802 -53.095299
v 29.349598 -27.331303 -46.158100
v 27.820099 -28.160902 5.238800
v 38.119499 -21.182402 46.527699
v 51.912800 -28.063702 -4.109100
v 55.020000 -28.173002 -10.599100
v 49.340302 -5.191302 -24.065100
v 36.966099 -38.743500 -22.381300
v 36.807899 -38.774700 -22.400000
v 51.912800 -27.427502 -45.197300
v 52.019901 -27.500301 -45.197300
v 51.912800 -27.544703 -45.197300
v 46.510799 -4.483402 -22.247200
v 20.521500 -9.894301 -13.697700
v 35.928600 -21.182402 46.527699
v 10.464899 -18.859301 -12.274900
v 9.696199 -18.859301 -12.572600
v 9.241899 -18.859301 -12.853400
v 8.855599 -18.859301 -13.188600
v 21.214399 -9.894301 -19.657801
v 10.466199 -18.857401 -12.274300
v 34.924999 -21.551502 45.475800
v 15.510599 -19.274099 -7.908600
v 22.710199 -9.894301 -13.561800
v 27.734200 -18.857403 -11.900800
v 27.734200 -18.857403 -9.774400
v 27.734200 -18.857403 -7.647500
v 22.710199 -9.894301 -13.562400
v 20.523500 -9.894301 -13.697000
v 40.060699 -27.749903 -57.046902
v 27.810799 -27.769602 -55.153301
v 34.058201 -39.130901 -23.240801
v 27.804897 -27.764702 -55.144798
v 35.928600 -10.773502 42.449299
v 27.812298 -27.771101 -55.153599
v 37.023998 -10.593202 42.171700
v 53.820999 -27.962801 -31.915800
v 53.820301 -27.962902 -31.916500
v 45.119202 -3.844102 -28.076599
v 45.119202 -3.844102 -28.075899
v 38.119499 -10.773502 42.449299
v 35.928600 -22.385702 46.548698
v 34.706699 -23.004402 44.375900
v 34.711399 -23.004402 44.282200
v 34.713699 -23.004402 44.266499
v 34.924999 -22.921602 45.499699
v 34.711399 -23.004402 44.282200
v 34.711399 -23.135101 44.284401
v 39.303600 -18.120802 44.174000
v 48.294498 -4.337102 -28.211800
v 48.294498 -4.336902 -28.210501
v 48.294601 -4.336802 -28.209900
v 48.294498 -4.336902 -28.210501
v 48.294601 -4.336902 -28.209900
v 48.294498 -4.336902 -28.210501
v 48.314999 -4.442902 -28.194000
v 48.314999 -4.442902 -28.194700
v 47.980701 -4.496702 -28.163300
v 28.334898 -31.203102 -31.641001
v 38.119499 -22.385702 46.548698
v 34.924999 -18.217701 45.620300
v 36.134998 -18.636702 46.783699
v 37.023998 -22.205301 46.820000
v 33.290501 -40.625401 -28.041401
v 38.119499 -18.586802 46.685001
v 32.577999 -38.730301 -28.552200
v 33.294498 -40.622398 -28.042000
v 39.073898 -18.241001 45.724899
v 34.924999 -16.847603 45.596298
v 49.042900 -4.961402 -24.087601
v 34.924999 -17.563902 45.608898
v 37.023998 -30.335602 53.929298
v 37.023998 -30.335602 49.280800
v 37.251801 -30.324202 53.918098
v 46.800098 -31.578001 -10.599100
v 46.800900 -31.577501 -10.597800
v 54.547699 -29.750002 -10.597800
v 54.534401 -29.685602 -10.597800
v 54.520500 -29.691202 -10.599100
v 39.183800 -28.282402 -68.958900
v 53.836601 -28.633802 -31.970800
v 46.236698 -4.265702 -22.292200
v 46.215302 -4.290302 -22.253700
v 46.215000 -4.290602 -22.253300
v 46.193600 -4.319502 -22.165400
v 46.193600 -4.319502 -22.165400
v 46.187500 -4.321302 -22.214800
v 46.189301 -4.319302 -22.217300
v 46.187500 -4.321302 -22.214800
v 8.089499 -14.748600 -47.572601
v 8.217599 -14.748600 -118.963203
v 8.089499 -14.748600 -74.151802
v 24.460100 -14.748601 -117.679497
v 24.845699 -14.748601 -117.679497
v 24.845699 -14.748601 -91.100304
v 24.460100 -14.748601 -91.100304
v 38.119499 -17.383501 46.664001
v 39.303600 -29.733002 52.048199
v 32.796101 -38.800400 -27.711201
v 32.796299 -38.800400 -27.711201
v 32.762299 -38.814499 -27.711201
v 32.796299 -38.800400 -27.711201
v 37.023998 -17.563902 46.941601
v 32.796799 -38.800499 -27.710699
v 33.297600 -38.803299 -27.745600
v 17.884800 -17.891701 -7.786700
v 33.719398 -40.657001 -25.984800
v 24.460100 -17.684902 -91.100304
v 24.460100 -17.927801 -91.100304
v 18.758801 -18.260201 -7.529800
v 24.460100 -18.596802 -91.100304
v 18.727699 -18.229099 -7.538900
v 18.725201 -18.229099 -8.152500
v 27.734200 -11.667301 -45.197300
v 27.734200 -11.828401 -45.197300
v 53.346600 -29.535002 -32.026901
v 53.377499 -29.577301 -31.368799
v 31.999397 -39.130501 -27.711201
v 39.303600 -10.036302 44.939701
v 53.333500 -29.471003 -32.021301
v 47.549702 -3.919402 -28.228201
v 50.855499 -28.821302 -35.818802
v 53.318802 -29.476902 -32.022301
v 49.463200 -29.767801 -31.916500
v 49.462898 -29.768002 -31.915800
v 26.819300 -11.124401 -39.105900
v 47.924400 -4.020302 -25.015499
v 34.744400 -29.733002 51.140900
v 38.119499 -9.570601 46.527699
v 40.397800 -31.213602 -69.519600
v 35.380501 -30.029501 53.243099
v 35.380501 -30.029501 49.956299
v 38.498699 -30.089901 53.397499
v 39.073898 -29.852901 50.500900
v 37.023998 -9.433602 46.799702
v 35.928600 -9.570601 46.527699
v 34.744400 -10.036302 44.939701
v 35.928600 -10.773502 46.548698
v 26.819700 -11.124201 -39.107201
v 39.760399 -31.653002 -68.600700
v 13.199999 -11.667301 -25.346800
v 37.251801 -29.139902 53.897400
v 26.816099 -11.127701 -39.107201
v 37.023998 -29.176003 53.909000
v 48.641602 -4.491102 -24.831400
v 48.641602 -4.491102 -24.831301
v 12.396599 -11.808401 -23.969900
v 12.430599 -11.791501 -24.028099
v 12.496899 -11.780801 -24.141600
v 17.880800 -17.923000 -39.238499
v 12.571099 -13.010601 -29.827700
v 17.613600 -19.155001 -39.179600
v 41.142101 -33.009701 -55.842701
v 38.119499 -10.773502 46.548698
v 40.806599 -33.184299 -55.724300
v 37.023998 -10.593202 46.820000
v 41.870399 -32.833199 -55.478901
v 35.380501 -28.716501 49.933300
v 42.998501 -33.130199 -53.649399
v 44.443901 -32.448204 -53.636902
v 42.980000 -33.111900 -53.647202
v 42.980000 -33.111900 -53.647202
v 42.980301 -33.112202 -53.646099
v 37.023998 -29.176003 49.260601
v 39.303600 -18.120802 52.048199
v 42.917301 -33.049599 -53.631699
v 42.917400 -33.049702 -53.630798
v 11.538499 -12.288101 -22.500999
v 52.330799 -6.555502 21.713100
v 52.011799 -7.326202 21.713100
v 52.088200 -7.778502 21.630301
v 39.073898 -28.508902 50.477402
v 5.260099 -14.748600 -28.377001
v 51.246799 -7.262202 15.848700
v 51.246899 -7.262202 15.849200
v 34.924999 -18.217701 50.605000
v 34.924999 -18.217701 52.587299
v 51.382301 -7.430102 16.523899
v 51.382401 -7.430102 16.524099
v 51.713402 -7.878102 17.428801
v 51.902100 -8.075202 17.629499
v 47.076599 -3.667202 -28.236799
v 41.862400 -34.934502 -10.597800
v 41.862900 -34.934200 -10.599100
v 39.328899 -35.983799 -10.599100
v 39.328999 -35.983799 -10.597800
v 38.130600 -35.169300 -10.599100
v 34.935200 -37.803799 -10.597800
v 34.935101 -37.803699 -10.599100
v 34.008301 -36.876900 -10.599100
v 47.073700 -3.670102 -28.236799
v 33.093201 -38.566799 -10.597800
v 32.994499 -38.518700 -10.597800
v 35.928600 -18.586802 53.652500
v 39.303600 -21.648401 50.999699
v 36.134998 -18.636702 53.750500
v 4.660200 -14.401400 -24.522499
v 13.182499 -13.803901 -30.874599
v 11.765399 -14.748601 -31.643801
v 9.341399 -14.748600 -31.145700
v 37.251801 -18.712101 49.291599
v 38.498699 -18.478401 53.397499
v 7.483200 -13.968900 -29.357300
v 39.073898 -18.241001 50.500900
v 34.924999 -16.841202 51.752102
v 34.924999 -16.847603 52.563400
v 38.498699 -21.290802 49.650501
v 38.119499 -21.182402 53.494900
v 34.924999 -16.847603 50.581001
v 45.386600 -7.618002 21.523500
v 35.928600 -21.182402 53.494900
v 35.928600 -17.383501 53.631401
v 34.924999 -21.551502 52.442699
v 34.924999 -21.551502 50.460300
v 34.924999 -21.551502 49.585701
v 39.926701 -9.050602 75.576202
v 34.121300 -9.050602 75.576202
v 37.023998 -8.272802 75.576202
v 55.553200 -8.342103 27.132200
v 40.060699 -31.095402 -52.315498
v 47.101799 -3.536902 -25.238600
v 46.936100 -3.537602 -24.629101
v 46.936100 -3.537602 -24.629101
v 46.931900 -3.537802 -24.616600
v 56.681702 -8.358203 20.102600
v 37.023998 -17.563902 53.909000
v 48.926899 -30.132301 -38.119900
v 39.927101 -34.214401 -54.037998
v 53.066299 -8.918201 17.236300
v 53.687698 -30.483702 -27.766199
v 38.498699 -17.190401 53.375000
v 52.131001 -8.321202 17.783701
v 34.924999 -22.921602 52.466599
v 35.928600 -22.385702 53.515900
v 44.652100 -33.038204 -32.019100
v 44.543701 -33.111805 -32.021400
v 44.544201 -33.111504 -32.022099
v 45.786800 -32.266804 -31.995399
v 44.544201 -33.111504 -32.022099
v 44.544201 -33.111504 -32.022099
v 44.544300 -33.111504 -32.022202
v 44.968800 -32.935703 -32.021400
v 44.543701 -33.111805 -32.021400
v 44.543701 -33.111805 -32.021400
v 46.152901 -32.018005 -31.986700
v 37.841000 -34.513802 -55.060299
v 38.031300 -34.452702 -55.074799
v 38.202999 -34.453701 -54.954498
v 46.114399 -32.044106 -31.987600
v 47.956699 -3.059502 -21.852699
v 48.272499 -2.746302 -21.925200
v 11.650199 -24.977800 -22.692101
v 11.650199 -24.861601 -22.691999
v 11.650199 -24.977800 -22.692101
v 11.650099 -24.423901 -22.691601
v 37.023998 -17.563902 49.260601
v 11.649999 -24.423901 -22.691700
v 37.251801 -17.527802 49.270901
v 11.650399 -23.480600 -22.691900
v 11.650399 -23.480000 -22.691999
v 11.650099 -23.480000 -22.691999
v 11.650099 -23.480600 -22.691999
v 11.650099 -22.923800 -22.691999
v 11.650199 -22.153400 -22.691999
v 39.914200 -34.408001 -53.649399
v 39.914299 -34.382301 -53.646099
v 11.538799 -23.480600 -22.500900
v 11.538799 -23.480000 -22.500900
v 11.538599 -23.480000 -22.500999
v 11.538599 -23.480600 -22.500999
v 40.021000 -34.111198 -53.609100
v 37.023998 -22.205301 53.787201
v 40.021000 -34.111301 -53.608299
v 35.476898 -35.819401 -53.580601
v 39.926701 -9.050602 71.004700
v 34.121300 -9.050602 71.004700
v 37.023998 -8.272802 71.004700
v 20.191500 -19.923700 122.237503
v 29.084000 -19.923702 111.965401
v 26.978500 -19.373701 111.965401
v 13.404399 -19.373699 111.965401
v 11.298899 -19.923700 111.965401
v 18.561501 -20.396700 94.504601
v 21.821400 -20.396702 94.504601
v 13.902699 -20.396700 85.252899
v 13.902699 -20.396700 88.511497
v 18.561501 -20.396700 85.252899
v 18.561501 -20.396700 88.511497
v 26.480900 -20.396702 88.511497
v 26.480900 -20.396702 85.252899
v 21.821400 -20.396702 85.252899
v 21.821400 -20.396702 88.511497
v 21.821400 -19.373701 94.504601
v 18.561501 -19.373699 94.504601
v 13.902699 -19.373699 88.511497
v 13.902699 -19.373699 85.252899
v 18.561501 -19.373699 85.252899
v 18.561501 -19.373699 88.511497
v 26.480900 -19.373701 85.252899
v 26.480900 -19.373701 88.511497
v 21.821400 -19.373701 85.252899
v 21.821400 -19.373701 88.511497
v 21.821400 -19.690203 94.504601
v 18.561501 -19.690201 94.504601
v 21.821400 -19.690203 88.511497
v 21.821400 -19.690203 85.252899
v 18.561501 -19.690201 85.252899
v 18.561501 -19.690201 88.511497
v 18.561501 -20.131500 94.504601
v 21.821400 -20.131502 94.504601
v 21.821400 -20.131502 85.252899
v 21.821400 -20.131502 88.511497
v 18.561501 -20.131500 88.511497
v 18.561501 -20.131500 85.252899
v 13.902699 -19.690201 88.511497
v 13.902699 -19.690201 85.252899
v 13.902699 -20.131500 85.252899
v 13.902699 -20.131500 88.511497
v 26.480900 -19.690203 85.252899
v 26.480900 -19.690203 88.511497
v 26.480900 -20.131502 88.511497
v 26.480900 -20.131502 85.252899
v 51.829399 -19.884901 75.576202
v 51.680599 -21.011501 75.576202
v 53.280701 -19.884901 75.576202
v 43.268799 -21.011501 75.576202
v 43.119999 -19.884901 75.576202
v 37.023998 -19.884901 75.576202
v 51.245701 -22.061602 75.576202
v 50.377998 -24.912601 75.576202
v 51.580299 -23.989902 75.576202
v 52.502998 -22.787601 75.576202
v 53.082699 -21.387402 75.576202
v 48.977100 -25.493002 75.576202
v 45.297298 -23.656002 75.576202
v 45.972198 -25.493002 75.576202
v 44.396000 -22.963602 75.576202
v 43.703602 -22.061602 75.576202
v 37.023998 -31.496403 75.576202
v 41.378700 -25.690302 75.576202
v 42.052299 -28.593702 75.576202
v 38.151199 -29.896902 75.576202
v 37.023998 -30.045002 75.576202
v 35.896900 -29.896902 75.576202
v 37.027699 -35.387402 -53.614201
v 34.846699 -29.461401 75.576202
v 33.944698 -28.769701 75.576202
v 39.201401 -21.919302 75.576202
v 40.103401 -22.611603 75.576202
v 40.795101 -23.513601 75.576202
v 41.229900 -24.563803 75.576202
v 42.446400 -22.787601 75.576202
v 42.052299 -22.787601 75.576202
v 33.944698 -22.611603 75.576202
v 35.896900 -21.484503 75.576202
v 37.023998 -21.336302 75.576202
v 38.151199 -21.484503 75.576202
v 32.669300 -25.690302 75.576202
v 32.918499 -21.585402 75.576202
v 33.252998 -27.867702 75.576202
v 32.818199 -26.817501 75.576202
v 31.995699 -28.593702 75.576202
v 50.377998 -14.856602 75.576202
v 44.571999 -14.856602 75.576202
v 45.972198 -14.276202 75.576202
v 48.977100 -14.276202 75.576202
v 47.474701 -14.078902 75.576202
v 50.554001 -16.805601 75.576202
v 51.245701 -17.707602 75.576202
v 51.680599 -18.757801 75.576202
v 52.502998 -16.981602 75.576202
v 51.580299 -15.779302 75.576202
v 53.082699 -18.381802 75.576202
v 45.297298 -16.113201 75.576202
v 46.347500 -15.678402 75.576202
v 48.601898 -15.678402 75.576202
v 49.652000 -16.113201 75.576202
v 43.268799 -18.757801 75.576202
v 43.703602 -17.707602 75.576202
v 44.396000 -16.805601 75.576202
v 43.369099 -15.779302 75.576202
v 41.229900 -15.205402 75.576202
v 40.795101 -16.255602 75.576202
v 40.103401 -17.157602 75.576202
v 39.201401 -17.849901 75.576202
v 42.446400 -16.981602 75.576202
v 42.052299 -16.981602 75.576202
v 38.537399 -34.900501 -53.636799
v 38.537399 -34.900600 -53.636501
v 38.537399 -34.900600 -53.636200
v 38.537300 -34.900700 -53.635799
v 35.896900 -18.284801 75.576202
v 38.537300 -34.900799 -53.635300
v 34.846699 -17.849901 75.576202
v 40.103401 -10.999502 75.576202
v 40.795101 -11.901502 75.576202
v 41.229900 -12.951702 75.576202
v 41.378700 -14.078902 75.576202
v 42.052299 -11.175502 75.576202
v 35.896900 -9.872302 75.576202
v 32.669300 -14.078901 75.576202
v 32.818199 -12.951702 75.576202
v 33.252998 -16.255602 75.576202
v 31.995701 -11.175501 75.576202
v 31.416000 -12.575801 75.576202
v 31.995701 -16.981602 75.576202
v 51.829399 -19.884901 73.747597
v 51.680599 -21.011501 73.747597
v 51.666401 -21.045702 73.747597
v 38.119499 -22.385702 53.515900
v 43.283001 -21.045702 73.747597
v 43.268799 -21.011501 73.747597
v 43.119999 -19.884901 73.747597
v 51.245701 -22.061602 73.747597
v 50.625500 -22.870401 73.747597
v 50.024601 -23.370003 73.747597
v 45.297298 -23.656002 73.747597
v 44.489498 -23.035402 73.747597
v 44.459999 -23.012802 73.747597
v 44.396000 -22.963602 73.747597
v 43.703602 -22.061602 73.747597
v 41.378700 -25.690302 73.747597
v 34.924999 -22.921602 50.484200
v 39.303600 -10.036302 50.999699
v 38.151199 -29.896902 73.747597
v 37.023998 -30.045002 73.747597
v 35.896900 -29.896902 73.747597
v 34.846699 -29.461401 73.747597
v 34.474602 -29.176003 73.747597
v 33.944698 -28.769701 73.747597
v 33.858601 -28.657501 73.747597
v 39.201401 -21.919302 73.747597
v 40.103401 -22.611603 73.747597
v 39.073898 -9.916302 52.546902
v 37.034599 -35.356499 -53.610500
v 38.537300 -34.900002 -53.637600
v 37.034599 -35.356499 -53.610500
v 38.521198 -34.876598 -53.632801
v 45.343601 -3.221802 -23.075701
v 45.400299 -3.045802 -21.682199
v 38.667599 -9.739702 49.804600
v 38.119499 -9.570601 53.494900
v 37.023998 -9.433602 53.766899
v 37.023998 -9.433602 49.118698
v 37.251801 -9.445002 49.129902
v 43.427200 -1.979102 -20.684200
v 37.838699 -34.764702 -53.567600
v 37.023998 -22.205301 49.138901
v 38.521198 -34.876801 -53.631802
v 38.498699 -22.578802 49.672901
v 35.380501 -9.739702 49.804600
v 34.974201 -9.916302 52.546902
v 25.832298 -28.700602 -31.640301
v 34.744400 -10.036302 50.999699
v 23.549498 -26.905602 -27.697800
v 23.771797 -26.640202 -27.919701
v 27.734198 -28.102602 -25.172400
v 27.734198 -28.102602 -21.075500
v 25.234198 -28.102602 -25.907200
v 41.983101 -1.964602 -22.654400
v 53.140301 -30.213102 -28.552700
v 40.795101 -23.513601 73.747597
v 41.229900 -24.563803 73.747597
v 42.036999 -1.832802 -21.652901
v 35.896900 -21.484503 73.747597
v 37.023998 -21.336302 73.747597
v 38.151199 -21.484503 73.747597
v 16.595598 -25.166401 -31.162901
v 32.669300 -25.690302 73.747597
v 16.184498 -25.928600 -30.458799
v 33.252998 -27.867702 73.747597
v 32.818199 -26.817501 73.747597
v 50.554001 -16.805601 73.747597
v 51.245701 -17.707602 73.747597
v 51.680599 -18.757801 73.747597
v 45.297298 -16.113201 73.747597
v 46.347500 -15.678402 73.747597
v 48.601898 -15.678402 73.747597
v 49.652000 -16.113201 73.747597
v 43.268799 -18.757801 73.747597
v 43.703602 -17.707602 73.747597
v 44.396000 -16.805601 73.747597
v 41.229900 -15.205402 73.747597
v 40.795101 -16.255602 73.747597
v 40.103401 -17.157602 73.747597
v 39.201401 -17.849901 73.747597
v 38.151199 -18.284801 73.747597
v 34.846699 -17.849901 73.747597
v 40.103401 -10.999502 73.747597
v 40.795101 -11.901502 73.747597
v 41.229900 -12.951702 73.747597
v 41.378700 -14.078902 73.747597
v 34.974201 -11.260302 52.570400
v 34.846699 -10.307802 73.747597
v 35.896900 -9.872302 73.747597
v 32.669300 -14.078901 73.747597
v 33.252998 -16.255602 73.747597
v 39.774300 -36.286499 -45.197300
v 37.023998 -29.176003 73.747597
v 37.023998 -10.593202 53.787201
v 34.975399 -28.510202 73.747597
v 34.204800 -27.738901 73.747597
v 40.338902 -24.613602 73.747597
v 53.624298 -30.173203 -27.711201
v 53.624298 -30.173203 -27.711201
v 53.624298 -30.173203 -27.711201
v 53.624199 -30.172901 -27.710600
v 53.036098 -30.416502 -27.710600
v 37.023998 -22.205301 73.747597
v 53.035500 -30.417002 -27.711201
v 53.035599 -30.417002 -27.711201
v 33.709202 -24.613602 73.747597
v 53.408501 -30.262602 -27.711201
v 53.135700 -30.375603 -27.711201
v 38.119499 -10.773502 53.515900
v 53.035500 -30.417002 -27.711201
v 52.683399 -30.773302 -27.745501
v 44.160400 -18.807602 73.747597
v 16.915098 -24.320299 -31.710300
v 40.338902 -15.155602 73.747597
v 17.365099 -22.695101 -32.481300
v 37.023998 -17.563902 73.747597
v 17.632298 -23.669800 -32.938801
v 33.709202 -15.155602 73.747597
v 37.023998 -30.335602 56.248199
v 11.538699 -12.269301 -22.500900
v 38.119499 -30.198603 56.520302
v 17.430399 -22.243601 -32.592999
v 12.120599 -11.945501 -23.497499
v 17.430399 -22.243799 -32.592899
v 39.656101 -36.162701 -45.197300
v 39.540901 -36.127899 -45.197300
v 39.656799 -36.088501 -45.197300
v 39.640202 -36.195400 -44.652302
v 41.027401 -1.858502 -22.283600
v 41.377899 -2.005402 -22.261499
v 36.701599 -33.845402 -45.197300
v 36.379398 -33.978901 -45.197300
v 33.957600 -35.455299 -42.717602
v 41.792198 -2.718602 -28.034700
v 41.792198 -2.718602 -28.035299
v 39.303600 -29.733002 58.108299
v 40.056099 -1.893402 -28.052000
v 40.056198 -1.893502 -28.052601
v 34.975399 -11.259002 73.747597
v 37.023998 -10.593202 73.747597
v 39.072601 -11.259002 73.747597
v 6.513899 -20.195499 27.477699
v -0.000001 -20.195499 23.112000
v -0.000001 -20.195499 31.842800
v -0.000001 -19.650000 23.112000
v 6.513899 -19.650000 27.477699
v -0.000001 -19.650000 31.842800
v 19.517200 -20.912500 66.768402
v 19.517200 -20.912500 44.169899
v 19.517200 -20.396700 66.768402
v 18.561501 -20.396700 70.875900
v 35.380501 -11.052702 49.827599
v 27.272800 -20.396702 66.214302
v 21.821400 -20.396702 66.603798
v 21.821400 -20.396702 70.875900
v 19.517200 -18.858000 66.768402
v 33.306400 -35.731201 -42.685101
v 13.404399 -19.373699 65.740898
v 19.517200 -19.373699 56.561600
v 18.561501 -19.373699 70.875900
v 19.517200 -19.373699 66.768402
v 21.821400 -19.373701 70.875900
v 11.298899 -19.923700 65.740898
v 19.517200 -19.923700 53.400002
v 18.561501 -19.690201 70.875900
v 18.561501 -20.131500 70.875900
v 29.084000 -19.923702 66.084900
v 21.821400 -19.690203 70.875900
v 21.821400 -20.131502 70.875900
v 37.023998 -10.593202 49.138901
v 31.995699 -28.593702 71.004700
v 31.995699 -22.787601 71.004700
v 31.416000 -15.581301 71.004700
v 31.995701 -11.175501 71.004700
v 33.898102 -20.912502 65.740898
v 33.898102 -20.912502 33.897800
v 33.898102 -20.195501 31.842800
v 33.898102 -20.195501 23.112000
v 50.789600 -20.961601 15.688300
v 39.194698 -1.539102 -21.488501
v 40.876598 -2.032602 -22.030001
v 39.406601 -1.464302 -22.242399
v 39.426998 -1.443202 -22.273800
v 39.275600 -1.600302 -22.040100
v 39.259701 -1.608202 -22.025700
v 39.406601 -1.464302 -22.242399
v 34.744400 -29.733002 58.108299
v 39.259701 -1.608202 -22.025700
v 37.251801 -10.629302 49.150501
v 34.974201 -29.852901 59.659401
v 35.380501 -30.029501 56.923302
v 11.650099 -14.713001 -22.691900
v 11.650099 -14.713001 -22.691900
v 39.073898 -29.852901 59.659401
v 39.359798 -1.517102 -22.183800
v 39.265499 -1.614402 -22.073900
v 39.617100 -1.721402 -22.049801
v 39.265499 -1.614502 -22.073900
v 39.303600 -18.120802 58.108299
v 34.129002 -36.073601 -39.105900
v 34.129002 -36.073399 -39.107201
v 34.326099 -2.693501 -20.822701
v 33.651100 -2.404402 -20.722000
v 33.367199 -2.238001 -20.206699
v 37.128799 -34.488300 -40.901901
v 34.088001 -36.368301 -36.392399
v 34.275200 -36.600800 -36.026600
v 36.709000 -34.202900 -40.869301
v 11.538599 -14.319901 -22.500900
v 34.528801 -2.490201 -17.788500
v 34.529202 -2.490402 -17.789200
v 11.582099 -14.734901 -22.575300
v 33.317600 -1.988501 -17.788500
v 33.317600 -1.988601 -17.789200
v 32.911301 -1.409901 -13.455600
v 32.911201 -1.410001 -13.456500
v 34.824902 -2.194101 -13.365800
v 38.551601 -4.314402 -19.456100
v 34.594101 -2.424901 -13.799300
v 33.199699 -1.269401 -10.709700
v 33.137001 -1.298101 -10.751500
v 33.174000 -1.267601 -10.803500
v 33.176601 -1.280601 -10.929500
v 31.974098 -36.930599 -39.292500
v 32.003799 -36.918598 -39.291000
v 53.280701 -19.884901 71.004700
v 38.119999 -4.607801 -19.464300
v 34.083302 -2.935701 -13.885300
v 32.125801 -36.870201 -39.279499
v 37.023998 -21.045702 71.004700
v 37.023998 -19.884901 71.004700
v 11.594999 -14.730700 -22.597500
v 11.538599 -13.856901 -22.500900
v 5.136300 -14.748600 -28.377001
v 35.380501 -28.716501 56.900299
v 52.011799 -32.455303 21.713100
v 37.096500 -39.085098 21.741600
v 33.637299 -40.517700 27.132200
v 16.621597 -25.091200 -20.826500
v 33.625000 -35.902199 -36.417801
v 52.686100 -31.068102 -25.057400
v 50.367699 -3.917502 -3.999700
v 5.136300 -14.851400 -28.377001
v 37.483898 -34.729698 -31.915800
v 37.484200 -34.729900 -31.916500
v 50.690601 -3.150102 -4.044400
v 38.678001 -35.541401 -32.022099
v 34.465302 -37.286301 -32.022099
v 38.678200 -35.541401 -32.021301
v 16.305899 -25.091200 -20.919001
v 39.073898 -28.508902 59.635899
v 34.924999 -18.217701 57.572300
v 37.023998 -29.176003 56.228001
v 36.134998 -18.636702 56.423401
v 38.119499 -28.995703 56.499199
v 38.119499 -18.586802 56.520302
v 39.073898 -18.241001 59.659302
v 34.924999 -16.847603 59.530701
v 34.924999 -16.865803 57.548698
v 34.924999 -16.847603 57.548401
v 39.303600 -21.648401 58.873798
v 34.465302 -37.286499 -32.021099
v 37.179298 -39.501801 21.713100
v 54.787701 -5.849602 -5.224000
v 40.057201 -37.535500 -27.994600
v 39.969299 -37.410801 -27.968700
v 39.969200 -37.410801 -27.968300
v 41.234798 -36.981899 -27.983900
v 40.057301 -37.535400 -27.995100
v 39.969299 -37.410702 -27.968901
v 41.570801 -36.908699 -27.994600
v 41.570599 -36.867100 -27.987801
v 41.570499 -36.857300 -27.986200
v 41.570599 -36.857201 -27.986601
v 49.786499 -6.341302 -6.349400
v 49.786499 -6.341302 -6.349100
v 41.570599 -36.857201 -27.986601
v 41.423000 -36.911999 -27.985600
v 41.425098 -36.911201 -27.985701
v 41.570801 -36.908600 -27.995100
v 41.570599 -36.857201 -27.986700
v 46.800098 -31.578001 -21.958700
v 46.201302 -31.985102 -22.767200
v 44.595299 -35.978603 28.065300
v 40.250900 -38.229698 21.621201
v 49.258598 -34.047104 21.621201
v 38.050900 -38.366600 -27.994600
v 38.051102 -38.366501 -27.995300
v 38.054100 -38.001099 -27.935301
v 38.119499 -21.182402 56.362701
v 11.066599 -15.730201 -22.328899
v 37.893101 -38.025200 -27.928301
v 38.068001 -37.976101 -27.932100
v 38.068001 -37.976101 -27.932100
v 38.068100 -37.976002 -27.932800
v 38.068100 -37.976002 -27.932800
v 37.901600 -38.022701 -27.929199
v 38.054199 -38.000999 -27.936001
v 38.064400 -37.982700 -27.933701
v 38.068100 -37.976002 -27.932800
v 38.068100 -37.976002 -27.932800
v 55.020000 -28.173101 -10.597800
v 32.509499 -40.533901 20.102600
v 37.023998 -17.563902 56.228001
v 34.924999 -21.551502 59.410198
v 34.924999 -21.551502 57.427799
v 16.553999 -24.896299 -21.026899
v 34.924999 -22.166502 57.438499
v 19.137798 -27.499800 -20.267599
v 54.556599 -29.739101 -9.935600
v 31.827099 -38.379299 -32.021301
v 33.532299 -36.366501 -31.915800
v 54.263000 -31.540401 -6.346000
v 33.532700 -36.366798 -31.916500
v 11.031099 -15.730201 -22.339300
v 38.119499 -17.383501 56.499199
v 54.535400 -31.106901 -6.319400
v 54.560200 -31.045702 -6.315300
v 54.560200 -31.045801 -6.315400
v 54.498199 -31.159302 -6.322500
v 54.601299 -30.970503 -6.310700
v 34.924999 -23.004402 59.435501
v 34.706699 -23.004402 58.309898
v 34.711399 -23.004402 58.216202
v 34.730900 -23.004402 58.083599
v 11.064299 -15.723001 -22.360701
v 34.924999 -22.921602 57.451698
v 11.064299 -15.723001 -22.360701
v 34.711399 -23.004402 58.216202
v 34.711399 -23.135101 58.218498
v 11.054499 -15.774601 -22.343700
v 54.696499 -30.709602 -6.292900
v 11.113299 -15.566401 -22.445101
v 11.113299 -15.566401 -22.445101
v 54.597301 -30.954002 -6.309200
v 31.931398 -38.335899 -32.022301
v 32.771198 -37.987999 -32.022202
v 32.771301 -37.988201 -32.021198
v 49.977001 -6.223103 -6.365300
v 49.977001 -6.223202 -6.365000
v 39.303600 -10.036302 58.873798
v 46.224602 -35.272003 -51.886600
v 19.251497 -27.499901 -20.234501
v 19.266598 -27.521099 -20.230000
v 19.251497 -27.499901 -20.234501
v 19.425898 -27.745300 -20.183201
v 39.073898 -9.916302 57.322800
v 10.955999 -15.191201 -22.491400
v 11.135999 -15.516101 -22.483700
v 37.023998 -22.205301 56.106098
v 51.246799 -32.519302 15.848700
v 38.119499 -9.570601 56.362701
v 38.119499 -22.385702 56.383701
v 37.023998 -9.433602 56.085899
v 50.076401 -6.073402 -6.380400
v 35.928600 -9.570601 56.362701
v 35.380501 -9.739702 56.771801
v 34.974201 -9.916302 57.322800
v 34.744400 -10.036302 58.873798
v 11.271099 -15.191201 -22.398800
v 50.104599 -5.894502 -6.395900
v 50.097801 -5.938003 -6.392100
v 50.090801 -5.982203 -6.388300
v 50.104599 -5.894502 -6.395800
v 45.491402 -35.472004 -28.025101
v 45.491402 -35.472004 -28.025700
v 51.088501 -6.263103 -2.431800
v 50.445999 -4.374902 -4.042400
v 36.349201 -30.280502 60.795502
v 37.023998 -30.335602 60.896301
v 37.023998 -30.335602 63.215099
v 45.493401 -35.283905 -27.994600
v 35.380501 -11.052702 56.794701
v 45.457298 -35.247303 -27.986200
v 45.493401 -35.283905 -27.995199
v 45.457199 -35.247303 -27.986799
v 50.933899 -32.928604 -1.671000
v 37.023998 -10.593202 56.106098
v 38.119499 -10.773502 56.383701
v 50.780499 -32.844902 -1.509100
v 16.414799 -24.559500 -20.788700
v 54.744999 -30.351702 -6.265700
v 54.742901 -30.315102 -6.262500
v 47.341099 -33.658005 19.671700
v 51.034199 -6.133302 -2.549700
v 35.380501 -30.029501 63.890701
v 39.073898 -29.852901 64.435303
v 36.349201 -29.069002 60.774399
v 52.152302 -31.924501 -6.305800
v 52.570801 -31.618702 -6.295100
v 49.551998 -5.155402 -6.437200
v 49.551998 -5.155402 -6.437100
v 48.769100 -4.911602 -6.430700
v 54.680302 -30.037903 -6.237900
v 54.682400 -30.047802 -6.238800
v 54.682301 -30.047401 -6.238800
v 54.680199 -30.038101 -6.237900
v 48.869301 -34.610806 -30.633101
v 48.390301 -34.924706 -30.524200
v 48.590401 -34.754505 -30.761101
v 48.527100 -4.926702 -6.421300
v 48.527100 -4.926702 -6.421300
v 54.693802 -30.103302 -6.243700
v 36.349201 -18.668303 60.795502
v 36.134998 -18.636702 60.717999
v 16.463799 -24.715799 -20.872700
v 53.653000 -30.718102 -3.553900
v 16.463799 -24.715799 -20.872700
v 36.570400 -18.700901 60.851200
v 16.486599 -24.766600 -20.911600
v 36.796299 -18.712101 63.226002
v 37.698898 -18.668303 60.795502
v 50.025902 -34.384304 -28.153900
v 40.361698 -37.322601 17.167500
v 48.435600 -4.955102 -6.415900
v 48.435600 -4.955102 -6.415900
v 37.023998 -29.176003 60.875999
v 54.092800 -30.281301 -6.237900
v 54.092701 -30.281301 -6.237900
v 54.092499 -30.281502 -6.237900
v 50.024700 -34.384304 -28.154600
v 48.321602 -4.990502 -6.409300
v 48.321602 -4.990502 -6.409200
v 48.913101 -5.359302 -1.354000
v 39.073898 -18.241001 64.435303
v 36.349201 -17.456902 60.774399
v 41.013000 -36.279099 19.671700
v 37.023998 -17.563902 60.875999
v 35.380501 -28.716501 63.867699
v 37.023998 -29.176003 63.194801
v 56.495499 -16.288801 12.326200
v 56.495602 -23.481003 12.326200
v 49.993698 -34.297802 -24.550699
v 55.082500 -11.330703 15.178400
v 39.073898 -28.508902 64.411797
v 25.859499 -30.441702 -17.788500
v 27.571299 -30.439503 -17.789200
v 27.571299 -30.441702 -17.789200
v 25.859598 -30.441702 -17.789200
v 55.020000 -11.608403 15.177800
v 55.019699 -11.608303 15.178400
v 34.918499 -16.841202 64.529099
v 34.924999 -16.847603 64.515404
v 49.340199 -34.590603 -24.065901
v 48.146000 -3.770102 -6.502000
v 36.796299 -17.527802 63.205299
v 37.023998 -17.563902 63.194801
v 48.143002 -3.773102 -6.501800
v 48.350899 -4.065602 -6.484900
v 47.880299 -3.932102 -2.891000
v 45.119202 -35.937504 -28.075800
v 45.119202 -35.937405 -28.076599
v 38.119499 -21.182402 63.329601
v 55.036201 -28.846703 15.177800
v 55.020000 -28.173101 15.177800
v 55.019699 -28.173203 15.178400
v 37.023998 -21.045702 60.734100
v 53.155800 -31.158003 12.443000
v 50.772400 -32.849804 12.647900
v 44.830799 -32.393505 12.473300
v 46.319698 -31.776802 12.326200
v 46.800900 -31.577501 12.326200
v 45.114201 -32.276104 12.464200
v 45.114300 -32.276104 12.464200
v 53.198002 -31.120602 12.798300
v 50.802299 -32.831703 12.853600
v 48.889999 -30.712202 12.504800
v 48.937000 -30.688202 12.504800
v 50.802299 -32.831703 12.853600
v 36.349201 -21.100903 60.635101
v 53.198002 -31.120602 12.798300
v 48.889999 -30.712202 12.504800
v 49.129200 -3.362302 -0.099900
v 53.213100 -31.107302 12.924900
v 46.555698 -4.453702 -6.393500
v 46.556499 -4.586302 -6.382800
v 34.924999 -21.551502 64.394699
v 34.924999 -21.551502 63.811199
v 46.556499 -4.586302 -6.382800
v 51.142399 -32.615204 15.178400
v 51.142899 -32.611805 15.177800
v 51.379101 -32.100502 15.178400
v 51.379002 -32.100605 15.177800
v 48.294498 -35.444603 -28.210501
v 48.294498 -35.444504 -28.211399
v 48.294601 -35.444702 -28.209900
v 48.294498 -35.444603 -28.210501
v 34.987999 -38.351398 17.236000
v 48.299599 -35.418205 -28.206600
v 39.073898 -9.916302 64.290001
v 53.484699 -30.870003 15.178400
v 38.314899 -9.619702 60.345798
v 36.680401 -38.130100 17.430000
v 53.480499 -30.870703 15.177800
v 38.119499 -9.570601 63.329601
v 36.349201 -22.312403 60.656300
v 48.314999 -35.338604 -28.194000
v 47.979801 -35.284702 -28.163300
v 48.889999 -30.712202 15.177800
v 48.887402 -30.713501 15.178400
v 48.886799 -30.713802 15.387400
v 37.023998 -9.433602 60.734100
v 37.023998 -9.433602 63.052799
v 46.496799 -4.323902 -6.402000
v 36.072102 -38.112202 17.784000
v 52.233601 -27.743002 12.326200
v 52.291599 -27.685001 12.290000
v 37.023998 -22.205301 60.754398
v 52.387100 -27.749903 12.290000
v 52.190201 -27.786402 12.326200
v 51.912800 -28.072302 12.290000
v 51.625999 -27.749903 12.482500
v 51.891499 -27.733702 12.504800
v 50.799198 -26.768002 12.326200
v 52.997501 -19.982801 12.326200
v 52.899601 -19.884901 12.312000
v 36.349201 -9.488702 60.635101
v 52.997501 -19.787102 12.326200
v 35.928600 -9.570601 63.329601
v 34.974201 -9.916302 64.290001
v 34.924999 -22.921602 64.418602
v 46.185299 -3.957402 -6.421200
v 46.185299 -3.957402 -6.421400
v 52.387100 -11.828402 12.290000
v 52.119598 -11.912902 12.326200
v 52.428799 -16.199902 12.326200
v 52.428799 -16.199902 12.326200
v 52.177601 -11.970802 12.290000
v 48.792500 -35.081005 -24.359600
v 53.787998 -15.758002 12.504800
v 36.349201 -10.700202 60.656300
v 46.241901 -3.739902 -1.382000
v 46.251900 -3.676902 0.021900
v 48.070202 -5.242402 -6.380500
v 53.202801 -8.665702 12.846100
v 48.070202 -5.242502 -6.380400
v 37.023998 -10.593202 60.754398
v 37.023998 -22.205301 63.073002
v 51.891499 -12.035501 12.504800
v 53.202801 -8.665702 12.846100
v 51.576099 -11.828402 12.495100
v 50.722301 -12.862702 12.326200
v 53.212002 -8.673902 12.923600
v 46.556702 -4.615302 -6.380500
v 46.536400 -4.636002 -6.378100
v 50.803600 -6.950502 12.862300
v 46.536400 -4.636002 -6.378100
v 46.556702 -4.615302 -6.380500
v 48.564301 -9.594202 12.425500
v 47.109001 -4.844102 -0.656200
v 48.950401 -9.094302 12.504800
v 47.451599 -8.473502 12.290000
v 46.844700 -8.222202 12.290000
v 34.974201 -11.260302 64.313400
v 53.212101 -8.673902 12.923800
v 50.803600 -6.950502 12.862400
v 48.950401 -9.094302 12.504800
v 45.644199 -7.724902 12.468600
v 47.110401 -8.332202 12.484300
v 45.644199 -7.724902 12.468600
v 53.740101 -9.141202 15.177800
v 32.407902 -37.539299 17.381001
v 38.119499 -22.385702 63.350601
v 46.845699 -4.802002 -6.375100
v 46.845699 -4.802002 -6.375000
v 46.523399 -4.649202 -6.376600
v 46.520199 -4.652502 -6.376300
v 46.520199 -4.652502 -6.376200
v 46.520199 -4.652502 -6.376300
v 37.023998 -10.593202 63.073002
v 55.553200 -31.439402 27.132200
v 47.926300 -5.333202 -6.368300
v 56.362000 -30.653301 20.102600
v 56.598801 -31.006601 20.074100
v 47.328701 -5.039402 -6.372000
v 47.057098 -4.905902 -0.585100
v 38.119499 -10.773502 63.350601
v 48.285599 -5.521902 -0.813600
v 48.043499 -5.394802 -6.367400
v 48.043598 -5.394802 -6.367200
v 48.809399 -5.784602 -0.927300
v 48.043598 -5.394802 -6.367300
v 47.549702 -35.862103 -28.228201
v 48.813000 -5.798702 -0.919800
v 48.825500 -5.805302 -0.832700
v 48.825500 -5.805302 -0.832700
v 48.813000 -5.798702 -0.919800
v 39.303600 -18.120802 65.982101
v 53.484699 -8.911502 15.178400
v 53.479698 -8.910702 15.177800
v 47.950901 -35.724304 -27.753901
v 53.066299 -30.863302 17.236300
v 36.118198 -30.246302 71.004700
v 36.118198 -30.246302 67.677002
v 36.568501 -30.312902 71.004700
v 36.570400 -30.313002 67.818604
v 51.142399 -7.166302 15.178400
v 51.722000 -8.068202 15.177800
v 51.722099 -8.068302 15.178400
v 51.163502 -7.276803 15.177800
v 51.163601 -7.276803 15.178400
v 51.143002 -7.170002 15.177800
v 38.119499 -30.198603 67.586899
v 40.820400 -1.283002 -1.947200
v 39.303600 -29.733002 65.075302
v 48.950298 -9.094302 15.177800
v 48.950401 -9.094302 15.177800
v 48.950001 -9.093902 15.177800
v 48.950001 -9.093902 15.178400
v 48.950100 -9.094002 15.387400
v 48.950001 -9.093902 15.177800
v 48.950001 -9.093902 15.178400
v 48.949902 -9.093902 15.177800
v 48.949902 -9.093902 15.178400
v 48.949902 -9.093801 15.177800
v 48.949902 -9.093801 15.178400
v 48.937000 -9.081002 15.177800
v 48.937000 -9.081002 15.178400
v 33.898102 -17.506601 66.446800
v 11.650399 -15.304601 -22.691999
v 11.650199 -14.907801 -22.691999
v 34.889900 -18.201101 66.446800
v 34.889900 -18.201101 66.446800
v 45.214500 -7.184502 15.177800
v 45.214500 -7.184502 15.178400
v 52.130798 -31.461002 17.782499
v 48.932800 -9.086902 15.388400
v 48.932800 -9.086902 15.388400
v 48.916698 -9.080202 15.388500
v 40.649300 -1.473802 -6.436700
v 46.208900 -35.747505 -22.525000
v 40.649300 -1.473802 -6.436600
v 45.110802 -7.503602 15.429400
v 45.110901 -7.503702 15.429400
v 35.246601 -18.370201 67.028397
v 34.894199 -18.203102 66.456001
v 11.538699 -14.777701 -22.500900
v 11.538599 -14.777901 -22.500900
v 40.484501 -1.387202 -6.438100
v 40.484501 -1.387202 -6.438100
v 40.402000 -1.343802 -6.438800
v 40.452702 -1.370402 -6.438400
v 40.402000 -1.343802 -6.438800
v 40.134300 -1.254102 -6.437200
v 43.845699 -32.801502 12.570600
v 43.845699 -32.801502 15.177800
v 43.847401 -32.801304 15.177800
v 43.847401 -32.801304 15.177800
v 43.847401 -32.801304 15.177800
v 43.847401 -32.801304 15.387400
v 43.847500 -32.801304 15.178400
v 43.847500 -32.801304 15.177800
v 43.847500 -32.801304 15.178400
v 43.847500 -32.801304 15.177800
v 43.847500 -32.801304 15.178400
v 36.570400 -18.700901 67.818604
v 39.220901 -1.386102 -6.395900
v 39.220901 -1.386102 -6.395800
v 38.119499 -18.586802 67.586899
v 48.367599 -35.557804 -27.158800
v 34.901100 -16.841202 66.446800
v 34.924999 -16.841202 66.446800
v 34.800098 -16.841202 66.181099
v 34.800098 -16.722801 66.179001
v 37.023998 -31.496403 71.004700
v 33.898102 -23.004402 15.688300
v 27.734198 -28.102602 -14.506700
v 51.337002 -22.465403 15.688300
v 47.474701 -23.370003 15.688300
v 46.397999 -23.199202 15.688300
v 34.744400 -29.733002 65.075302
v 48.823101 -24.329601 15.688300
v 46.568802 -24.440203 15.688300
v 27.734198 -27.499802 -17.741100
v 37.772400 -1.219502 -1.102300
v 34.974201 -29.852901 66.626198
v 39.073898 -29.852901 66.626198
v 37.023998 -17.563902 67.843399
v 38.119499 -17.383501 67.565804
v 40.886299 -16.659302 71.004700
v 34.974201 -28.508902 66.602798
v 33.858601 -17.470802 71.004700
v 35.246601 -18.370201 71.004700
v 37.023998 -18.723501 71.004700
v 32.918499 -18.183802 71.004700
v 32.732700 -15.856302 71.004700
v 37.023998 -29.176003 67.843399
v 39.303600 -10.036302 65.841003
v 35.788300 -1.230702 -6.293500
v 35.803200 -1.238201 -6.293400
v 35.783199 -1.235802 -1.355700
v 52.292702 -29.302902 19.319599
v 38.119499 -9.570601 67.429298
v 37.913101 -9.520402 67.525803
v 36.118198 -9.522902 67.517998
v 47.110401 -36.138103 -28.004999
v 47.132301 -36.153503 -27.852600
v 47.132301 -36.153503 -27.852600
v 38.119499 -28.995703 67.565804
v 47.181000 -36.184505 -27.433100
v 41.129601 -29.795902 71.004700
v 35.928600 -9.570601 67.429298
v 47.246899 -24.518202 21.423300
v 34.744400 -10.036302 65.841003
v 47.076698 -36.114304 -28.236799
v 35.928600 -10.773502 67.450302
v 39.114399 -1.532502 -6.380400
v 28.388397 -24.011202 12.504800
v 40.308498 -28.974802 71.004700
v 41.584202 -24.816801 71.004700
v 29.853397 -26.886803 12.504800
v 27.734198 -23.939701 -16.684500
v 39.303600 -21.648401 65.841003
v 28.632998 -31.501602 14.333400
v 47.073700 -36.111404 -28.236799
v 27.734198 -23.480001 -16.660299
v 47.246899 -23.333902 21.402599
v 47.474701 -23.370003 21.392300
v 40.372601 -1.817002 -0.864200
v 27.734900 -19.884901 15.387400
v 28.388397 -24.011202 15.387400
v 37.023998 -10.593202 67.721603
v 43.797699 -6.960102 12.651000
v 43.797699 -6.960102 15.177800
v 43.799400 -6.960302 15.177800
v 43.799400 -6.960302 15.177800
v 43.799400 -6.960302 15.178400
v 39.078602 -1.708702 -6.365200
v 39.078499 -1.708702 -6.365000
v 43.799400 -6.960302 15.387400
v 43.799400 -6.960302 15.177800
v 43.799400 -6.960302 15.178400
v 43.799400 -6.960302 15.177800
v 43.799400 -6.960302 15.178400
v 43.799599 -6.960402 15.177800
v 43.799599 -6.960402 15.178400
v 46.931900 -36.244305 -24.616600
v 38.119499 -10.773502 67.450302
v 37.023998 -21.045702 67.701302
v 36.570400 -21.068302 67.657097
v 44.244202 -2.690802 1.037000
v 34.924999 -21.551502 66.446800
v 34.924999 -21.551502 66.377098
v 43.362000 -6.779102 15.178400
v 43.359699 -6.778202 15.178400
v 43.359200 -6.778002 15.178400
v 33.898102 -22.262602 66.446800
v 27.734198 -23.480602 -17.741100
v 27.734198 -23.480001 -17.741100
v 43.361301 -6.778902 15.178400
v 43.358398 -6.777702 15.178400
v 48.272499 -37.035202 -21.925200
v 43.342701 -6.771202 15.178400
v 43.341900 -6.770802 15.178400
v 43.353001 -6.775402 15.178400
v 43.341900 -6.770802 15.178400
v 37.929901 -9.522902 71.004700
v 36.118198 -9.522902 71.004700
v 45.195099 -23.926903 23.272600
v 33.691700 3.552199 5.390400
v 34.924999 -23.004402 66.446800
v 34.842201 -23.004402 66.446800
v 34.924999 -22.921602 66.446800
v 34.699799 -23.004402 65.411301
v 34.706699 -23.004402 65.277199
v 34.711399 -23.004402 65.183403
v 34.713699 -23.004402 65.167801
v 34.711399 -23.004402 65.183403
v 41.154900 -2.193602 -6.395400
v 41.134899 -2.293002 -6.386600
v 41.134899 -2.293002 -6.386600
v 41.138699 -2.273602 -6.388300
v 41.154900 -2.193602 -6.395300
v 37.911201 -1.621702 -6.333200
v 45.831100 -24.223701 25.374901
v 39.110100 -1.871402 -6.353000
v 37.841999 -1.607302 -0.794100
v 42.886902 -2.465002 0.036800
v 42.866600 -2.515702 -0.973700
v 37.023998 -22.205301 67.721603
v 47.474701 -24.529501 26.060600
v 49.118198 -24.223701 25.374901
v 36.570400 -22.277203 67.678200
v 37.052502 2.098198 -0.044300
v 36.972900 2.542798 -0.161400
v 35.305401 4.033598 -0.950800
v 34.083199 4.267798 -1.347400
v 49.754299 -23.926903 24.179399
v 5.553199 -16.801701 -24.260099
v 5.553599 -16.802999 -24.259899
v 45.831100 -22.910501 25.351900
v 45.343601 -36.559704 -23.075701
v 33.023899 4.041998 -1.600400
v 32.647999 3.770899 -1.649600
v 45.400299 -36.735703 -21.682199
v 33.017399 4.608199 -16.497700
v 43.427200 -37.802898 -20.683100
v 36.197102 2.717498 -21.907101
v 29.925600 -12.740601 12.504800
v 31.424999 3.502398 -23.348700
v 41.226898 -2.438102 -6.378000
v 40.886299 -23.109901 71.004700
v 5.819599 -16.802999 -23.413401
v 41.120602 -2.363702 -6.380400
v 41.091499 -2.405002 -6.376100
v 41.091499 -2.405002 -6.376100
v 41.120602 -2.363702 -6.380400
v 41.132000 -2.307202 -6.385400
v 38.354500 -1.730902 -6.339200
v 38.954201 -1.878602 -6.347100
v 38.954201 -1.878602 -6.347100
v 32.401501 -26.145903 71.004700
v 39.116001 -1.901802 -6.350700
v 41.982700 -37.817101 -22.654100
v 39.116001 -1.901802 -6.350700
v 39.126499 -1.921002 -6.349400
v 42.691399 -2.757202 -6.401200
v 42.757500 -2.787902 -6.401000
v 42.691399 -2.757202 -6.401300
v 42.757500 -2.787902 -6.401000
v 42.036499 -37.948898 -21.652901
v 49.118198 -22.910603 25.351900
v 33.239399 -9.081002 15.387400
v 33.637299 0.736198 27.132200
v 47.474701 -23.370003 26.040300
v 33.898102 -18.858002 33.897800
v 33.898102 -18.858002 65.740898
v 33.898102 -19.650002 23.112000
v 33.898102 -19.650002 31.842800
v 42.856300 -2.833802 -6.400600
v 42.856300 -2.833802 -6.400600
v 42.844898 -2.836802 -6.400000
v 42.844898 -2.836802 -6.399900
v 44.160400 -18.807602 15.688300
v 31.365499 -0.086201 -6.237900
v 16.500799 -19.754200 10.194400
v 16.500700 -19.754200 10.194400
v 41.074600 -2.429002 -6.373600
v 41.074600 -2.429002 -6.373600
v 38.963902 -1.881302 -6.347200
v 39.130199 -1.927702 -6.349100
v 39.130199 -1.927702 -6.349000
v 40.133499 -2.208002 -0.459400
v 41.049999 -2.464002 -6.370000
v 41.049999 -2.464002 -6.370000
v 42.769402 -2.856802 -6.395800
v 42.769402 -2.856802 -6.395800
v 31.468100 -0.824101 -13.581700
v 31.471001 -0.825201 -13.580800
v 42.700401 -2.925002 -6.388000
v 42.700401 -2.925002 -6.388000
v 41.158100 -2.529502 -6.368300
v 41.158100 -2.529502 -6.368300
v 40.130199 -2.209902 -0.457400
v 40.122799 -2.207602 -0.409500
v 40.130199 -2.209902 -0.457400
v 41.031502 -2.490202 -6.367300
v 41.031502 -2.490202 -6.367200
v 41.158100 -2.529502 -0.378000
v 42.635700 -2.989002 -6.380700
v 39.583401 -38.418400 -28.106501
v 39.583500 -38.418301 -28.107000
v 39.493000 -38.525501 -22.519199
v 39.489899 -38.517799 -22.506300
v 39.489899 -38.517799 -22.506300
v 33.898102 -16.841202 15.688300
v 39.485699 -38.505600 -22.490499
v 41.027401 -37.923000 -22.283600
v 47.474701 -16.399202 15.688300
v 48.551998 -16.570002 15.688300
v 41.377899 -37.776100 -22.261499
v 47.019798 -15.262301 15.688300
v 48.823101 -15.439602 15.688300
v 43.378101 -17.695301 15.688300
v 40.090801 -37.703800 -28.024300
v 41.302399 -2.578802 -6.369100
v 41.348701 -2.594602 -6.369400
v 42.297600 -2.918402 -6.375100
v 27.010998 -23.480602 -17.465000
v 42.634102 -2.990602 -6.380400
v 27.010399 -23.480001 -17.463699
v 45.195099 -23.926903 30.239599
v 45.425400 -24.047201 31.791100
v 10.960099 -16.801701 -22.182100
v 32.081100 0.516999 -6.310600
v 45.831100 -24.223701 29.055000
v 41.792198 -37.063000 -28.034700
v 40.090900 -37.703701 -28.024900
v 41.792198 -37.062901 -28.035299
v 26.267899 -23.480602 -17.290300
v 31.542200 0.180999 -6.265700
v 42.487900 -2.988902 -6.375800
v 42.633701 -3.042902 -6.376300
v 42.633598 -3.042902 -6.376200
v 42.633701 -3.042902 -6.376200
v 47.474701 -24.529501 33.028000
v 47.474701 -24.529501 28.379400
v 31.517200 0.153799 -6.262400
v 31.370600 -0.078501 -6.238700
v 31.370600 -0.078501 -6.238700
v 31.365801 -0.086201 -6.237900
v 31.372700 -0.075301 -6.239000
v 31.815201 -1.996901 -9.635700
v 49.118198 -24.223701 29.055000
v 49.524601 -24.046902 31.791100
v 30.309500 0.048999 -27.711201
v 17.516100 -19.665800 -32.948502
v 17.501600 -19.651300 -32.714802
v 17.435900 -19.557501 -32.602402
v 17.435900 -19.557501 -32.602402
v 17.501600 -19.651300 -32.714802
v 54.316700 -11.317202 17.381001
v 39.426998 -38.338299 -22.273800
v 39.406601 -38.317200 -22.242399
v 53.608101 -4.498502 1.665900
v 39.406601 -38.317200 -22.242399
v 17.617001 -19.560301 -32.912601
v 39.259602 -38.173500 -22.025999
v 39.359699 -38.264400 -22.183800
v 39.280800 -38.175598 -22.084999
v 39.265499 -38.167301 -22.074100
v 54.938499 -9.597302 20.490801
v 39.265598 -38.167301 -22.074200
v 39.265499 -38.167301 -22.074100
v 49.754299 -23.926903 30.239599
v 48.823101 -15.439602 21.687500
v 17.617100 -19.560301 -32.912601
v 17.617001 -19.560301 -32.912601
v 40.876598 -37.748901 -22.030001
v 47.246899 -15.251002 21.261400
v 45.831100 -15.545602 21.936100
v 47.246899 -16.435402 21.282101
v 11.626399 -16.801701 -21.418501
v 19.658899 -19.919201 9.954700
v 48.551998 -16.570002 21.539301
v 39.617100 -38.060299 -22.049999
v 45.425400 -22.703503 31.767599
v 17.570200 -19.919201 10.113300
v 16.323999 -19.985901 10.271800
v 16.323099 -19.985901 10.207900
v 16.500799 -20.217600 10.194400
v 16.500700 -19.985901 10.194400
v 34.240700 -37.108700 -20.977100
v 33.573601 -37.394501 -20.877501
v 33.295101 -37.557701 -20.371901
v 9.241899 -21.253500 -12.853400
v 8.855599 -21.253500 -13.188600
v 34.453800 -37.322399 -17.788500
v 34.454201 -37.322201 -17.789200
v 10.464899 -21.253500 -12.274900
v 9.696199 -21.253500 -12.572600
v 33.242100 -37.824299 -17.788500
v 33.242100 -37.824200 -17.789200
v 10.466199 -21.254101 -12.274300
v 27.734200 -21.254103 -9.774400
v 27.734200 -21.254103 -11.900800
v 27.734200 -21.254103 -7.647500
v 35.868599 -1.150402 7.987000
v 35.868599 -1.150402 7.987700
v 47.474701 -23.370003 33.007702
v 32.792999 -38.420200 -13.459300
v 32.792900 -38.420200 -13.460200
v 35.783199 -1.235802 7.987000
v 35.783199 -1.235802 7.987700
v 30.309900 0.048499 -27.710600
v 49.524601 -22.702902 31.767599
v 37.081501 -1.449002 2.572200
v 34.757301 -37.625900 -13.255200
v 38.561001 -35.461800 -19.471300
v 34.523201 -37.391800 -13.694900
v 49.754299 -15.842302 23.131300
v 33.083199 -38.562000 -10.692600
v 34.082901 -2.936201 7.987000
v 34.082901 -2.936201 7.987700
v 38.130600 -35.169300 -19.479300
v 49.118198 -15.545602 25.223200
v 33.527199 -1.131501 7.987700
v 33.536499 -1.130601 7.987000
v 34.008301 -36.876900 -13.782100
v 47.474701 -15.239702 25.898399
v 45.831100 -15.545602 25.223200
v 11.650099 -19.023600 -22.691999
v 11.650099 -18.998100 -22.691999
v 31.815201 -1.996901 7.987700
v 11.650199 -17.616199 -22.691999
v 31.815201 -1.996901 7.987000
v 45.195099 -15.842302 23.131300
v 11.650199 -16.802999 -22.691999
v 11.650199 -16.801701 -22.691999
v 11.650099 -16.801701 -22.691999
v 11.650099 -16.802999 -22.691999
v 11.650099 -16.845699 -22.691999
v 45.831100 -22.910501 29.032000
v 45.831100 -16.858702 25.246201
v 49.945099 -6.430603 15.177800
v 11.628399 -16.802999 -22.654699
v 11.627699 -16.801701 -22.653601
v 50.690601 -36.631405 -4.044400
v 38.544300 -1.107602 -28.077999
v 9.333200 -18.857401 -18.958401
v 12.061199 -18.857401 -18.227200
v 47.474701 -23.370003 28.359100
v 47.474701 -16.399202 25.918699
v 8.218299 -18.859301 -14.588200
v 8.230599 -18.859301 -14.791400
v 8.269399 -18.857401 -14.990000
v 8.269300 -18.859301 -14.988000
v 8.550900 -18.859301 -13.564500
v 8.340599 -18.859301 -13.967700
v 8.232499 -18.859301 -14.381800
v 10.998099 -18.857401 -14.258800
v 10.996199 -18.859301 -14.257200
v 39.140800 -0.380302 -28.236799
v 49.118198 -22.910603 29.032000
v 49.118198 -16.858603 25.246201
v 54.787701 -33.931904 -5.224000
v 39.140900 -0.384302 -28.236799
v 39.141602 -0.560302 -28.207500
v 39.141602 -0.560402 -28.208099
v 48.489700 -5.624802 15.178400
v 52.134800 -33.549503 -6.436500
v 52.134602 -33.549103 -6.436500
v 52.121799 -33.551403 -6.436300
v 48.486900 -5.627502 15.177800
v 15.241799 -11.667301 -28.844101
v 14.915999 -12.335201 -28.285999
v 15.416199 -12.767901 -29.143101
v 39.082001 -0.179902 -26.245199
v 49.786499 -33.440205 -6.349400
v 49.786499 -33.440205 -6.349100
v 45.195099 -23.926903 37.207001
v 48.104301 -6.076302 18.754101
v 36.499901 0.340198 -28.176399
v 36.193802 0.372698 -28.348101
v 27.339499 -25.122902 -17.809200
v 49.754299 -15.842302 30.098499
v 49.524601 -15.722402 31.645599
v 49.118198 -15.545602 28.903299
v 49.977001 -33.558304 -6.365200
v 49.977001 -33.558304 -6.365000
v 46.342098 -5.994302 20.257299
v 47.474701 -24.529501 35.346401
v 47.928299 -24.507002 35.390701
v 36.183102 0.392598 -28.247900
v 36.183102 0.392598 -28.247900
v 36.177299 0.410998 -28.165701
v 36.174400 0.408898 -28.165800
v 35.783199 -1.235802 8.940400
v 49.754299 -23.926903 37.207001
v 35.688599 -1.224602 9.427200
v 27.230999 -24.864601 -17.841400
v 34.574600 0.268398 -28.034300
v 34.574699 0.268298 -28.035000
v 47.474701 -15.239702 32.865700
v 47.474701 -15.239702 28.217100
v 46.585602 -15.326502 28.395599
v 34.082802 -2.936201 11.309700
v 34.082802 -2.936201 11.309700
v 34.431900 -3.080801 11.034000
v 34.431900 -3.080801 11.034100
v 46.379200 -15.376402 32.593601
v 24.631498 -27.499903 -18.653200
v 9.333200 -21.254101 -18.958401
v 12.061199 -21.254101 -18.227200
v 10.998099 -21.254101 -14.258800
v 8.269399 -21.254101 -14.990000
v 8.218299 -21.253500 -14.588200
v 8.230599 -21.253500 -14.791400
v 8.269300 -21.253500 -14.988000
v 8.232499 -21.253500 -14.381800
v 10.996199 -21.253500 -14.257200
v 8.550900 -21.253500 -13.564500
v 8.340599 -21.253500 -13.967700
v 45.831100 -15.545602 28.903299
v 34.431900 -3.080801 11.034000
v 34.891800 -3.271302 10.779800
v 34.082802 -2.936201 11.959000
v 34.034000 -2.915901 11.966400
v 45.425400 -15.722002 31.645599
v 34.034000 -2.915901 11.966400
v 34.082802 -2.936201 11.959000
v 34.082901 -2.936201 11.959000
v 34.034000 -2.915901 11.966300
v 35.421600 0.678798 -25.872999
v 45.195099 -15.842302 30.098499
v 51.117901 -33.276802 -2.156300
v 31.997900 -2.072501 9.665700
v 33.291199 0.843399 -28.041300
v 46.379200 -16.579601 32.614601
v 33.294498 0.840899 -28.042000
v 50.100899 -33.863705 -6.393800
v 50.104599 -33.887203 -6.395900
v 50.095200 -33.827206 -6.390700
v 33.294601 0.840899 -28.042000
v 33.266602 -2.598101 11.954200
v 33.266399 -2.598001 11.954400
v 33.266602 -2.598101 11.954200
v 33.359200 -2.636401 11.881100
v 33.359100 -2.636401 11.881100
v 13.199999 -19.884899 -25.346800
v 50.104599 -33.887203 -6.395900
v 47.474701 -23.370003 35.326199
v 47.474701 -16.399202 32.885899
v 33.488400 -2.690001 11.941800
v 33.523701 -2.704602 11.958300
v 33.488499 -2.690001 11.941800
v 33.488499 -2.690001 11.941800
v 33.410900 -2.657801 11.905300
v 33.523701 -2.704501 11.958300
v 47.928299 -23.298101 35.369598
v 33.767700 -2.805601 11.996300
v 33.767700 -2.805601 11.996200
v 44.060799 -5.092802 15.178400
v 44.060799 -5.092702 15.177800
v 50.060101 -34.082405 -6.410300
v 32.795700 -0.981001 -27.710600
v 32.796101 -0.981101 -27.711201
v 50.060200 -34.082405 -6.410200
v 33.719601 0.875198 -25.986200
v 44.681301 -0.911902 6.319600
v 46.585602 -16.540302 28.416800
v 45.831100 -24.223701 39.308701
v 40.553902 -2.337402 15.178400
v 45.831100 -24.223701 42.988899
v 40.553699 -2.519902 15.177800
v 40.553600 -2.519802 15.178400
v 40.553902 -2.341702 15.177800
v 47.474701 -24.529501 39.994999
v 47.474701 -24.529501 42.313801
v 44.037498 0.219198 -15.578800
v 47.474701 -16.399202 28.237301
v 49.118198 -16.858603 28.926300
v 49.118198 -24.223701 42.988899
v 49.524601 -24.046902 38.757999
v 48.114101 -34.605503 -6.387300
v 48.097099 -34.579803 -6.384700
v 48.114101 -34.605503 -6.387300
v 40.361698 -2.458902 17.167500
v 49.299301 -34.752304 -6.438900
v 49.032398 -34.835205 -6.436600
v 49.032398 -34.835205 -6.436600
v 39.262199 1.430498 -21.997000
v 48.769100 -34.869904 -6.430600
v 48.769199 -34.869904 -6.430600
v 49.524601 -17.066301 31.669100
v 45.831100 -22.910501 39.285801
v 41.810902 -4.117302 20.257401
v 48.527100 -34.854805 -6.421300
v 48.527100 -34.854805 -6.421300
v 48.321602 -34.791306 -6.409300
v 48.321602 -34.791306 -6.409200
v 48.166100 -34.683704 -6.395400
v 48.166100 -34.683704 -6.395300
v 47.474701 -23.370003 39.974800
v 49.524601 -22.702902 38.734501
v 24.025997 -27.499802 -18.830900
v 49.754299 -15.842302 37.065701
v 39.476200 -1.058902 -22.805500
v 11.650099 -19.884899 -22.691999
v 21.595198 -30.441700 -19.545601
v 45.831100 -22.910501 42.965900
v 48.364399 -15.326502 35.362801
v 47.474701 -15.239702 35.184299
v 39.903500 -0.811602 -23.655899
v 45.425400 -15.722002 36.421200
v 48.145901 -36.011505 -6.502000
v 38.119499 -4.608101 12.326200
v 47.474701 -23.370003 42.293598
v 48.142899 -36.008503 -6.501800
v 11.650099 -20.771500 -22.691999
v 11.650099 -20.746000 -22.691999
v 48.350899 -35.715904 -6.484900
v 48.262501 -35.950203 -4.503200
v 49.118198 -22.910603 42.965900
v 34.839100 0.721498 -25.480101
v 36.932701 -1.015902 -22.208799
v 49.129200 -36.868904 -0.136100
v 36.932701 -1.015902 -22.208799
v 36.956001 -1.031402 -22.329901
v 36.956001 -1.031402 -22.329901
v 36.930199 -0.963602 -22.437500
v 36.965900 -1.038002 -22.381300
v 36.807899 -1.006802 -22.400000
v 47.474701 -16.399202 35.204498
v 38.566601 -0.360602 -23.861200
v 11.529899 -21.254101 -16.242701
v 38.566399 -0.362202 -23.856800
v 38.562302 -0.360902 -23.857300
v 38.562302 -0.360902 -23.857300
v 38.546700 -0.356302 -23.861000
v 48.364399 -16.540302 35.383999
v 37.587799 -1.552102 15.178400
v 17.515400 -20.223200 -32.937599
v 17.501600 -20.237000 -32.714901
v 17.501600 -20.237000 -32.714802
v 17.632299 -19.884899 -32.938801
v 37.585400 -1.553902 15.177800
v 37.056499 -1.748402 15.177800
v 37.056400 -1.748402 15.178400
v 17.794399 -19.944099 -37.448101
v 17.194500 -20.886999 -32.188999
v 17.233999 -21.272200 -32.912800
v 33.965099 -2.887401 12.177100
v 45.195099 -23.926903 44.174000
v 17.611601 -20.323700 -32.903301
v 17.611601 -20.323601 -32.903301
v 17.632299 -20.340000 -32.938801
v 17.611700 -20.323700 -32.903301
v 17.611601 -20.323700 -32.903301
v 45.831100 -24.223701 46.276199
v 47.246899 -24.518202 46.950699
v 47.474701 -24.529501 46.961899
v 37.407700 -0.264102 -23.474501
v 45.425400 -17.065702 36.444599
v 34.697399 -1.129802 15.178400
v 36.885502 -0.676102 -22.717501
v 36.907600 -0.916502 -22.473200
v 34.700699 -1.132202 15.177800
v 46.556000 -35.272205 -6.389000
v 46.556499 -35.195206 -6.382800
v 46.556499 -35.195206 -6.382800
v 49.118198 -24.223701 46.276199
v 38.948399 0.671498 -21.852699
v 23.104998 -30.441702 -13.565100
v 23.104998 -30.441702 -13.565700
v 49.754299 -23.926903 44.174000
v 27.734200 -21.254103 -14.027800
v 46.496799 -35.457603 -6.402000
v 49.118198 -15.545602 39.157299
v 49.118198 -15.545602 42.837399
v 46.184700 -35.824802 -6.421200
v 46.184700 -35.824802 -6.421500
v 47.474701 -15.239702 39.832802
v 47.474701 -15.239702 42.151501
v 36.680801 -1.651502 17.427299
v 34.058201 -0.650602 -23.240801
v 20.913399 -30.441700 -13.700600
v 46.251202 -36.105503 0.021900
v 20.915897 -30.441700 -13.701200
v 17.691298 -21.981501 -2.207500
v 48.070202 -34.539303 -6.380600
v 48.070202 -34.539303 -6.380500
v 11.529899 -18.857401 -16.242701
v 17.834997 -21.966299 9.610300
v 16.342100 -21.610001 10.206400
v 45.831100 -15.545602 39.157299
v 45.831100 -15.545602 42.837399
v 35.495098 -1.594602 17.691401
v 17.407000 -19.516100 -32.552700
v 17.407000 -19.516100 -32.552700
v 47.474701 -23.370003 46.941601
v 17.632299 -19.548300 -32.938801
v 25.829201 -11.190101 -31.635099
v 46.537201 -35.146305 -6.378200
v 46.556702 -35.166203 -6.380500
v 46.556702 -35.166203 -6.380500
v 46.537201 -35.146305 -6.378200
v 47.109001 -34.937405 -0.656100
v 34.431900 -3.080801 19.319599
v 47.246899 -23.333902 46.930000
v 23.593201 -12.948701 -27.776600
v 23.811899 -13.207401 -27.992399
v 27.734200 -16.099602 -29.969999
v 45.831100 -16.858702 39.180199
v 27.734200 -11.667301 -25.172701
v 25.351999 -11.667301 -25.872801
v 27.573097 -30.441702 -4.938800
v 25.924498 -30.441702 -5.811900
v 25.929598 -30.441702 -5.421900
v 23.104998 -30.441702 -6.252100
v 25.393497 -28.262102 -5.579400
v 26.644697 -29.513302 -5.211700
v 27.734198 -28.069702 -6.604300
v 49.118198 -16.858603 39.180199
v 17.299200 -19.362200 -32.368198
v 17.885199 -21.950800 -2.292300
v 17.299200 -19.362200 -32.368099
v 17.918198 -22.278900 -2.306800
v 18.743299 -21.611900 -2.668000
v 46.520302 -35.129105 -6.376300
v 46.520302 -35.129105 -6.376200
v 47.474701 -16.399202 39.853100
v 47.057201 -34.875706 -0.585100
v 32.612701 -1.037401 -10.827000
v 17.194500 -19.000700 -32.188900
v 33.714199 -1.059001 -6.237900
v 33.714100 -1.059101 -6.237900
v 33.572701 -1.000401 -6.237900
v 33.744900 -1.046701 -6.239900
v 48.043598 -34.387302 -6.367400
v 48.043598 -34.387302 -6.367300
v 45.831100 -16.858702 42.860298
v 17.194500 -19.000700 -32.188900
v 17.194799 -19.001400 -32.189201
v 16.595200 -14.602001 -31.162300
v 16.595400 -14.602301 -31.162701
v 17.188601 -18.570000 -32.178699
v 33.410900 -2.657801 12.309000
v 17.193100 -18.883600 -32.186401
v 16.915100 -15.449401 -31.710300
v 33.801998 -2.819901 12.001600
v 17.188601 -18.570000 -32.178600
v 33.801998 -2.819801 12.001600
v 33.801998 -2.819801 12.001600
v 45.195099 -23.926903 51.140900
v 17.282101 -18.073601 -32.338902
v 40.120899 0.818998 -0.136100
v 17.632299 -16.099600 -32.938801
v 31.881901 -1.682501 15.177800
v 31.704599 -1.951101 15.176500
v 31.704599 -1.951001 15.176500
v 31.704599 -1.951001 15.176500
v 31.704599 -1.951101 15.177800
v 31.704800 -1.951101 15.177800
v 31.704800 -1.951001 15.177800
v 31.704599 -1.951001 15.176500
v 31.704901 -1.951101 15.178400
v 45.831100 -24.223701 53.243099
v 45.831100 -24.223701 49.956299
v 47.246899 -24.518202 53.918098
v 47.474701 -24.529501 53.929298
v 47.474701 -24.529501 49.280800
v 40.682701 -38.282001 -6.435700
v 40.649300 -38.307701 -6.436600
v 40.649300 -38.307701 -6.436600
v 40.682701 -38.282001 -6.435600
v 40.499199 -38.386600 -6.437900
v 40.360199 -38.451698 -6.438500
v 39.863899 -38.569801 -6.431500
v 47.474701 -16.399202 42.171700
v 39.863800 -38.569801 -6.431500
v 32.765202 -2.390301 15.177800
v 32.763401 -2.389601 15.178400
v 17.442400 -17.609100 -32.613701
v 17.474300 -17.516600 -32.668098
v 49.118198 -16.858603 42.860298
v 17.632299 -17.180599 -32.938801
v 39.803200 0.051598 -0.063000
v 49.118198 -24.223701 49.956299
v 16.184500 -13.840601 -30.458799
v 49.524601 -24.046902 52.692402
v 49.754299 -23.926903 51.140900
v 20.582399 -11.667301 -27.274599
v 40.209900 -0.483402 -6.501900
v 39.258598 -38.419201 -6.399100
v 39.220901 -38.395401 -6.395900
v 39.384899 -38.498798 -6.409700
v 37.772400 -38.562302 -1.102600
v 40.209900 -0.487502 -6.501800
v 40.209900 -0.664902 -6.487200
v 40.209900 -0.664902 -6.487400
v 47.474701 -23.370003 53.909000
v 47.246899 -23.333902 53.897400
v 49.524601 -22.702902 52.668900
v 49.754299 -15.842302 44.939701
v 16.310101 -16.801701 -20.609501
v 40.084400 -0.443802 -4.504800
v 21.988998 -25.122902 -19.381599
v 36.971001 1.685398 0.020500
v 48.364399 -15.326502 46.624500
v 47.474701 -15.239702 46.799702
v 45.831100 -22.910501 49.933300
v 45.542599 -15.666702 45.774502
v 47.474701 -23.370003 49.260601
v 45.195099 -15.842302 44.939701
v 16.417200 -15.730201 -20.755899
v 40.860100 -38.146000 -6.430600
v 40.860100 -38.146000 -6.430600
v 40.928398 -38.068600 -6.426600
v 35.717701 -38.586300 -6.294000
v 35.801899 -38.543900 -6.293400
v 49.118198 -22.910603 49.933300
v 48.364399 -16.540302 46.645699
v 16.380899 -15.730201 -20.766899
v 35.688702 -38.557301 -1.397800
v 47.474701 -16.399202 46.820000
v 16.414801 -15.722901 -20.788700
v 16.404699 -15.775901 -20.771200
v 45.195099 -23.926903 58.108299
v 45.542599 -17.005701 45.797901
v 16.450899 -15.607800 -20.850599
v 16.414801 -15.722901 -20.788700
v 45.425400 -24.047201 59.659401
v 45.831100 -24.223701 56.923302
v 47.474701 -24.529501 56.248199
v 49.754299 -15.842302 51.906898
v 49.118198 -24.223701 56.923302
v 49.524601 -24.046902 59.659401
v 49.754299 -23.926903 58.108299
v 49.118198 -15.545602 53.091702
v 49.118198 -15.545602 49.804600
v 47.474701 -15.239702 53.766899
v 47.474701 -15.239702 49.118698
v 47.246899 -15.251002 53.756100
v 47.246899 -15.251002 49.129902
v 45.831100 -15.545602 53.091702
v 45.831100 -15.545602 49.804600
v 45.831100 -22.910501 56.900299
v 45.195099 -15.842302 51.906898
v 47.474701 -16.399202 53.787201
v 47.246899 -16.435402 53.776798
v 49.524601 -22.702902 59.635899
v 47.474701 -23.370003 56.228001
v 47.246899 -16.435402 49.150501
v 47.474701 -16.399202 49.138901
v 49.118198 -16.858603 49.827599
v 49.118198 -22.910603 56.900299
v 46.800400 -24.474401 60.795502
v 47.474701 -24.529501 60.896301
v 47.246899 -24.518202 63.226002
v 47.474701 -24.529501 63.215099
v 49.118198 -24.223701 63.890701
v 46.800400 -23.263002 60.774399
v 47.474701 -23.370003 60.875999
v 47.246899 -23.333902 63.205299
v 47.474701 -23.370003 63.194801
v 49.118198 -22.910603 63.867699
vn 1.0000 -0.0000 -0.0000
vn -0.0000 -0.0000 -1.0000
vn -0.1497 0.0173 0.9886
vn -0.2005 0.0171 0.9796
vn -0.0000 -0.0004 1.0000
vn 0.2170 0.9762 -0.0000
vn -0.2827 -0.0000 0.9592
vn -0.0439 -0.0776 -0.9960
vn 0.2999 -0.0167 -0.9538
vn 0.0102 -0.0168 0.9998
vn 0.7623 0.6472 -0.0000
vn -0.0000 -0.0175 -0.9998
vn -0.2999 -0.0166 -0.9538
vn -0.3827 0.9239 -0.0000
vn 0.0006 0.0005 1.0000
vn -0.4730 -0.8295 0.2971
vn 0.1641 0.0615 -0.9845
vn -0.5322 -0.7953 0.2903
vn -0.0875 0.9962 0.0057
vn 0.8635 -0.0000 0.5043
vn 0.8636 0.0013 0.5041
vn 0.2039 -0.9790 -0.0000
vn -0.0000 -0.0000 1.0000
vn 0.8636 -0.0000 0.5042
vn 0.9390 -0.1371 -0.3155
vn 0.2989 -0.0105 -0.9542
vn -1.0000 0.0016 0.0040
vn -0.8338 0.5505 0.0423
vn -0.5656 0.8241 -0.0307
vn 0.7071 -0.7071 -0.0000
vn 0.9050 -0.4255 -0.0027
vn 0.1543 0.0007 0.9880
vn -0.3886 -0.0161 -0.9213
vn -0.4316 0.0157 0.9019
vn 0.3390 0.0164 0.9406
vn -0.9929 0.1162 -0.0248
vn -1.0000 -0.0000 -0.0000
vn -0.9753 -0.1815 0.1262
vn -0.6421 0.3026 0.7044
vn 0.2902 -0.0894 -0.9528
vn -0.0334 0.0805 -0.9962
vn 0.2588 -0.0000 -0.9659
vn -0.0000 1.0000 -0.0000
vn 0.1121 -0.2101 0.9712
vn 0.1618 -0.0008 0.9868
vn -0.2588 -0.0000 0.9659
vn 0.3442 -0.2456 0.9062
vn -0.7272 -0.6748 -0.1257
vn -0.5664 -0.8221 -0.0585
vn -0.2264 -0.0022 -0.9740
vn -0.5442 -0.3256 -0.7732
vn -0.1497 -0.0172 -0.9886
vn 0.9998 0.0005 0.0180
vn 0.6628 -0.0019 0.7488
vn -0.0000 -1.0000 -0.0000
vn 0.0335 0.0806 0.9962
vn 0.2189 0.9540 -0.2049
vn 0.4424 -0.8959 -0.0401
vn 0.9744 -0.0000 -0.2249
vn 0.5339 -0.8423 -0.0738
vn -0.8636 -0.0000 -0.5041
vn -0.8636 -0.0000 -0.5042
vn -0.0000 0.0174 0.9998
vn -0.6400 -0.7569 0.1321
vn -0.0000 1.0000 -0.0013
vn 0.6798 0.7223 -0.1275
vn -0.9659 -0.0000 -0.2589
vn -0.1496 -0.0172 -0.9886
vn -0.1225 0.3250 -0.9378
vn -0.2954 0.9546 0.0379
vn 0.3327 -0.0047 -0.9430
vn 0.7934 -0.6087 -0.0000
vn -0.8739 0.4858 0.0206
vn -0.8636 0.0001 -0.5042
vn 0.0665 -0.1605 0.9848
vn -0.3812 -0.9204 0.0872
vn -0.5284 -0.8489 0.0107
vn -0.0334 -0.0805 -0.9962
vn -0.6392 0.7690 -0.0092
vn -0.2589 -0.9659 -0.0000
vn -0.9700 0.2128 0.1179
vn -0.0000 0.0175 0.9998
vn 0.7065 0.7077 -0.0000
vn -0.9666 -0.2479 -0.0653
vn -0.3812 0.9204 0.0873
vn 0.6111 -0.7915 -0.0000
vn 0.7279 -0.6851 0.0282
vn 0.3230 0.9464 -0.0000
vn 0.2973 -0.0167 -0.9546
vn -0.6336 -0.7710 0.0642
vn 0.0387 0.0955 0.9947
vn 0.5616 -0.8274 -0.0008
vn 0.2589 -0.0000 -0.9659
vn -0.0666 -0.1607 -0.9848
vn 0.3551 0.9254 0.1326
vn 0.0634 -0.0047 -0.9980
vn 0.3353 -0.9418 -0.0221
vn 0.8177 0.5233 0.2399
vn -0.3827 -0.9239 -0.0000
vn 0.3157 -0.1559 -0.9359
vn -0.6725 -0.7401 -0.0043
vn 0.0067 -0.0000 -1.0000
vn 0.6313 -0.7431 0.2222
vn -0.7671 -0.5008 0.4010
vn 0.3442 -0.2457 0.9062
vn 0.1536 -0.0173 -0.9880
vn -0.0000 -0.1394 -0.9902
vn -0.2519 -0.9241 0.2873
vn -0.7597 -0.6503 0.0003
vn 0.3621 0.9321 -0.0029
vn -0.7077 0.6561 -0.2621
vn -0.5985 0.8000 -0.0418
vn 0.3377 -0.9409 -0.0264
vn -0.0102 -0.0338 -0.9994
vn 0.3359 0.9418 -0.0112
vn 0.3380 0.9408 -0.0264
vn 0.3206 -0.0613 -0.9452
vn 0.1001 0.0704 -0.9925
vn -0.2566 0.9665 0.0008
vn 0.3230 -0.9464 -0.0000
vn 0.4472 -0.0000 0.8944
vn -0.3382 -0.3742 -0.8635
vn -0.3767 0.9099 0.1737
vn -0.0113 -0.9997 -0.0224
vn -0.0756 -0.0000 -0.9971
vn 0.5616 -0.8274 -0.0015
vn -0.0120 0.9999 -0.0101
vn 0.0665 0.1605 0.9848
vn 0.3356 0.9418 -0.0221
vn 0.3211 -0.0283 0.9466
vn -0.3810 -0.9204 0.0873
vn -0.3390 0.0164 0.9406
vn -0.6357 -0.7708 0.0421
vn 0.5000 0.8660 -0.0000
vn 0.9659 -0.0000 0.2589
vn -0.3768 -0.9099 0.1737
vn -0.9914 0.1305 -0.0000
vn 0.3261 0.9453 0.0055
vn -0.3837 -0.9234 0.0072
vn 0.7044 0.7044 0.0872
vn 0.8786 0.4287 0.2106
vn 0.7721 -0.5925 0.2295
vn -0.3813 -0.9204 0.0872
vn -0.3812 0.9204 0.0871
vn -0.6087 -0.7934 -0.0000
vn 0.8635 -0.0005 0.5044
vn 0.3255 -0.9301 -0.1703
vn -0.0880 -0.9452 0.3143
vn -0.8656 -0.4998 0.0301
vn 0.9659 -0.0000 0.2588
vn 0.8636 -0.0000 0.5043
vn 0.3769 -0.9098 -0.1736
vn -0.6452 -0.7640 -0.0000
vn 0.7061 -0.7041 0.0752
vn -0.8916 0.4529 0.0030
vn 0.0797 -0.0001 0.9968
vn 0.7056 0.7047 0.0737
vn -0.9140 0.0061 -0.4057
vn -0.2808 -0.2435 0.9284
vn 0.6394 0.7234 0.2606
vn 0.7073 -0.7065 0.0233
vn 0.1681 -0.0338 -0.9852
vn -0.1536 0.0172 0.9880
vn -0.0507 -0.1143 -0.9922
vn 0.3206 -0.0612 -0.9452
vn -0.0286 0.0784 -0.9965
vn 0.7021 0.7098 -0.0575
vn 0.3711 0.1333 -0.9190
vn -0.4112 -0.1232 -0.9032
vn -0.2322 0.5144 -0.8255
vn -0.0752 0.1676 -0.9830
vn 0.8140 0.5808 -0.0000
vn -0.9073 0.4147 0.0699
vn 0.9887 0.0040 0.1498
vn -0.9743 -0.1876 0.1250
vn 0.3825 0.9240 -0.0000
vn -0.0000 -0.0624 -0.9980
vn 0.0752 -0.0006 0.9972
vn -0.2592 0.0158 -0.9657
vn -0.7013 0.2197 0.6782
vn -0.0534 0.9865 -0.1549
vn 0.0299 -0.0816 0.9962
vn -0.3812 0.9204 0.0872
vn -0.9655 -0.0818 -0.2470
vn -0.9737 0.2002 -0.1086
vn -0.0034 -1.0000 0.0049
vn -0.0552 -0.9816 -0.1827
vn 0.3442 0.0164 0.9388
vn -0.6455 -0.7520 -0.1336
vn -0.0642 -0.1503 -0.9866
vn -0.3815 0.9149 0.1323
vn -0.7934 0.6087 -0.0000
vn 0.7020 -0.7097 -0.0585
vn 0.5525 0.8042 0.2192
vn 0.8115 0.5843 -0.0002
vn -0.8632 0.4943 -0.1029
vn -0.8629 -0.4771 -0.1666
vn -0.0143 -0.0000 0.9999
vn 0.7061 0.7061 0.0544
vn -0.2751 -0.9466 0.1682
vn 0.7040 -0.7076 -0.0610
vn -0.3045 -0.9512 0.0499
vn 0.9722 -0.1439 0.1847
vn 0.1307 -0.9912 -0.0232
vn 0.2240 -0.9685 -0.1090
vn 0.8601 -0.5088 -0.0372
vn 0.5998 -0.7965 -0.0761
vn -0.7845 -0.5883 -0.1961
vn -0.0907 0.9679 0.2344
vn 0.9459 -0.3243 -0.0000
vn 0.0477 0.0518 0.9975
vn -0.8964 0.4343 0.0885
vn -0.5754 0.8017 0.1619
vn 0.5337 -0.8424 -0.0738
vn -0.6218 -0.7700 -0.1429
vn -0.3769 0.9098 0.1737
vn 0.1796 -0.4529 0.8733
vn -0.9723 0.0282 -0.2320
vn 0.0603 0.9982 0.0009
vn -0.8228 -0.4709 -0.3182
vn -0.3802 -0.9170 0.1207
vn 0.5588 0.8290 -0.0225
vn -0.2501 0.9332 -0.2579
vn -0.6318 0.7670 0.1124
vn 0.3207 -0.7120 0.6247
vn 0.0671 0.1620 0.9845
vn 0.3929 0.0068 0.9196
vn -0.9993 -0.0379 -0.0000
vn -0.9943 0.0792 -0.0708
vn -0.8325 -0.5519 -0.0490
vn 0.7193 -0.6947 -0.0000
vn 0.2187 0.9540 -0.2049
vn -0.3865 0.9018 0.1932
vn 0.1496 0.0602 0.9869
vn -0.8641 -0.4927 -0.1032
vn 0.1827 0.3807 0.9065
vn -0.9923 -0.1214 -0.0255
vn -0.8658 0.4999 0.0217
vn 0.2047 0.9787 0.0149
vn 0.8305 -0.2155 -0.5137
vn -0.5567 -0.0000 0.8307
vn 0.2189 -0.9540 -0.2049
vn -0.3391 0.0165 0.9406
vn 0.8161 -0.5779 -0.0000
vn 0.7933 -0.6088 -0.0104
vn 0.7033 -0.6563 0.2733
vn 0.6879 0.7258 -0.0029
vn 0.5339 0.8423 -0.0738
vn 0.6314 0.7428 0.2226
vn 0.2187 -0.9540 -0.2049
vn 0.2392 -0.3479 0.9065
vn -0.0176 -0.0952 -0.9953
vn -0.0000 -0.2983 -0.9545
vn -0.0000 -0.4244 0.9055
vn 0.8431 -0.5294 -0.0945
vn 0.7533 0.4794 0.4503
vn -0.0665 -0.1605 -0.9848
vn 0.7617 -0.6479 -0.0000
vn -0.3769 0.9099 0.1736
vn 0.7164 0.6977 -0.0000
vn 0.2858 0.1102 0.9519
vn -0.0198 0.0311 0.9993
vn 0.0332 0.0825 0.9960
vn 0.3678 0.5824 0.7250
vn 0.0333 -0.0796 0.9963
vn 0.0616 0.0616 -0.9962
vn 0.3006 -0.9538 -0.0000
vn 0.0016 0.0009 1.0000
vn -0.6826 -0.6957 -0.2236
vn -0.1077 0.0972 -0.9894
vn -0.0788 -0.9951 0.0591
vn 0.3827 -0.9239 -0.0000
vn 0.0933 0.1380 -0.9860
vn -0.3813 0.9203 0.0872
vn 0.6088 0.7933 -0.0000
vn -0.3769 0.9098 0.1736
vn -0.0127 -0.0000 -0.9999
vn -0.4739 -0.0154 -0.8804
vn -0.3769 -0.9098 0.1736
vn 0.0132 -0.0000 0.9999
vn -0.0682 0.1658 -0.9838
vn 0.2308 -0.0000 0.9730
vn -0.4488 -0.8935 0.0143
vn -0.0000 -0.9993 0.0366
vn -0.0664 -0.1602 -0.9849
vn -0.0615 0.0615 0.9962
vn -0.2489 -0.0000 0.9685
vn 0.9917 -0.0191 0.1271
vn 0.0616 -0.0616 -0.9962
vn -0.5567 -0.0000 -0.8307
vn 0.0345 -0.0817 0.9961
vn -0.2588 -0.9659 -0.0000
vn 0.0019 0.0038 1.0000
vn -0.0167 -0.0001 0.9999
vn 0.2112 -0.9773 0.0137
vn 0.1536 0.0173 0.9880
vn -0.0665 -0.1606 -0.9848
vn -0.3812 -0.9204 0.0871
vn -0.3598 0.9180 -0.1669
vn 0.5093 -0.7280 0.4590
vn 0.0334 0.0807 0.9962
vn -0.4007 0.0002 -0.9162
vn -0.3770 -0.9098 0.1736
vn -0.2470 -0.9221 0.2979
vn 0.0009 -0.0006 1.0000
vn 0.0334 -0.0805 0.9962
vn 0.4648 0.8854 0.0004
vn -0.0616 -0.0616 0.9962
vn -0.3013 0.8762 0.3761
vn 0.2820 -0.0000 -0.9594
vn 0.1531 -0.0098 -0.9882
vn -0.1675 -0.0000 0.9859
vn 0.5617 -0.8273 -0.0000
vn 0.7070 0.7072 -0.0000
vn -0.3769 -0.9098 0.1737
vn 0.5337 0.8424 -0.0738
vn 0.7071 0.7071 -0.0000
vn -0.3813 0.9203 0.0871
vn 0.4011 -0.0002 0.9161
vn -0.0333 -0.0805 -0.9962
vn 0.2718 0.9464 -0.1747
vn 0.7993 -0.5515 0.2388
vn 0.0664 0.1603 0.9848
vn -0.0657 -0.1593 -0.9850
vn -0.0343 0.0149 -0.9993
vn 0.0334 0.0805 0.9962
vn -0.8250 0.5510 0.1252
vn 0.5389 0.8424 -0.0000
vn 0.1988 -0.9650 -0.1712
vn -0.6612 -0.7461 0.0784
vn -0.0308 -0.0003 0.9995
vn 0.3513 0.8461 -0.4009
vn 0.5251 -0.8510 0.0036
vn 0.0713 -0.0000 0.9975
vn 0.4395 0.8940 -0.0868
vn -0.0665 0.1605 -0.9848
vn 0.0683 0.8501 -0.5222
vn -0.8013 -0.2101 -0.5601
vn 0.0365 -0.0000 0.9993
vn 0.0163 -0.0000 -0.9999
vn -0.0616 0.0616 0.9962
vn 0.3892 -0.8559 -0.3405
vn 0.0360 0.0843 0.9958
vn -0.1538 0.0295 -0.9877
vn -0.2634 0.9187 0.2942
vn 0.4771 -0.0002 -0.8789
vn 0.0664 -0.1603 0.9848
vn 0.0334 -0.0807 0.9962
vn -0.6487 -0.3158 0.6924
vn 0.0227 -0.0000 -0.9997
vn -0.2820 -0.0000 0.9594
vn -0.0025 -0.0000 1.0000
vn 0.2722 -0.9462 -0.1747
vn 0.8660 -0.5000 -0.0000
vn -0.9166 -0.3797 -0.1248
vn -0.8636 -0.0001 -0.5042
vn 0.8658 0.4999 -0.0217
vn 0.3431 0.9392 -0.0147
vn -0.9999 0.0099 0.0029
vn 0.3483 -0.8389 -0.4182
vn 0.2955 0.9514 -0.0868
vn 0.0676 -0.0000 -0.9977
vn 0.0691 -0.8498 -0.5225
vn -0.7550 0.2923 -0.5869
vn -0.0333 0.0804 -0.9962
vn -0.3780 0.9146 0.1438
vn 0.0014 -0.0376 -0.9993
vn 0.2852 -0.9552 -0.0797
vn -0.0333 0.0805 -0.9962
vn -0.9125 -0.3874 0.1311
vn -0.3885 -0.0161 -0.9213
vn 0.8142 -0.5806 -0.0003
vn -0.3060 0.9434 0.1275
vn 0.1729 -0.9849 -0.0000
vn 0.0334 -0.0806 0.9962
vn 0.0335 0.0808 0.9962
vn -0.3827 0.9239 -0.0008
vn -0.0000 0.2725 0.9622
vn -0.3001 0.0080 0.9539
vn 0.0307 -0.0357 0.9989
vn 0.6600 0.7513 0.0011
vn -0.6992 -0.7150 -0.0000
vn 0.5816 -0.7597 -0.2908
vn 0.4174 0.9087 -0.0000
vn 0.6628 0.7488 -0.0000
vn -0.0714 -0.1484 0.9863
vn 0.7038 -0.7050 0.0873
vn -0.3827 -0.9239 -0.0001
vn 0.7069 -0.7073 -0.0000
vn -0.9692 -0.0847 0.2313
vn -0.7537 0.5644 0.3366
vn 0.4153 0.8930 -0.1735
vn -0.0340 0.0806 -0.9962
vn 0.0196 -0.0000 -0.9998
vn -0.0174 -0.0000 -0.9998
vn 0.0346 0.0866 0.9956
vn 0.8957 0.4445 -0.0069
vn -0.2631 -0.0000 -0.9648
vn -0.2085 -0.5734 0.7923
vn 0.2722 0.9622 -0.0000
vn -0.7773 -0.0000 0.6291
vn -0.3813 -0.9203 0.0871
vn 0.9905 -0.1174 0.0717
vn 0.2923 0.9563 -0.0000
vn 0.4305 0.9026 -0.0000
vn 0.3463 0.9381 -0.0000
vn -0.0000 -0.0074 1.0000
vn 0.9836 -0.0119 -0.1801
vn -0.8639 -0.0000 0.5036
vn -0.0000 -0.3238 0.9461
vn -0.7931 -0.6089 0.0112
vn -0.3768 -0.9019 0.2114
vn 0.0612 0.0614 -0.9962
vn 0.1982 0.9652 -0.1706
vn -0.0334 -0.0804 -0.9962
vn 0.3846 0.9231 -0.0000
vn -0.0000 -0.3120 0.9501
vn 0.3827 0.9239 -0.0000
vn 0.3737 0.1008 0.9220
vn 0.7933 0.6087 -0.0104
vn 0.5403 -0.8415 -0.0000
vn 0.2027 0.9755 -0.0859
vn 0.1988 -0.9800 -0.0000
vn 0.9333 0.3590 -0.0001
vn 0.5585 0.8273 0.0611
vn 0.0597 -0.0594 -0.9964
vn 0.0454 -0.1152 0.9923
vn -0.8034 0.2057 -0.5588
vn 0.8625 0.5060 -0.0000
vn 0.4392 -0.8984 -0.0000
vn -0.8640 -0.4927 -0.1032
vn -0.8335 -0.5506 0.0456
vn 0.9905 -0.1374 -0.0008
vn -0.9070 0.3531 -0.2296
vn 0.5614 -0.8263 0.0462
s 0
usemtl color_2829873.001
f 48//1 49//1 2813//1
f 8//1 49//1 48//1
f 932//2 1163//2 933//2 934//2
f 246//1 228//1 245//1
f 245//1 244//1 246//1
f 2204//7 1317//7 1316//7 2203//7
f 318//1 298//1 321//1
f 320//1 318//1 321//1
f 5//10 2175//10 2176//10 2105//10 1956//10 2065//10 2083//10 1//10 7//10 4//10 2//10 3//10
f 2105//16 2176//16 2163//16 2166//16 2100//16 2101//16 2102//16 2106//16
f 607//17 608//17 609//17
f 606//1 607//1 609//1
f 610//1 609//1 611//1
f 608//18 611//18 609//18
f 611//1 612//1 610//1
f 614//1 690//1 613//1
f 690//1 614//1 615//1
f 635//1 542//1 637//1
f 659//1 681//1 660//1
f 660//1 664//1 659//1
f 674//20 404//20 656//20 2555//20 664//20 660//20 682//20 680//20
f 682//1 681//1 680//1
f 682//1 660//1 681//1
f 655//21 654//21 652//21
f 393//23 731//23 688//23
f 2482//24 2481//24 2555//24 2795//24
f 845//1 837//1 814//1
f 837//1 845//1 831//1
f 936//1 932//1 934//1
f 960//29 961//29 959//29
f 957//1 2720//1 956//1
f 2092//39 1667//39 2093//39 1804//39 1789//39 1815//39 1788//39 1783//39 1746//39 1781//39 1786//39 2339//39 2388//39
f 1286//1 1288//1 1284//1
f 1288//1 1289//1 1284//1
f 1285//1 1284//1 1292//1
f 1292//1 1284//1 1293//1
f 1298//44 1287//44 1294//44
f 1303//1 1302//1 1301//1
f 1301//1 665//1 1303//1
f 1301//45 1302//45 1304//45
f 1319//24 1311//24 1306//24 1302//24 1303//24 665//24 2555//24 1312//24 1310//24 1318//24
f 1547//2 1581//2 1582//2 1580//2
f 2076//1 1648//1 1647//1
f 1648//1 1687//1 1647//1
f 1781//1 1746//1 1783//1
f 1783//1 1770//1 1781//1
f 1789//1 1803//1 1788//1
f 1764//1 1798//1 1800//1
f 1789//1 1788//1 1815//1
f 1863//1 1694//1 1861//1
f 1705//1 1863//1 1861//1
f 1923//1 1927//1 1922//1
f 2008//2 2007//2 1979//2 1983//2
f 1981//1 1985//1 1982//1
f 2013//1 2015//1 2004//1
f 1647//53 2075//53 2076//53
f 2012//1 2062//1 2006//1
f 2063//54 2064//54 2065//54 1956//54 1955//54 2110//54 2109//54 1954//54 1927//54 1923//54 1968//54 1985//54 1994//54 2006//54 2062//54 2061//54
f 2063//1 2066//1 2064//1
f 2067//1 2064//1 2066//1
f 2082//1 1//1 2083//1
f 2068//1 2070//1 2071//1 2069//1
f 2103//1 2106//1 2102//1
f 2104//1 2106//1 2103//1
f 2104//55 2107//55 2106//55
f 2108//1 2106//1 2107//1
f 2110//1 2108//1 2107//1
f 2110//1 2107//1 2109//1
f 2181//1 2180//1 2182//1
f 2186//1 2181//1 2182//1
f 2186//1 2182//1 2187//1
f 2187//1 2189//1 2188//1
f 2187//1 2188//1 2186//1
f 1248//59 769//59 410//59 666//59 1139//59
f 1667//24 1687//24 1648//24 2076//24 2445//24 2452//24 2451//24 2446//24 2447//24 2555//24 1664//24 2093//24
f 2258//43 519//43 225//43 2245//43
f 1667//61 2092//61 1664//61 2555//61 2447//61 2446//61 2443//61 2451//61 2452//61 2444//61 2075//61 1647//61 1687//61
f 2790//62 2761//62 2757//62 2752//62 2754//62 2748//62 2749//62 2732//62 2705//62 2365//62 2366//62 2383//62 2382//62 2707//62 2651//62 2555//62 2755//62 2751//62 2763//62 2792//62
f 2451//65 2443//65 2446//65
f 2444//55 2452//55 2445//55
f 768//2 767//2 766//2
f 2751//66 2750//66 2763//66
f 2795//69 2555//69 2481//69 1190//69 2480//69 2798//69 2792//69 2763//69 2750//69 2751//69 2755//69 2789//69 2362//69 2372//69 2651//69 2660//69 2648//69 2657//69 1577//69 1570//69 761//69 764//69 769//69 1248//69 1249//69 1247//69 1200//69 2482//69
f 1698//23 1222//23 1689//23
f 2626//24 2555//24 2614//24
f 2555//24 2437//24 2614//24
f 2707//71 2716//71 2717//71 2721//71 2720//71 2718//71 1506//71 1508//71 1505//71 1504//71 2662//71 2651//71
f 2555//24 2651//24 2372//24 2363//24 2364//24 2704//24 2730//24 2740//24 2754//24 2752//24 2789//24 2755//24
f 2438//74 2440//74 2555//74
f 2837//1 2832//1 2821//1
f 2832//1 2837//1 2829//1
f 1284//92 1289//92 1290//92 1287//92 1298//92
f 2444//102 2445//102 2076//102 2075//102
f 2069//43 2067//43 2066//43 2068//43
f 2339//55 2244//55 226//55 221//55 248//55 59//55 2811//55 2388//55
f 2006//118 1994//118 1985//118 1981//118 1997//118 1996//118 2004//118 2015//118 2014//118
f 666//121 533//121 527//121 1139//121
f 410//124 769//124 764//124 761//124 1570//124 1568//124 1517//124 1519//124 399//124 398//124 392//124 653//124 651//124 652//124 654//124 406//124 756//124 394//124 418//124 411//124 393//124 688//124 672//124 526//124 678//124 677//124 390//124 525//124 524//124 675//124 676//124 523//124 521//124 522//124 490//124 539//124 538//124 533//124 666//124
f 1190//127 2481//127 2482//127 1200//127 1247//127 1249//127 1248//127 1139//127 527//127 531//127 532//127 489//127 485//127 486//127 1143//127 1144//127 1145//127 487//127 1141//127 1689//127 1222//127 1252//127 1246//127 1217//127 1578//127 1196//127 1197//127
f 1317//62 1309//62 1310//62 1312//62 2555//62 665//62 1301//62 1304//62 1308//62 1316//62
f 1196//146 1198//146 1197//146
f 1800//148 2611//148 1764//148
f 1217//151 1688//151 2555//151 1578//151
f 2661//24 2660//24 2651//24 2555//24 1568//24 1570//24 1577//24 2656//24 2649//24 2650//24 2664//24
f 1966//2 1962//2 1964//2
f 399//24 1519//24 2555//24
f 393//158 411//158 418//158 394//158 756//158 1246//158 1252//158 1222//158 1698//158 1689//158 1141//158 487//158 526//158 672//158 688//158 731//158
f 2167//37 2682//37 577//37 220//37 221//37 226//37 225//37 519//37 2171//37 2204//37 2203//37
f 569//159 1762//159 1865//159 1863//159 1705//159 1861//159 1836//159 718//159 868//159 814//159 837//159 838//159 510//159 839//159 775//159 679//159
f 1915//162 1967//162 1969//162 1970//162 1971//162 1973//162 1982//162 1985//162 1968//162 1923//162 1922//162 1919//162 1918//162
f 2073//176 2071//176 2070//176 2072//176 2079//176 2190//176 2188//176 2189//176 2191//176 2080//176
f 59//180 2836//180 2837//180 2821//180 2832//180 2833//180 2811//180
f 1519//62 1517//62 1572//62 392//62 398//62 399//62 2555//62
f 2278//262 2175//262 5//262 3//262 6//262 7//262 1//262 2082//262 2084//262 2089//262 2367//262 2088//262 2185//262
f 2171//55 2336//55 973//55 1029//55 1318//55 1310//55 1309//55 1317//55 2204//55
f 2254//2 2166//2 2163//2
f 1311//346 1308//346 1304//346 1302//346 1306//346
f 48//349 2813//349 49//349 54//349 232//349 354//349 396//349
f 1313//356 2625//356 2555//356
f 248//379 246//379 244//379 245//379 249//379 319//379 318//379 320//379 321//379 317//379 591//379 1575//379 1688//379 1217//379 1246//379 756//379 406//379 404//379 674//379 657//379 1764//379 2611//379 2129//379 2506//379 2490//379 2334//379 2345//379 232//379 54//379 49//379 8//379 48//379 396//379 354//379 718//379 1836//379 1861//379 1694//379 1863//379 1865//379 1762//379 569//379 679//379 775//379 839//379 510//379 838//379 837//379 831//379 845//379 814//379 868//379 1027//379 1319//379 1318//379 1029//379 973//379 2336//379 2171//379 519//379 2258//379 2245//379 225//379 226//379 2244//379 2339//379 1786//379 1781//379 1770//379 1783//379 1788//379 1803//379 1789//379 1804//379 2093//379 1664//379 2092//379 2388//379 2811//379 2833//379 2832//379 2829//379 2837//379 2836//379 59//379
f 1969//380 1967//380 1915//380 1916//380 1917//380 1965//380 1966//380 1964//380 1962//380 1961//380 1887//380 1970//380
f 690//425 607//425 606//425 605//425 613//425
f 1284//435 1285//435 1286//435
usemtl color_10988977.001
f 1213//3 1207//3 1181//3 1122//3 1183//3 1221//3
f 61//4 64//4 118//4 162//4 164//4 176//4
f 1549//9 1542//9 1501//9 1492//9 1491//9 1564//9
f 2237//12 2236//12 2230//12 2246//12 2280//12 2277//12
f 2558//13 2544//13 2516//13 2509//13 2492//13 2600//13
f 499//26 497//26 495//26 514//26 534//26 513//26 502//26
f 511//12 512//12 496//12 400//12 492//12 509//12
f 2198//27 2197//27 2202//27 1630//27 1631//27 1633//27 2283//27 2284//27 2281//27 2282//27 2074//27 2078//27 2091//27 2090//27 2138//27 2137//27 2141//27 2213//27 2150//27 2157//27 2159//27 1975//27 1974//27 1958//27 1957//27 1947//27 1796//27 1802//27 1807//27 1834//27 1833//27 1549//27 1564//27 1491//27 1483//27 1473//27 1490//27 1494//27 1644//27 1625//27 1205//27 1203//27 1178//27 1168//27 1008//27 1012//27 1090//27 1085//27 1047//27 1048//27 1011//27 854//27 856//27 858//27 857//27 908//27 896//27 740//27 739//27 709//27 658//27 691//27 708//27 784//27 772//27 534//27 514//27 495//27 494//27 309//27 310//27 355//27 352//27 357//27 308//27 301//27 296//27 297//27 286//27 360//27 387//27 386//27 403//27 407//27 640//27 639//27 564//27 576//27 543//27 565//27 617//27 618//27 840//27 841//27 803//27 786//27 937//27 954//27 950//27 981//27 996//27 929//27 1098//27 1117//27 1114//27 1146//27 1152//27 1305//27 1307//27 1250//27 1253//27 1214//27 1251//27 1280//27 1275//27 1759//27 1771//27 1711//27 1654//27 1712//27 1867//27 1864//27 1859//27 1881//27 1883//27 1902//27 1901//27 1866//27 1880//27 2043//27 2114//27 2134//27 2133//27 1571//27 1569//27 1596//27 1595//27 2177//27 2193//27 2148//27 2143//27 1945//27 1950//27 2032//27 2025//27 1992//27 1986//27 1972//27 1814//27 1813//27 1812//27 1811//27 1809//27 1492//27 1501//27 1503//27 1500//27 1493//27 1184//27 1185//27 1186//27 1033//27 1031//27 1015//27 1014//27 1032//27 876//27 875//27 862//27 859//27 713//27 717//27 724//27 719//27 716//27 715//27 499//27 502//27 503//27 316//27 315//27 314//27 312//27 313//27 358//27 282//27 2321//27 6//27 3//27 2121//27 174//27 191//27 140//27 139//27 250//27 251//27 206//27 401//27 493//27 491//27 492//27 400//27 723//27 722//27 744//27 866//27 833//27 834//27 832//27 865//27 1026//27 1028//27 1009//27 1122//27 1181//27 1177//27 1180//27 1121//27 1574//27 1646//27 1642//27 1645//27 1824//27 1825//27 1826//27 1841//27 2126//27 2131//27 2049//27 2048//27 2267//27 1685//27 2194//27 2168//27 1908//27 2018//27 1993//27 1963//27 1951//27 1925//27 1912//27 1716//27 1745//27 1808//27 1805//27 1321//27 1459//27 1257//27 1244//27 1256//27 1499//27 1497//27 1112//27 1109//27 1053//27 1041//27 916//27 1004//27 1002//27 951//27 962//27 915//27 788//27 799//27 824//27 645//27 597//27 566//27 596//27 711//27 689//27 385//27 373//27 304//27 295//27 161//27 187//27 185//27 190//27 149//27 159//27 157//27 158//27 143//27 150//27 211//27 252//27 208//27 287//27 288//27 555//27 563//27 498//27 408//27 496//27 512//27 511//27 770//27 763//27 749//27 870//27 881//27 877//27 899//27 907//27 869//27 1019//27 1030//27 1010//27 1035//27 1036//27 1213//27 1221//27 1183//27 1147//27 1182//27 1123//27 1191//27 1193//27 1708//27 1710//27 1576//27 1591//27 1649//27 1706//27 1872//27 1885//27 1890//27 1842//27 2060//27 2132//27 2058//27 2154//27 2142//27 1548//27 1552//27 1558//27 2235//27 2238//27 2195//27
f 312//32 314//32 315//32 351//32 352//32 355//32 310//32
f 2843//33 2864//33 2863//33 2868//33 2869//33 2857//33
f 723//34 749//34 763//34 770//34 765//34 722//34
f 1607//35 1625//35 1644//35 1494//35 1493//35 1500//35
f 2049//40 2131//40 2136//40 2142//40 2154//40 2058//40 2051//40
f 337//47 185//47 187//47 161//47 172//47
f 833//52 866//52 874//52 877//52 881//52 870//52
f 1184//12 1178//12 1203//12 1205//12 1187//12 1185//12
f 715//63 716//63 771//63 772//63 784//63 708//63
f 2583//68 2577//68 2601//68 2609//68 2610//68 2589//68
f 2858//82 2853//82 2839//82 2840//82 2842//82 2862//82
f 2623//82 2616//82 2579//82 2584//82 2588//82 2629//82
f 1152//88 1118//88 1258//88 1305//88
f 2815//89 2828//89 2831//89 2835//89 2818//89 2816//89
f 358//2 313//2 311//2 307//2 285//2 283//2 300//2 301//2 308//2 357//2 359//2 299//2 2321//2 282//2
f 2415//12 2421//12 2360//12 2351//12 2338//12 2392//12
f 1002//97 971//97 942//97 943//97 951//97
f 667//1 668//1 661//1
f 818//88 840//88 618//88 584//88
f 2133//100 2134//100 2114//100 2111//100 2090//100 2091//100 2077//100 2116//100 2118//100 2119//100
f 663//105 689//105 711//105 596//105 601//105
f 2819//82 2817//82 2774//82 2777//82 2794//82 2827//82
f 808//1 815//1 805//1
f 287//106 208//106 206//106 251//106 279//106 288//106
f 1064//107 1053//107 1109//107 1112//107 1091//107
f 160//110 173//110 172//110 161//110 295//110 304//110 326//110 328//110 601//110 596//110 566//110 597//110 600//110 599//110 802//110 799//110 788//110 915//110 919//110 922//110 921//110 916//110 1041//110 1053//110 1064//110 1071//110 1264//110 1263//110 1256//110 1244//110 1257//110 1260//110 1262//110 1761//110 1745//110 1716//110 1912//110 1925//110 1760//110 1933//110 1932//110 1908//110 2168//110 2194//110 1685//110 2257//110
f 1002//105 1004//105 916//105 921//105 971//105
f 2352//82 2359//82 2469//82 2457//82 2448//82 2341//82
f 663//113 338//113 332//113 385//113 689//113
f 1015//63 1031//63 1083//63 1085//63 1090//63 1012//63
f 136//23 1464//23 1463//23 1458//23 1457//23 1456//23 1524//23 1523//23 1522//23 1528//23 1527//23 1526//23 1525//23 1531//23 1530//23 1529//23 1462//23 1461//23 1460//23 1470//23 1469//23 1468//23 1467//23 1466//23 1465//23 137//23 138//23 1567//23 277//23
f 1096//1 1097//1 1093//1
f 1898//115 1901//115 1902//115 1883//115 1881//115 1713//115
f 1471//23 1512//23 1511//23 1482//23 1481//23 1516//23 1515//23 1514//23 1518//23 1521//23 1520//23 1480//23 1551//23 1561//23 1558//23 1552//23 1548//23 1550//23 1478//23 1477//23 1476//23 1475//23 1474//23
f 1261//116 1255//116 1715//116 1759//116 1275//116
f 1152//117 1146//117 1114//117 1111//117 1110//117 1120//117 1118//117
f 1479//23 1478//23 1550//23 1551//23 1480//23
f 337//120 189//120 190//120 185//120
f 2840//126 2776//126 2796//126 2797//126 2794//126 2777//126 2667//126 2677//126 2681//126 2588//126 2584//126 2583//126 2589//126 2504//126 2498//126 2497//126 2351//126 2360//126 2380//126 2359//126 2352//126 2236//126 2237//126 2243//126 2127//126 2123//126 108//126 114//126 44//126 45//126 46//126 2867//126 2866//126 2864//126 2843//126 2844//126 2842//126
f 947//129 944//129 964//129 981//129 950//129
f 1707//130 1709//130 1711//130 1771//130 1759//130 1715//130 1714//130
f 2848//132 2850//132 2859//132 2860//132 2861//132 2846//132
f 1594//23 1543//23 1545//23 1546//23 1537//23 1536//23 1535//23 1534//23 1533//23 1532//23 1541//23 1540//23 1539//23 1538//23 1544//23 1595//23 1596//23 1569//23 1571//23 1573//23
f 1544//23 1543//23 1594//23 1595//23
f 589//138 639//138 640//138 407//138 388//138
f 1784//1 1785//1 1779//1
f 824//120 807//120 642//120 645//120
f 2077//1 2091//1 2078//1
f 1634//2 2325//2 2324//2 2327//2 2328//2 2123//2 2127//2 2128//2 2125//2 2124//2
f 1993//105 2018//105 1908//105 1932//105 1976//105
f 190//2 189//2 173//2 160//2 147//2 141//2 140//2 191//2 174//2 2121//2 188//2 193//2 159//2 149//2
f 2223//1 2222//1 2221//1
f 2684//12 2729//12 2737//12 2719//12 2701//12 2688//12
f 2747//161 2702//161 2820//161 2818//161 2835//161 2831//161 2860//161 2859//161 2850//161 2852//161 2854//161 2851//161 2849//161 2856//161 2855//161 52//161 50//161 51//161 15//161 13//161 14//161 58//161 126//161 164//161 162//161 118//161 124//161 202//161 227//161 209//161 277//161 1567//161 2289//161 2324//161 2325//161 2390//161 2387//161 2385//161 2386//161 2442//161 2436//161 2449//161 2458//161 2586//161 2576//161 2511//161 2529//161 2540//161 2534//161 2516//161 2544//161 2558//161 2639//161 2669//161 2620//161 2701//161 2719//161 2737//161 2785//161
f 832//163 834//163 869//163 907//163 899//163 897//163
f 915//164 962//164 951//164 943//164 919//164
f 374//165 388//165 407//165 403//165 386//165 381//165
f 122//168 63//168 62//168 125//168 126//168 58//168 14//168
f 24//169 47//169 60//169 82//169 45//169 44//169 25//169
f 944//174 947//174 925//174 924//174 910//174 911//174 1120//174 1110//174 1264//174 1071//174 921//174 922//174 807//174 824//174 799//174 802//174 599//174 561//174 801//174 803//174 841//174 840//174 818//174 584//174 559//174 564//174 639//174 589//174 388//174 374//174 558//174 601//174 328//174 172//174 284//174 286//174 297//174 296//174 389//174 300//174 283//174 7//174 817//174 964//174
f 2177//177 2161//177 2157//177 2150//177 2149//177 2148//177 2193//177
f 1257//107 1459//107 1321//107 1283//107 1260//107
f 2620//188 2669//188 2639//188 2646//188 2617//188 2618//188
f 2586//4 2587//4 2493//4 2510//4 2511//4 2576//4
f 401//3 498//3 563//3 555//3 528//3 493//3
f 1811//234 1812//234 1828//234 1833//234 1834//234 1807//234 1809//234
f 2866//243 2867//243 2872//243 2871//243 2870//243 2865//243
f 1497//251 1499//251 1256//251 1263//251 1472//251
f 1974//261 1975//261 2009//261 2025//261 2032//261 1950//261 1958//261
f 2128//2 2329//2 2327//2 2324//2 2289//2 2125//2
f 2791//63 2685//63 2689//63 2702//63 2747//63 2785//63
f 1245//270 1243//270 1261//270 1275//270 1280//270 1251//270
f 200//273 195//273 194//273 207//273 209//273 227//273 202//273
f 2776//278 2775//278 2808//278 2807//278 2809//278 2796//278
f 1710//296 1708//296 1690//296 1646//296 1574//296 1576//296
f 1472//113 1095//113 1091//113 1112//113 1497//113
f 1014//311 1013//311 1011//311 1048//311 1047//311 1039//311 1032//311
f 1805//105 1808//105 1745//105 1761//105 1763//105 1782//105
f 1885//3 1884//3 1841//3 1826//3 1842//3 1890//3
f 1465//23 1464//23 136//23 137//23
f 304//107 373//107 385//107 332//107 326//107
f 937//344 927//344 925//344 947//344 950//344 954//344
f 176//359 164//359 126//359 125//359 62//359 18//359 55//359 53//359 2847//359 2845//359 2841//359 2846//359 2861//359 2860//359 2831//359 2828//359 2815//359 2810//359 2685//359 2791//359 2785//359 2737//359 2729//359 2684//359 2612//359 2617//359 2646//359 2639//359 2558//359 2600//359 2492//359 2491//359 2493//359 2587//359 2586//359 2458//359 2470//359 2431//359 2426//359 2381//359 2328//359 2327//359 2329//359 2128//359 2127//359 2243//359 2237//359 2277//359 2280//359 2457//359 2469//359 2359//359 2380//359 2360//359 2421//359 2415//359 2557//359 2565//359 2498//359 2504//359 2589//359 2610//359 2609//359 2623//359 2629//359 2588//359 2681//359 2677//359 2667//359 2777//359 2774//359 2760//359 2773//359 2775//359 2776//359 2840//359 2839//359 2834//359 2838//359 2863//359 2864//359 2866//359 2865//359 17//359 20//359 23//359 24//359 25//359 44//359 114//359 112//359 261//359 260//359 257//359 256//359 195//359 200//359 202//359 124//359 118//359 64//359 63//359 122//359 14//359 13//359 15//359 51//359 50//359 52//359 2855//359 2856//359 2849//359 2851//359 2854//359 2852//359 2850//359 2848//359 2816//359 2818//359 2820//359 2702//359 2689//359 2688//359 2701//359 2620//359 2618//359 2509//359 2516//359 2534//359 2540//359 2529//359 2511//359 2510//359 2435//359 2436//359 2442//359 2386//359 2385//359 2387//359 2390//359 2325//359 1634//359 2124//359 2173//359 2172//359 2158//359 2214//359 2230//359 2236//359 2352//359 2341//359 2337//359 2338//359 2351//359 2497//359 2486//359 2577//359 2583//359 2584//359 2579//359 2659//359 2665//359 2666//359 2715//359 2706//359 2819//359 2827//359 2794//359 2797//359 2796//359 2809//359 2807//359 2858//359 2862//359 2842//359 2844//359 2843//359 2857//359 2869//359 2871//359 2872//359 2867//359 46//359 45//359 82//359 60//359 138//359 137//359 136//359 277//359 209//359 207//359 194//359 192//359 61//359
f 2470//12 2458//12 2449//12 2436//12 2435//12 2431//12
f 1872//371 1706//371 1649//371 1825//371 1824//371 1843//371
f 296//88 301//88 300//88 389//88
f 2870//397 2871//397 2869//397 2868//397 2863//397 2838//397 2834//397 2839//397 2853//397 2858//397 2807//397 2808//397 2775//397 2773//397 2760//397 2774//397 2817//397 2819//397 2706//397 2715//397 2666//397 2665//397 2659//397 2579//397 2616//397 2623//397 2609//397 2601//397 2577//397 2486//397 2497//397 2498//397 2565//397 2557//397 2415//397 2392//397 2338//397 2337//397 2341//397 2448//397 2457//397 2280//397 2246//397 2230//397 2214//397 2158//397 2172//397 2173//397 2124//397 2125//397 2289//397 1567//397 138//397 60//397 47//397 24//397 23//397 20//397 17//397 2865//397
f 1255//408 1261//408 1243//408 1226//408 1707//408 1714//408 1713//408 1881//408 1859//408 1860//408 1933//408 1760//408 1925//408 1951//408 1763//408 1761//408 1262//408 1260//408 1283//408 1282//408 970//408 806//408 641//408 2//408 4//408 173//408 189//408 337//408 172//408 328//408 326//408 332//408 338//408 663//408 601//408 558//408 559//408 584//408 618//408 617//408 565//408 560//408 561//408 599//408 600//408 597//408 645//408 642//408 807//408 922//408 919//408 943//408 942//408 971//408 921//408 1071//408 1064//408 1091//408 1095//408 1472//408 1263//408 1264//408 1110//408 1225//408 1258//408 1118//408 1120//408 911//408 964//408 817//408 1254//408 1715//408
f 883//419 896//419 908//419 857//419 861//419 859//419 862//419 875//419
f 108//424 2123//424 2328//424 2381//424 2426//424 2431//424 2435//424 2510//424 2493//424 2491//424 2492//424 2509//424 2618//424 2617//424 2612//424 2684//424 2688//424 2689//424 2685//424 2810//424 2815//424 2816//424 2848//424 2846//424 2841//424 2845//424 2847//424 53//424 55//424 18//424 62//424 63//424 64//424 61//424 192//424 194//424 195//424 256//424
f 876//433 1032//433 1039//433 1047//433 1085//433 1083//433 1031//433 1033//433 1186//433 1185//433 1187//433 1205//433 1625//433 1607//433 1500//433 1503//433 1501//433 1542//433 1549//433 1833//433 1828//433 1812//433 1813//433 1814//433 1972//433 1986//433 1992//433 2025//433 2009//433 1975//433 2159//433 2157//433 2161//433 2177//433 1595//433 1594//433 1573//433 1571//433 2133//433 2119//433 2118//433 1897//433 299//433 359//433 357//433 352//433 351//433 315//433 316//433 503//433 502//433 513//433 534//433 772//433 771//433 716//433 719//433 724//433 717//433 713//433 859//433 861//433 857//433 858//433 856//433 854//433 1011//433 1013//433 1014//433 1015//433 1012//433 1008//433 1168//433 1178//433 1184//433 1493//433 1494//433 1490//433 1473//433 1483//433 1491//433 1492//433 1809//433 1807//433 1802//433 1796//433 1947//433 1957//433 1958//433 1950//433 1945//433 2143//433 2148//433 2149//433 2150//433 2213//433 2212//433 2135//433 2139//433 2138//433 2090//433 2111//433 2114//433 2043//433 1880//433 1866//433 1901//433 1898//433 1713//433 1714//433 1715//433 1254//433 2117//433 2197//433 2198//433 2195//433 2238//433 2235//433 1558//433 1561//433 1551//433 1550//433 1548//433 2142//433 2136//433 2131//433 2126//433 1841//433 1884//433 1885//433 1872//433 1843//433 1824//433 1645//433 1642//433 1646//433 1690//433 1708//433 1193//433 1191//433 1123//433 1182//433 1147//433 1183//433 1122//433 1009//433 1028//433 1026//433 865//433 832//433 897//433 899//433 877//433 874//433 866//433 744//433 722//433 765//433 770//433 511//433 509//433 492//433 491//433 493//433 528//433 555//433 288//433 279//433 251//433 250//433 139//433 140//433 141//433 147//433 160//433 2257//433 2165//433 2164//433 2050//433 2048//433 2049//433 2051//433 2058//433 2132//433 2060//433 1842//433 1826//433 1825//433 1649//433 1591//433 1576//433 1574//433 1121//433 1180//433 1177//433 1181//433 1207//433 1213//433 1036//433 1035//433 1010//433 1030//433 1019//433 869//433 834//433 833//433 870//433 749//433 723//433 400//433 496//433 408//433 498//433 401//433 206//433 208//433 252//433 211//433 150//433 143//433 158//433 157//433 159//433 193//433 188//433 336//433 339//433 662//433 661//433 668//433 667//433 641//433 806//433 805//433 815//433 808//433 804//433 967//433 1094//433 1093//433 1097//433 1096//433 1092//433 1780//433 1779//433 1785//433 1784//433 1778//433 2222//433 2223//433 2220//433 2219//433 2217//433 2218//433 2216//433 1777//433 970//433 1282//433 1283//433 1321//433 1805//433 1782//433 1763//433 1951//433 1963//433 1993//433 1976//433 1932//433 1933//433 1860//433 1859//433 1864//433 1867//433 1712//433 1654//433 1711//433 1709//433 1707//433 1226//433 1243//433 1245//433 1251//433 1214//433 1253//433 1250//433 1307//433 1305//433 1258//433 1225//433 1110//433 1111//433 1114//433 1117//433 1098//433 929//433 996//433 981//433 964//433 911//433 910//433 924//433 925//433 927//433 937//433 786//433 803//433 801//433 561//433 560//433 565//433 543//433 576//433 564//433 559//433 558//433 374//433 381//433 386//433 387//433 360//433 286//433 284//433 172//433 173//433 4//433 7//433 283//433 285//433 307//433 311//433 313//433 312//433 310//433 309//433 494//433 495//433 497//433 499//433 715//433 708//433 691//433 658//433 709//433 739//433 740//433 896//433 883//433 875//433
usemtl color_14541540
f 1330//19 1613//19 1614//19 1619//19 1618//19 1331//19 1327//19 1329//19 1349//19 1351//19 1342//19
f 1361//37 1341//37 1333//37 1359//37
f 1345//1 1344//1 1364//1 1365//1
f 1617//37 1623//37 1355//37 1350//37
f 1367//1 1335//1 1334//1 1366//1
f 1349//37 1348//37 1368//37 1369//37
f 1354//2 1351//2 1349//2 1369//2
f 1357//1 1347//1 1343//1 1353//1
f 1364//2 1344//2 1347//2 1357//2
f 1610//55 1606//55 1605//55 1609//55
f 1360//37 1624//37 1610//37 1340//37
f 1359//55 1358//55 1362//55 1367//55 1366//55 1363//55 1621//55 1624//55 1360//55 1371//55 1370//55 1361//55
f 1371//37 1339//37 1338//37 1370//37
f 1624//23 1621//23 1606//23 1610//23
f 1356//23 1346//23 1345//23 1365//23
f 1343//2 1342//2 1352//2 1353//2
f 1364//43 1357//43 1353//43 1352//43 1354//43 1369//43 1368//43 1355//43 1623//43 1620//43 1356//43 1365//43
f 1358//1 1332//1 1337//1 1362//1
f 1366//23 1334//23 1336//23 1363//23
f 1362//2 1337//2 1335//2 1367//2
f 1370//2 1338//2 1341//2 1361//2
f 1606//1 1621//1 1363//1 1336//1
f 1352//37 1342//37 1351//37 1354//37
f 1619//186 1605//186 1606//186 1336//186 1334//186 1335//186 1337//186 1332//186 1333//186 1341//186 1338//186 1339//186 1340//186 1610//186 1609//186 1608//186 1622//186 1328//186 1327//186 1331//186 1618//186
f 1616//219 1614//219 1613//219 1330//219 1342//219 1343//219 1347//219 1344//219 1345//219 1346//219 1615//219 1617//219 1350//219 1348//219 1349//219 1329//219 1327//219 1328//219 1622//219
f 1368//23 1348//23 1350//23 1355//23
f 1359//2 1333//2 1332//2 1358//2
f 1623//23 1617//23 1615//23 1620//23
f 1620//1 1615//1 1346//1 1356//1
f 1360//23 1340//23 1339//23 1371//23
usemtl color_15277357
f 2183//8 2231//8 2270//8 2184//8 2162//8 2113//8 2112//8
f 1978//11 1977//11 1959//11
f 2734//31 648//31 650//31 649//31 1162//31 1161//31 1159//31 779//31 787//31
f 633//36 1042//36 1043//36 1045//36 1038//36 1037//36 397//36 628//36 636//36 669//36 629//36 621//36 622//36
f 2042//38 2041//38 2036//38
f 215//48 2413//48 213//48 2422//48 2503//48 2414//48 214//48
f 562//57 2255//57 2251//57
f 156//60 1797//60 2471//60
f 421//1 422//1 412//1 413//1
f 2549//64 2508//64 2507//64 2543//64 2574//64 2630//64 2539//64 2251//64 2255//64 562//64 863//64 880//64 879//64 878//64 913//64 914//64 918//64 917//64 894//64 2545//64
f 1868//70 1888//70 1899//70 156//70 2471//70 1797//70 1939//70 1940//70 1854//70 1855//70 1853//70 1876//70 1944//70 1942//70 1941//70 1952//70
f 71//73 88//73 70//73 68//73
f 421//55 414//55 415//55 422//55
f 2607//77 2605//77 2603//77 2606//77 2608//77 2590//77
f 2370//81 1701//81 963//81 1100//81 1103//81 1101//81 1194//81 1823//81 1697//81
f 419//1 415//1 414//1 420//1
f 2696//84 2591//84 2592//84 2697//84 2746//84 2745//84
f 2823//86 2781//86 2779//86 2778//86
f 334//87 849//87 2429//87 2513//87 2532//87 372//87 972//87 898//87 900//87 2389//87 380//87 379//87
f 1589//90 2473//90 2474//90 1590//90
f 2632//95 2086//95 2624//95 2687//95 2686//95 2621//95 2628//95 409//95
f 1724//98 1725//98 1721//98 1722//98 1720//98
f 214//101 216//101 2505//101 2673//101 2653//101 2654//101 2670//101 2703//101 2690//101 2279//101 239//101 2130//101 2232//101 2422//101 213//101 212//101 215//101
f 2298//103 2174//103 233//103 2279//103 2690//103 2647//103 2654//103 2653//103 2652//103 2310//103 2311//103
f 445//37 446//37 443//37 444//37
f 473//55 474//55 475//55 440//55
f 425//37 426//37 423//37 424//37
f 429//1 431//1 452//1 450//1
f 444//43 417//43 416//43 445//43
f 1905//108 1900//108 1977//108 1978//108 1903//108 1134//108 1133//108 1132//108 1131//108 1928//108 2575//108 2793//108 2812//108 2059//108 2234//108 2233//108 2196//108 1988//108 1987//108
f 1072//109 646//109 649//109 650//109 647//109 2731//109 2695//109 2699//109 361//109 375//109 2700//109 773//109
f 2283//2 1633//2 1598//2 1600//2
f 2130//112 239//112 2279//112 235//112 163//112 178//112 2340//112 2353//112 2354//112 2356//112 177//112 175//112 2146//112 2232//112
f 417//23 444//23 443//23 448//23 460//23 428//23 426//23 429//23 450//23 451//23 430//23 422//23 415//23 419//23 442//23
f 441//1 416//1 417//1 442//1
f 1599//55 1597//55 1598//55 1633//55 1632//55
f 2287//119 2301//119 2288//119 2285//119
f 438//55 437//55 433//55 439//55
f 649//125 646//125 1072//125 1162//125
f 1437//141 871//141 1442//141 987//141 989//141 864//141 855//141 873//141 1189//141 1485//141 1487//141 1498//141
f 939//147 938//147 1583//147 1581//147 1547//147 1580//147 1582//147 1314//147 1322//147 1320//147 1315//147 1277//147 1179//147 860//147 1040//147 974//147
f 1179//152 2207//152 860//152
f 2272//153 2805//153 2806//153 2274//153 2275//153
f 2597//155 557//155 867//155 887//155 888//155 889//155 885//155 768//155 766//155 767//155 2472//155 2474//155 2473//155 2468//155 2483//155 2678//155 2585//155
f 2700//156 375//156 2393//156 2397//156 2291//156 2394//156 2396//156 2395//156 2292//156 773//156
f 1602//23 1599//23 1632//23 2284//23
f 2322//160 2368//160 2369//160 535//160 2371//160 2374//160 2375//160 2378//160 2376//160 2373//160 604//160 622//160 621//160 602//160 628//160 397//160 402//160 2318//160 2320//160
f 2822//166 36//166 35//166 37//166 2824//166
f 1829//167 1827//167 1830//167 1831//167
f 69//1 68//1 40//1
f 69//1 71//1 68//1
f 73//1 75//1 72//1
f 73//1 76//1 75//1
f 77//170 75//170 76//170
f 77//1 76//1 78//1
f 80//1 79//1 78//1
f 77//1 78//1 79//1
f 84//1 83//1 85//1
f 87//1 70//1 88//1
f 83//1 91//1 85//1
f 92//1 85//1 91//1
f 94//1 93//1 95//1
f 80//1 95//1 79//1
f 2344//171 945//171 938//171 940//171 949//171 2342//171
f 93//1 94//1 96//1
f 99//1 101//1 90//1
f 91//1 102//1 92//1
f 103//172 92//172 102//172
f 97//1 106//1 105//1
f 1869//173 289//173 290//173 291//173 292//173 81//173 1740//173 1739//173
f 105//1 106//1 109//1
f 128//1 111//1 113//1
f 110//1 113//1 111//1
f 130//1 128//1 113//1
f 130//37 113//37 129//37
f 426//55 428//55 427//55 423//55
f 2055//175 2053//175 2054//175 2056//175 2052//175 1223//175 1219//175 2011//175 2057//175
f 379//178 380//178 378//178
f 430//43 432//43 431//43 429//43
f 455//1 433//1 437//1 456//1
f 426//23 425//23 412//23 422//23 430//23 429//23
f 459//43 478//43 476//43 477//43
f 456//43 458//43 457//43 455//43
f 450//55 452//55 454//55 451//55
f 424//55 413//55 412//55 425//55
f 474//2 473//2 479//2 477//2 476//2
f 432//37 430//37 451//37 454//37
f 2350//179 2335//179 2306//179 2315//179 2348//179
f 11//182 2801//182 2800//182 2802//182 12//182 69//182 40//182
f 747//1 746//1 748//1
f 836//184 842//184 843//184 835//184
f 397//185 1037//185 1034//185 405//185
f 2342//189 1726//189 1727//189 1732//189 1734//189 1736//189 1735//189 2344//189
f 836//190 2454//190 728//190 1592//190 1593//190 729//190 750//190 842//190
f 940//1 938//1 939//1
f 980//193 978//193 975//193 977//193
f 989//1 990//1 864//1
f 988//1 989//1 987//1
f 988//194 992//194 989//194
f 993//1 989//1 992//1
f 2224//195 2085//195 2094//195 2087//195 2228//195 2227//195
f 431//2 432//2 421//2 413//2 424//2 423//2 427//2 461//2 453//2
f 457//23 462//23 439//23 433//23 455//23
f 1044//1 1045//1 1043//1
f 1057//196 1045//196 1044//196
f 2297//197 2271//197 2268//197 2296//197
f 1102//1 1103//1 1100//1
f 2487//200 2475//200 2568//200 2581//200 2580//200 2569//200 2479//200 2031//200 2005//200 255//200 253//200 254//200 2593//200 2602//200 2496//200
f 1102//1 1104//1 1103//1
f 1135//1 1133//1 1134//1
f 1136//201 1137//201 1133//201 1135//201
f 1136//1 1138//1 1137//1
f 1020//202 1105//202 1103//202 1104//202 1106//202 1021//202 1016//202 1018//202 1017//202 1099//202 1100//202 963//202 1719//202 2370//202 1697//202 1823//202 1195//202 1119//202 1056//202 1049//202
f 1592//203 826//203 827//203 829//203 828//203 1593//203
f 1211//1 1208//1 1210//1
f 1223//204 1224//204 1219//204
f 1227//205 1228//205 1220//205
f 1821//206 1830//206 1827//206 1820//206 1906//206 1907//206
f 1720//207 2330//207 2316//207 946//207 948//207 2317//207 2343//207 1724//207
f 1271//1 1299//1 1272//1
f 1438//208 871//208 1437//208
f 1440//209 871//209 1439//209
f 1439//210 871//210 1438//210
f 1484//1 1394//1 1486//1
f 1585//212 2804//212 2806//212 2805//212 2799//212 2812//212 2793//212 2575//212 2762//212
f 1189//213 217//213 855//213 864//213 990//213 991//213 1007//213 1156//213 1113//213 995//213 989//213 993//213 994//213 1116//213 1394//213 1484//213 1295//213 1296//213 1297//213 1485//213
f 1637//1 2814//1 1641//1
f 1640//1 1643//1 1639//1
f 1797//214 156//214 2453//214
f 1729//1 1732//1 1727//1
f 1728//218 1729//218 1727//218
f 1742//220 1744//220 1748//220 1750//220 1754//220 1753//220 1743//220 948//220 946//220
f 1749//1 1750//1 1748//1
f 1755//1 1754//1 1750//1
f 1755//1 1750//1 1751//1
f 1755//1 1751//1 1756//1
f 2240//222 2613//222 2642//222 2643//222 2241//222 2644//222 2645//222 2242//222 2215//222 2239//222
f 1818//227 1817//227 1819//227
f 110//228 111//228 109//228 106//228
f 1848//1 1856//1 1857//1
f 1856//1 1870//1 1871//1
f 1856//1 1871//1 1857//1
f 1871//1 1870//1 1878//1
f 1921//1 1914//1 1924//1
f 1939//1 1941//1 1942//1
f 1931//1 1930//1 1934//1
f 2215//230 2249//230 2248//230 2668//230 2671//230
f 2002//1 2000//1 2003//1
f 1999//1 2003//1 2000//1
f 1995//1 1990//1 1998//1
f 1999//1 1931//1 1934//1
f 1999//1 1934//1 2003//1
f 2024//231 2021//231 2023//231
f 2002//1 2021//1 2000//1
f 2022//1 2021//1 2024//1
f 562//232 2251//232 2253//232
f 2010//233 1998//233 2377//233
f 2041//1 2040//1 2036//1
f 2042//1 2036//1 2039//1
f 2636//235 2637//235 2635//235
f 2095//1 2087//1 2094//1
f 2095//236 2097//236 2098//236
f 2094//1 2097//1 2095//1
f 2096//1 2098//1 2097//1
f 2096//1 2099//1 2098//1
f 2151//1 2152//1 2153//1
f 28//237 30//237 65//237 26//237 2215//237 2671//237 2672//237 2631//237 31//237 27//237 29//237
f 2226//1 2225//1 2227//1
f 2260//1 2259//1 2262//1
f 2260//1 2262//1 2261//1
f 2259//240 2263//240 2226//240
f 2259//1 2226//1 2262//1
f 2263//1 2225//1 2226//1
f 1600//241 1598//241 1597//241 1601//241
f 2231//1 2268//1 2270//1
f 2268//1 2271//1 2270//1
f 217//242 1189//242 855//242
f 2285//1 2273//1 2275//1
f 2272//1 2275//1 2273//1
f 2286//1 2285//1 2275//1
f 2286//1 2287//1 2285//1
f 2261//1 2294//1 2293//1
f 2261//1 2293//1 2260//1
f 2294//1 2300//1 2299//1
f 2294//1 2299//1 2293//1
f 2302//1 2288//1 2301//1
f 2301//1 2305//1 2302//1
f 2309//1 2298//1 2311//1
f 2300//244 2313//244 2312//244
f 2300//1 2312//1 2299//1
f 2302//1 2305//1 2306//1
f 2315//1 2306//1 2305//1
f 2319//1 2320//1 2318//1
f 2369//1 2371//1 535//1
f 2379//1 2376//1 2378//1
f 378//1 380//1 377//1
f 912//246 863//246 562//246 2253//246 2251//246 2539//246 2501//246 2507//246 2508//246 2502//246 2500//246 2489//246 895//246 918//246 914//246
f 2494//247 2484//247 2485//247 2495//247 2548//247
f 1719//248 963//248 2370//248
f 2489//1 2500//1 2499//1
f 9//249 33//249 1692//249 34//249 89//249 90//249 101//249 100//249 306//249 323//249 322//249 305//249 1948//249 1693//249 1718//249
f 1189//250 873//250 855//250
f 2556//1 2547//1 2546//1
f 2802//41 2800//41 2784//41 2786//41 2783//41 567//41 2782//41 2780//41 2781//41 2823//41 2824//41 37//41 35//41 107//41 129//41 113//41 110//41 106//41 97//41 94//41 95//41 80//41 78//41 76//41 73//41 72//41 518//41 602//41 621//41 629//41 391//41 196//41 197//41 201//41 464//41 725//41 712//41 726//41 720//41 2825//41 2826//41 39//41 67//41 86//41 88//41 71//41 69//41 12//41
f 1794//252 1817//252 1818//252 1810//252 1795//252 1731//252 1730//252
f 2556//1 2573//1 2547//1
f 2590//1 2592//1 2591//1
f 2595//1 2594//1 2596//1
f 2598//253 2595//253 2599//253
f 2596//1 2599//1 2595//1
f 2603//1 2598//1 2604//1
f 2599//254 2604//254 2598//254
f 2604//1 2606//1 2603//1
f 2608//1 2592//1 2590//1
f 2636//1 2635//1 2634//1
f 2644//1 2241//1 2643//1
f 2633//1 2631//1 2672//1
f 2674//1 2675//1 2676//1
f 2686//258 2687//258 2683//258
f 2711//1 2710//1 2709//1
f 2711//1 2709//1 2712//1
f 2675//1 2710//1 2676//1
f 2711//1 2676//1 2710//1
f 2736//260 2712//260 2735//260
f 2709//1 2735//1 2712//1
f 2781//1 2780//1 2779//1
f 2780//1 2782//1 2779//1
f 2113//263 2098//263 2099//263 2112//263
f 2824//1 2823//1 2822//1
f 2823//1 2778//1 2822//1
f 1758//271 2803//271 41//271 2830//271 755//271 730//271 736//271 199//271 198//271 196//271 391//271 714//271 727//271 1693//271
f 441//2 420//2 414//2 421//2 432//2 454//2 452//2 431//2 453//2 449//2 446//2 445//2 416//2
f 1496//281 1498//281 1487//281 1486//281 1394//281
f 463//2 458//2 456//2 437//2 438//2
f 1601//290 1597//290 1599//290 1602//290
f 2573//291 2596//291 2594//291 2570//291 2547//291
f 2026//295 1691//295 1806//295 1935//295 1937//295 1938//295 1936//295 1924//295 1914//295
f 478//1 475//1 474//1 476//1
f 587//304 889//304 888//304 588//304 570//304 568//304 867//304 557//304 1300//304 2585//304 2678//304 2483//304 2619//304 1509//304 1513//304 1495//304 1489//304 1488//304 1273//304 1272//304 1299//304 1271//304 1270//304 1231//304 1089//304 1088//304 1240//304
f 409//309 2628//309 2693//309 16//309 42//309 43//309 515//309 516//309 507//309 517//309
f 963//316 1701//316 2370//316
f 2613//322 2240//322 2239//322 2215//322 26//322 10//322 21//322 29//322 22//322 19//322 1635//322 1640//322 1639//322 1643//322 1651//322 1653//322 1650//322 1641//322 2814//322 1637//322 1638//322 748//322 746//322 745//322
f 446//43 449//43 448//43 443//43
f 1590//325 825//325 829//325 827//325 820//325 819//325 1589//325
f 1602//43 2284//43 2283//43 1600//43 1601//43
f 1984//327 2115//327 1941//327 1939//327 1797//327 2453//327 156//327 1899//327
f 442//43 419//43 420//43 441//43
f 1847//343 1819//343 1817//343 1816//343 1846//343 1848//343 1857//343
f 2160//345 2151//345 2153//345 2155//345 2192//345 2247//345 2250//345 2252//345 2276//345 2269//345 920//345 974//345 1040//345 860//345 2207//345 1179//345 1277//345 1204//345 1202//345 1206//345 1210//345 1208//345 2170//345 1907//345 1906//345
f 440//23 475//23 478//23 459//23 465//23
f 966//368 1822//368 1274//368 1268//368 1230//368 1281//368 1278//368 2044//368 2054//368 2053//368 2045//368 2010//368 2377//368 1998//368 1990//368
f 517//370 507//370 516//370 518//370 72//370 75//370 74//370 520//370 2326//370 505//370 504//370 409//370
f 1322//373 1216//373 1208//373 1211//373 1212//373 1215//373 1320//373
f 105//382 96//382 94//382 97//382
f 1230//390 1268//390 1218//390 1879//390 2036//390 2040//390 2001//390 1219//390 1224//390 1227//390 1220//390 1228//390 1229//390
f 2035//391 1991//391 1878//391 1870//391 1877//391 1989//391 2034//391 2037//391
f 1300//392 557//392 2597//392 2585//392
f 1089//429 976//429 975//429 978//429 979//429 1088//429
f 2672//431 2636//431 2634//431 2633//431
usemtl color_16448250.001
f 447//5 435//5 165//5 198//5 199//5
f 155//6 152//6 153//6
f 1919//14 1922//14 1125//14 1917//14 1916//14
f 1001//15 1025//15 1023//15 998//15 1000//15
f 982//22 994//22 993//22
f 675//25 1143//25 486//25 525//25 390//25
f 2765//28 2768//28 2764//28 2771//28
f 152//30 2144//30 153//30
f 1284//41 1298//41 1294//41 1174//41 1086//41 1130//41 1165//41 1169//41 1291//41 1293//41
f 1075//42 2410//42 2520//42 2466//42
f 269//43 262//43 266//43 265//43 264//43 263//43 271//43 273//43 1435//43 1430//43 1413//43 1414//43 1416//43 1415//43 1412//43 1421//43 1420//43 267//43
f 2466//46 2461//46 2521//46 2520//46
f 787//50 779//50 1159//50 1161//50 1155//50 785//50 782//50 780//50 2728//50 2723//50 2725//50 647//50 650//50 648//50 2726//50 2734//50
f 1143//43 483//43 485//43 489//43 488//43 481//43 482//43 484//43 1140//43 1145//43 1142//43
f 1005//56 969//56 909//56 1006//56
f 1050//58 1169//58 1165//58 1130//58 1787//58 1790//58 1774//58 1776//58 1832//58 2541//58 2029//58 2028//58 2026//58 1914//58 1921//58 184//58 204//58 2738//58 2713//58 1741//58 1739//58 1740//58 81//58 292//58 306//58 100//58 101//58 104//58 99//58 90//58 89//58 34//58 1692//58 33//58 9//58 1718//58 1693//58 727//58 714//58 391//58 629//58 669//58 636//58 628//58 602//58 518//58 516//58 515//58 43//58 42//58 16//58 2693//58 2628//58 2621//58 2477//58 1775//58 1773//58 1772//58 1768//58 2476//58 2624//58 2086//58 2632//58 409//58 504//58 505//58 2326//58 520//58 604//58 2373//58 2376//58 2391//58 2379//58 2378//58 2375//58 2374//58 2371//58 2384//58 2369//58 2368//58 2322//58 2320//58 2323//58 2319//58 2318//58 402//58 397//58 405//58 1034//58 1037//58 1038//58 1045//58 1057//58 1044//58 1058//58 1043//58 1042//58 633//58 201//58 197//58 165//58 276//58 1766//58 1115//58 1151//58 1148//58 1149//58 1154//58 1752//58 1750//58 1749//58 1747//58 1153//58 1081//58 342//58 347//58 1113//58 1156//58 1007//58 991//58 990//58 985//58 986//58 941//58 939//58 974//58 920//58 2269//58 2276//58 2252//58 2250//58 2247//58 2192//58 2155//58 2153//58 2046//58 2152//58 2151//58 2160//58 1941//58 2115//58 1984//58 1899//58 1888//58 1868//58 1556//58 1696//58 1557//58 1829//58 1831//58 1566//58 1559//58 1560//58 1565//58 1510//58 1166//58 1554//58 1279//58 1876//58 1853//58 1855//58 1854//58 1940//58 1939//58 2038//58 2170//58 1208//58
f 1668//2 1665//2 590//2
f 1529//1 1530//1 1531//1 1525//1 1423//1 1429//1 1428//1 1427//1 1376//1 1375//1 1387//1 1386//1 1384//1 1466//1 1467//1 1468//1 1469//1 1470//1 1460//1 1461//1 1462//1
f 2455//67 2518//67 2521//67 2461//67
f 1577//62 1579//62 1572//62 1517//62 1568//62 2555//62 2651//62 2662//62 2663//62 2664//62 2650//62 2649//62 2656//62
f 1451//72 1450//72 1545//72 1543//72 1544//72 1449//72
f 1735//75 1736//75 1734//75 1733//75 1725//75 1724//75 2343//75 2317//75 948//75 1743//75 1753//75 1754//75 1755//75 1752//75 1154//75 1151//75 1150//75 1167//75 324//75 350//75 349//75 344//75 210//75 1116//75 994//75 982//75 945//75 2344//75
f 547//23 480//23 546//23 704//23
f 637//76 638//76 634//76 541//76
f 2741//76 177//76 2356//76 2743//76
f 592//23 1666//23 1669//23
f 997//78 1731//78 1795//78 1810//78 1818//78 1819//78 1847//78 1857//78 1871//78 1878//78 1991//78 2035//78 2027//78 2020//78 2023//78 2021//78 2002//78 2003//78 1934//78 1930//78 1904//78 1959//78 1977//78 1900//78 903//78
f 1670//79 1671//79 1077//79 1073//79
f 1528//80 1522//80 1523//80 1418//80 1417//80 1426//80 1425//80 1424//80 1423//80 1525//80 1526//80 1527//80
f 2825//83 720//83 721//83
f 1436//23 1448//23 1445//23 1446//23 1447//23 1431//23 1432//23 1433//23 1434//23 1441//23 1443//23 1452//23 1450//23 1451//23 1454//23 1455//23 1377//23
f 1862//85 1852//85 1875//85
f 2347//91 2333//91 2332//91 2349//91
f 2456//93 2519//93 2518//93 2455//93
f 508//94 552//94 554//94 571//94 506//94
f 546//76 643//76 540//76 545//76 705//76 704//76
f 734//96 1199//96 809//96 811//96 776//96 1175//96 758//96 741//96 742//96 753//96 751//96 737//96 757//96 752//96 754//96 710//96 1655//96 1684//96 1679//96
f 2768//99 2765//99 2542//99 2553//99 2550//99 2551//99 2552//99 2554//99 2559//99 2560//99 2756//99 2533//99 2532//99 2513//99 2514//99 2531//99 2658//99 2753//99 2563//99 2562//99 2564//99 2567//99 2759//99 2538//99 2537//99 2536//99 2512//99 2429//99 2622//99 2178//99 2179//99
f 2730//104 2705//104 2732//104 2749//104 2740//104
f 2414//30 2503//30 2419//30
f 1422//23 1420//23 1417//23 1418//23 1419//23 1372//23
f 2116//23 2077//23 2197//23 2117//23
f 523//37 484//37 482//37 521//37
f 2201//23 2211//23 2208//23 2205//23 2200//23
f 762//111 738//111 1082//111 735//111 737//111 1201//111 810//111 774//111 935//111 395//111
f 2027//114 2035//114 2037//114 2034//114 2030//114
f 1907//75 2170//75 2038//75 1939//75 1953//75 1942//75 1944//75 1876//75 1279//75 1555//75 1562//75 1563//75 1565//75 1566//75 1831//75 1830//75 1821//75
f 238//122 237//122 236//122 240//122 241//122
f 1563//123 1562//123 1555//123 1510//123 1565//123
f 828//128 829//128 825//128 1590//128 2474//128 2472//128 2488//128 2502//128 2508//128 2549//128 2361//128 2572//128 843//128 842//128 750//128 729//128 1593//128
f 1022//131 1025//131 1001//131 1003//131
f 2680//133 2417//133 2416//133 2679//133
f 1452//134 1443//134 1441//134 1434//134 1535//134 1536//134 1537//134 1546//134 1545//134 1450//134
f 2526//135 2467//135 1065//135 2405//135
f 2420//136 2571//136 2691//136
f 1534//137 1535//137 1434//137 1433//137 1432//137 1431//137 1447//137 1446//137 1445//137 1444//137 1538//137 1539//137 1540//137 1541//137 1532//137 1533//137
f 968//2 2439//2 2429//2 849//2 931//2 926//2
f 700//23 701//23 702//23 706//23
f 2561//139 2566//139 2564//139
f 1604//55 1631//55 1630//55 1603//55
f 1562//2 1563//2 1560//2 1554//2
f 1588//140 1084//140 1080//140 1082//140 738//140 762//140 760//140 1656//140
f 1403//142 1407//142 1518//142 1514//142 1404//142
f 1055//23 1124//23 1233//23 1128//23
f 1024//143 884//143 998//143
f 1232//144 1127//144 1086//144 1174//144 1738//144 1128//144 1233//144
f 1398//145 1397//145 1406//145 1405//145 1404//145 1514//145 1515//145 1516//145 1481//145 1482//145 1511//145 1512//145 1471//145 1389//145 1400//145 1399//145
f 1453//149 1629//149 1628//149 2140//149 1686//149 1377//149 1455//149 1454//149
f 2580//23 2582//23 2652//23 2653//23 2673//23 2787//23 2769//23 2770//23 2768//23 2179//23 2180//23 2569//23
f 2456//150 2466//150 2520//150 2519//150
f 1563//23 1562//23 1553//23 1559//23
f 760//154 754//154 752//154 757//154
f 741//157 758//157 759//157 743//157
f 671//55 523//55 676//55 678//55
f 260//2 261//2 272//2 273//2
f 894//181 595//181 594//181 575//181 2361//181 2549//181 2545//181
f 1087//183 1171//183 1173//183
f 203//187 1394//187 1116//187 210//187
f 1291//191 1286//191 1285//191
f 1471//192 1474//192 1391//192 1389//192
f 586//198 585//198 579//198 571//198 582//198 598//198
f 2517//199 1892//199 2404//199 2398//199 1108//199 2400//199 1767//199 1717//199 1703//199 1769//199 1695//199 1661//199 1662//199 1655//199 710//199 753//199 2655//199 2648//199 2660//199 2663//199 2662//199 1504//199 1502//199 1505//199 1508//199
f 1886//211 1980//211 1983//211 1979//211 2007//211 2013//211 2004//211 1996//211 1997//211 1981//211
f 1791//215 278//215 270//215 281//215 1792//215 1793//215 280//215 166//215 2694//215 2615//215 1801//215 1799//215 1798//215 1764//215 657//215 674//215 680//215 681//215 659//215 664//215 2555//215 656//215 404//215 406//215 654//215 655//215 652//215 651//215 653//215 392//215 1572//215 1579//215 1577//215 2657//215 734//215 1679//215
f 1557//216 1696//216 1556//216
f 369//217 330//217 1943//217 1960//217 1948//217 305//217 289//217 1869//217 1882//217 1839//217 186//217 1935//217 1806//217 2081//217 2047//217 1946//217 1911//217 2147//217 2017//217 367//217 366//217 370//217 371//217
f 134//78 154//78 2744//78 2357//78 2355//78 2353//78 2340//78 30//78 28//78 29//78 21//78 10//78 2799//78 2805//78 2272//78 2273//78 2285//78 2288//78 2302//78 2306//78 2335//78 2350//78 2349//78 2332//78 2256//78 2331//78 2308//78 2313//78 2300//78 2294//78 2261//78 2262//78 2226//78 2227//78 2228//78 2087//78 2095//78 2098//78 2113//78 2162//78 2184//78 2270//78 2271//78 2297//78 2266//78 2145//78 2144//78 152//78 155//78
f 613//221 605//221 606//221 616//221
f 1465//223 1466//223 1384//223 1378//223 1463//223 1464//223
f 893//224 773//224 2292//224 2395//224 2394//224 2291//224 2397//224 2393//224 375//224 361//224 2699//224 353//224 333//224 329//224 340//224 341//224 224//224 223//224 247//224 182//224 179//224 362//224 365//224 370//224 366//224 356//224 331//224 230//224 823//224 794//224 795//224 793//224 800//224 821//224 797//224 798//224 822//224 231//224 41//224 2803//224 1758//224 1693//224 1948//224 1960//224 1943//224 330//224 322//224 323//224 306//224 292//224 291//224 290//224 294//224 186//224 1839//224 1882//224 1869//224 1739//224 1741//224 2713//224 2738//224 204//224 184//224 1936//224 1938//224 1937//224 1946//224 2047//224 2081//224 1806//224 1691//224 2026//224 2028//224 2029//224 2541//224 1832//224 1835//224 1913//224 1920//224 1929//224 1949//224 1909//224 1910//224 1757//224 1125//224 1927//224 1954//224 2109//224 293//224 2102//224 2101//224 2100//224 2166//224 2254//224 2163//224 2176//224 2175//224 2278//224 2185//224 2182//224 2180//224 2179//224 2178//224 2622//224 707//224 699//224 700//224 706//224 1682//224 1683//224 1674//224 1672//224 1673//224 955//224 958//224 960//224 956//224 2720//224 2721//224 593//224 142//224 1069//224 1063//224 2303//224 625//224 853//224 852//224 626//224 620//224 624//224 851//224 809//224 1199//224 734//224 2657//224 2648//224 2655//224 2362//224 2789//224 2752//224 2757//224 2761//224 2790//224 2792//224 2798//224 2480//224 1190//224 1197//224 1198//224 1196//224 1578//224 2555//224 1688//224 1575//224 591//224 317//224 321//224 298//224 318//224 319//224 249//224 245//224 228//224 246//224 248//224 221//224 220//224 577//224 2456//224 2519//224 2641//224 2698//224 1074//224 2411//224 2682//224 2167//224 2203//224 1316//224 1308//224 1311//224 1319//224 1027//224 868//224 718//224 354//224 232//224 2345//224 2334//224 2490//224 2506//224 2129//224 1507//224 2122//224 2410//224 1075//224 2466//224 2520//224 2409//224 1070//224 1076//224 780//224 792//224 218//224 222//224 346//224 243//224 242//224 236//224 237//224 238//224 171//224 327//224 2169//224 376//224 377//224 380//224 2389//224 900//224 898//224 972//224 372//224 2532//224 2533//224 2756//224 2560//224 2559//224 2554//224 2550//224 2553//224 2542//224 2439//224 968//224 926//224 923//224 886//224 891//224
f 1242//225 145//225 144//225 844//225 2427//225 1241//225
f 571//226 554//226 553//226 572//226 506//226
f 524//229 525//229 486//229 485//229 483//229
f 1408//238 1377//238 1686//238 1627//238 1626//238 1411//238
f 1155//239 1161//239 1162//239 1072//239 773//239 893//239 891//239 923//239 926//239 931//239 930//239 928//239 965//239 2441//239 2358//239 551//239 2765//239 2766//239 2764//239 2768//239 2770//239 2769//239 2714//239 1259//239 2367//239 1896//239 1889//239 2044//239 1278//239 1281//239 1230//239 1229//239 1228//239 1227//239 1224//239 1223//239 2052//239 2475//239 2487//239 2496//239 2602//239 2593//239 254//239 253//239 255//239 2005//239 2031//239 2479//239 2450//239 2057//239 2011//239 1219//239 2001//239 2040//239 2033//239 2039//239 2036//239 1879//239 1218//239 1268//239 1274//239 1822//239 1840//239 983//239 1003//239 1001//239 1000//239 998//239 884//239 1024//239 1023//239 1025//239 1022//239 966//239 1990//239 2016//239 1895//239 882//239 544//239 545//239 540//239 630//239 632//239 508//239 506//239 619//239 587//239 1240//239 1170//239 1100//239 1099//239 1017//239 1018//239 1016//239 1021//239 670//239 631//239 732//239 980//239 977//239 733//239 830//239 673//239 1020//239 1049//239 1056//239 1119//239 1195//239 1823//239 1194//239 1101//239 1231//239 1270//239 1271//239 1176//239 1272//239 1273//239 1488//239 1489//239 1495//239 1513//239 1509//239 2619//239 2483//239 2468//239 2501//239 2539//239 2630//239 2574//239 2543//239 2420//239 2691//239 2571//239 835//239 843//239 2572//239 846//239 623//239 2290//239 2355//239 2357//239 2346//239 31//239 2631//239 2638//239 2635//239 2637//239 2636//239 2672//239 2671//239 2668//239 2248//239 2249//239 2215//239 2242//239 2645//239 2644//239 2640//239 2643//239 2642//239 2613//239 745//239 746//239 1584//239 747//239 748//239 1638//239 1637//239 1636//239 1641//239 1650//239 1653//239 1652//239 1640//239 1635//239 19//239 2804//239 1585//239 2762//239 2575//239 1928//239 1131//239 1132//239 1133//239 1137//239 1138//239 1062//239 1134//239 1903//239 890//239 892//239 902//239 909//239 969//239 1005//239 999//239 984//239 906//239 905//239 901//239 904//239 903//239 1900//239 1905//239 1987//239 1988//239 2196//239 2233//239 2234//239 2059//239 2812//239 2799//239 10//239 26//239 65//239 30//239 2340//239 178//239 163//239 235//239 2279//239 233//239 2174//239 2298//239 2309//239 2314//239 2311//239 2310//239 2652//239 2582//239 2580//239 2581//239 2578//239 2647//239 2690//239 2703//239 2670//239 2772//239 2788//239 2787//239 2673//239 2505//239 216//239 214//239 2432//239 2419//239 2503//239 2422//239 2232//239 2146//239 2418//239 2433//239 215//239 212//239 175//239 177//239 2741//239 2742//239 697//239 694//239 692//239 693//239 698//239 1675//239 1678//239 1676//239 1677//239 2739//239 2304//239 1078//239 785//239
f 1052//245 219//245 2727//245 2724//245 2723//245 2728//245
f 703//255 707//255 2622//255 2429//255 2439//255 2542//255 2765//255 551//255 2358//255 2441//255 2428//255 850//255 791//255 778//255 781//255 783//255 782//255 785//255 1078//255 1073//255 1077//255 1063//255 1069//255 627//255 593//255 2721//255 2717//255 2708//255 2716//255 2707//255 2382//255 2362//255 2655//255 753//255 1175//255 776//255 811//255 812//255 777//255 1188//255 1192//255 760//255 762//255 395//255 935//255 774//255 810//255 809//255 851//255 852//255 853//255 846//255 2572//255 2361//255 575//255 598//255 582//255 556//255 572//255 553//255 508//255 632//255 616//255 612//255 644//255 541//255 634//255 638//255 637//255 542//255 635//255 690//255 615//255 643//255 546//255 480//255 872//255 547//255 704//255 705//255 548//255 2008//255 1983//255 1980//255 1886//255 1973//255 1971//255 460//255 448//255 449//255 453//255 461//255 462//255 457//255 458//255 463//255 465//255 459//255 477//255 479//255 472//255 469//255 470//255 468//255 471//255 466//255 1054//255 467//255 1887//255 1961//255 1962//255 1966//255 1965//255 1917//255 1125//255 1232//255 1233//255 1124//255 1737//255 1055//255 1128//255 1738//255 1174//255 1294//255 1287//255 1173//255 1171//255 1087//255 1172//255 1276//255 1061//255 1059//255 1060//255 1269//255 1079//255 537//255 536//255 530//255 529//255 501//255 603//255 936//255 934//255 933//255 952//255 789//255 790//255 813//255 953//255 957//255 848//255 816//255 959//255 961//255 847//255 1659//255 384//255 1657//255 1666//255 592//255 1669//255 1668//255 590//255 1665//255 1672//255 1674//255 1683//255 1682//255 706//255 702//255 701//255 700//255 699//255
f 983//256 1840//256 1822//256 966//256 1022//256 1003//256
f 1089//257 1231//257 1101//257 1103//257 1105//257 1020//257 673//257 733//257 977//257 975//257 976//257
f 1153//259 347//259 342//259 1081//259
f 571//264 594//264 578//264 573//264
f 67//1 39//1 66//1
f 102//265 91//265 83//265 84//265 98//265
f 66//1 86//1 67//1
f 87//1 88//1 86//1
f 169//266 2692//266 2679//266 2416//266
f 1234//23 1236//23 1239//23 1238//23
f 99//1 104//1 101//1
f 102//267 98//267 103//267
f 2290//268 2743//268 2356//268 2354//268
f 1680//269 735//269 1082//269 1080//269 1084//269 1588//269 1612//269
f 108//2 256//2 257//2 260//2 273//2 271//2 263//2 264//2 265//2 266//2 262//2 269//2 267//2 268//2 1681//2 119//2 120//2 121//2 115//2 116//2 117//2 272//2 261//2 112//2 114//2
f 128//1 130//1 127//1
f 2462//93 2467//93 2526//93 2524//93
f 198//1 165//1 197//1
f 197//1 196//1 198//1
f 1140//2 484//2 523//2 671//2
f 242//272 243//272 234//272
f 182//2 57//2 383//2 259//2 302//2 171//2
f 270//274 278//274 281//274
f 1393//275 1392//275 1391//275 1474//275 1475//275 1476//275 1477//275 1478//275 1479//275 1480//275 1520//275 1521//275 1518//275 1407//275 1410//275 1409//275 1396//275 1395//275
f 1150//276 1151//276 1115//276 1766//276 1793//276 1792//276 1791//276 1679//276 1684//276 1680//276 1612//276 1588//276 1656//276 1660//276 1587//276 1586//276 1269//276 1060//276 1061//276 1276//276 1172//276 1290//276 1289//276 1291//276 1169//276 1050//276 203//276 210//276 345//276 349//276 350//276 324//276 1167//276
f 2108//1 2110//1 294//1
f 1148//277 350//277 349//277
f 2106//2 294//2 290//2 289//2 305//2 322//2 330//2 369//2 371//2
f 335//1 336//1 339//1
f 210//1 343//1 344//1
f 210//23 1149//23 343//23
f 344//1 343//1 348//1
f 344//1 348//1 345//1
f 345//1 210//1 344//1
f 550//279 549//279 500//279 574//279
f 343//2 1149//2 348//2
f 324//280 325//280 345//280 349//280 350//280
f 348//1 349//1 345//1
f 349//1 345//1 344//1
f 349//1 348//1 1148//1
f 363//1 364//1 362//1
f 364//1 368//1 362//1
f 1451//23 1449//23 1444//23 1445//23 1448//23 1265//23 1267//23 1266//23 1453//23 1454//23
f 356//1 368//1 363//1
f 364//1 363//1 368//1
f 376//1 378//1 377//1
f 218//282 792//282 791//282 850//282 2428//282 2441//282 965//282 928//282 930//282 931//282 849//282 334//282 302//282 259//282 258//282 382//282 32//282 183//282 170//282 303//282 219//282 1052//282
f 435//1 436//1 434//1
f 436//283 435//283 447//283
f 466//2 471//2 468//2 470//2 469//2 472//2 467//2 1054//2
f 2156//284 123//284 1390//284 1388//284 1411//284 1626//284 2120//284
f 434//1 165//1 435//1
f 436//183 447//183 199//183 736//183
f 482//23 481//23 522//23 521//23
f 580//285 619//285 506//285 572//285 556//285
f 1671//286 2303//286 1063//286 1077//286
f 552//1 508//1 553//1
f 1157//287 687//287 678//287 526//287 487//287 1145//287
f 489//288 532//288 539//288 490//288 488//288
f 1670//289 1073//289 1078//289 2304//289
f 553//1 554//1 552//1
f 1544//292 1538//292 1444//292 1449//292
f 556//293 582//293 583//293
f 556//294 581//294 580//294
f 586//23 573//23 578//23
f 586//1 578//1 579//1
f 586//1 579//1 585//1
f 575//297 594//297 571//297 573//297 586//297 598//297
f 587//257 619//257 580//257 581//257 556//257 583//257 582//257 571//257 579//257 595//257 894//257 917//257 918//257 895//257 885//257 889//257
f 606//1 609//1 616//1
f 609//1 610//1 616//1
f 610//1 612//1 616//1
f 616//1 615//1 614//1
f 614//1 613//1 616//1
f 624//298 620//298 626//298
f 2281//299 2284//299 1632//299 1633//299 1631//299 1604//299 1603//299 1605//299 1619//299 1614//299 1616//299 1611//299
f 230//300 229//300 823//300
f 541//1 635//1 637//1
f 635//301 541//301 644//301 612//301 611//301 608//301 607//301 690//301
f 667//1 661//1 641//1
f 662//55 339//55 336//55 188//55 2121//55 3//55 2//55 641//55 661//55
f 2695//302 2731//302 2733//302
f 670//303 732//303 631//303
f 675//55 390//55 677//55
f 685//37 687//37 684//37
f 687//1 683//1 684//1
f 683//1 687//1 1157//1
f 678//1 676//1 1142//1 1145//1 1157//1 687//1
f 684//1 685//1 1157//1
f 683//37 684//37 1157//37
f 686//1 687//1 1157//1
f 685//1 686//1 687//1
f 677//2 678//2 687//2 686//2 685//2 684//2 683//2 1160//2 1158//2 1157//2 1145//2 1144//2
f 685//1 686//1 1157//1
f 1874//305 1875//305 1852//305 1850//305 1849//305
f 1837//306 1858//306 1845//306 1790//306 1787//306
f 1584//1 746//1 747//1
f 1074//46 2698//46 2641//46 2411//46
f 2033//307 2041//307 2042//307
f 754//2 760//2 1192//2
f 760//308 757//308 737//308 735//308 1680//308 1656//308
f 168//2 822//2 798//2 795//2 794//2 181//2
f 778//310 783//310 781//310
f 56//312 2611//312 1800//312 1799//312 1801//312 2615//312 1893//312 1894//312 2408//312 2404//312 1892//312 2517//312
f 800//313 793//313 730//313 755//313
f 800//314 755//314 2830//314 167//314 821//314
f 830//315 733//315 673//315
f 808//1 805//1 806//1
f 1426//23 1417//23 1420//23 1421//23 1412//23 1415//23 1416//23 1414//23 1413//23 1430//23 1435//23 1401//23 1385//23 1383//23 1379//23 1380//23 1381//23 1382//23 1374//23 1422//23 1372//23 1373//23 1378//23 1384//23 1386//23 1387//23 1375//23 1376//23 1427//23 1428//23 1429//23 1423//23 1424//23 1425//23
f 168//317 231//317 822//317
f 2427//318 844//318 169//318 2416//318 2417//318 166//318 280//318 276//318 165//318 434//318 148//318 146//318 1241//318
f 872//99 480//99 547//99
f 891//319 886//319 923//319
f 630//320 540//320 643//320 615//320 616//320 632//320
f 885//321 895//321 2489//321 2499//321 2488//321 2472//321 767//321 768//321
f 892//1 901//1 902//1
f 905//1 902//1 901//1
f 205//276 1046//276 1129//276
f 2141//2 2137//2 2140//2 1628//2
f 574//323 500//323 588//323 888//323 887//323 912//323 914//323 913//323
f 939//1 941//1 940//1
f 115//272 121//272 120//272 1381//272 1380//272 1379//272 1383//272 1385//272 117//272 116//272
f 594//324 595//324 578//324
f 579//1 578//1 595//1
f 960//326 959//326 816//326 848//326 956//326
f 848//1 957//1 956//1
f 1730//328 1731//328 997//328
f 1005//78 1006//78 909//78 902//78 905//78 906//78 984//78 999//78
f 989//1 985//1 990//1
f 987//1 982//1 988//1
f 993//1 992//1 982//1
f 992//329 988//329 982//329
f 2725//330 2692//330 169//330 844//330 144//330 145//330 146//330 148//330 434//330 436//330 736//330 730//330 793//330 795//330 798//330 797//330 796//330 180//330 167//330 2830//330 41//330 231//330 168//330 181//330 794//330 823//330 229//330 230//330 331//330 356//330 363//330 362//330 179//330 133//330 151//330 183//330 32//330 382//330 258//330 259//330 383//330 57//330 182//330 247//330 223//330 224//330 341//330 340//330 329//330 333//330 353//330 2699//330 2695//330 2733//330 2731//330 647//330
f 998//2 1023//2 1024//2
f 737//331 751//331 754//331 1192//331 759//331 758//331 742//331
f 550//332 574//332 913//332 878//332 879//332 880//332 863//332 912//332 887//332 867//332 568//332 570//332 588//332 500//332 549//332
f 1043//1 1058//1 1044//1
f 1936//333 184//333 1924//333
f 707//2 703//2 699//2
f 697//2 692//2 694//2
f 1093//1 1094//1 1096//1
f 1630//334 2282//334 1611//334 1616//334 1622//334 1608//334 1609//334 1605//334 1603//334
f 1100//1 1107//1 1102//1
f 1088//128 979//128 978//128 980//128 732//128 670//128 1021//128 1106//128 1104//128 1107//128 1100//128 1170//128 1240//128
f 1104//1 1102//1 1107//1
f 1135//1 1134//1 1062//1
f 1138//1 1136//1 1062//1
f 1136//335 1135//335 1062//335
f 1728//336 1727//336 1726//336 2342//336 949//336 940//336 941//336 986//336 985//336 989//336 995//336 1113//336 347//336 1153//336 1747//336 1748//336 1744//336 1742//336 946//336 2316//336 2330//336 1720//336 1722//336 1723//336
f 1658//337 1657//337 384//337 1659//337
f 2717//338 2716//338 2708//338
f 325//339 1167//339 1150//339 1149//339
f 1150//1 1151//1 1149//1
f 1151//1 1154//1 1149//1
f 683//1 1157//1 1158//1
f 1160//37 1157//37 1158//37
f 675//37 677//37 1144//37 1143//37
f 683//1 1158//1 1160//1
f 683//1 1157//1 1160//1
f 1148//23 348//23 1149//23
f 1150//340 1167//340 325//340 1148//340 1151//340
f 1167//23 325//23 324//23
f 1192//341 1188//341 777//341 812//341 810//341 1201//341 737//341 743//341 759//341
f 796//23 797//23 821//23 167//23 180//23
f 1211//342 1209//342 1212//342
f 1210//1 1209//1 1211//1
f 1695//274 1769//274 1700//274 1663//274
f 1271//1 1272//1 1176//1
f 1046//347 205//347 1323//347 1486//347 1487//347 1485//347 1315//347 1320//347 1215//347 1212//347 1209//347
f 1050//336 1208//336 1216//336 1322//336 1314//336 1437//336 1498//336 1496//336 1394//336 203//336
f 625//320 623//320 846//320 853//320
f 1087//348 1173//348 1287//348 1290//348 1172//348
f 1286//1 1291//1 1288//1
f 1288//1 1291//1 1289//1
f 1285//1 1292//1 1291//1
f 1293//1 1291//1 1292//1
f 1681//1 268//1 267//1 1420//1 1422//1 1374//1 1382//1 1381//1 120//1 119//1
f 675//23 524//23 483//23 1143//23
f 325//350 1149//350 210//350 345//350
f 299//43 1897//43 2118//43 2116//43 2117//43 1254//43 817//43 7//43 6//43 2321//43
f 142//351 593//351 627//351 1069//351
f 1388//23 1392//23 1393//23 1395//23 1396//23 1409//23 1410//23 1407//23 1403//23 1408//23 1411//23
f 370//352 365//352 356//352 366//352 367//352
f 938//353 945//353 982//353 987//353 1442//353 871//353 1440//353 1439//353 1438//353 1437//353 1314//353 1582//353 1581//353 1583//353
f 1448//354 1436//354 1377//354 1686//354 274//354 275//354
f 1435//355 273//355 272//355 117//355 1385//355 1401//355
f 1323//1 1484//1 1486//1
f 1419//37 1418//37 1523//37 1524//37 1456//37 1457//37 1458//37 1463//37 1378//37 1373//37 1372//37
f 1510//216 1554//216 1166//216
f 135//357 1686//357 1377//357 1402//357 1390//357 123//357
f 2725//358 2723//358 2724//358 2722//358 2727//358 219//358 303//358 170//358 183//358 151//358 133//358 179//358 182//358 171//358 238//358 241//358 240//358 236//358 242//358 234//358 243//358 346//358 131//358 132//358 1237//358 1235//358 1234//358 1238//358 1239//358 1236//358 2430//358 2434//358 2425//358 2423//358 2403//358 1891//358 2407//358 2408//358 1894//358 1893//358 2615//358 2694//358 2680//358 2679//358 2692//358
f 1655//259 1662//259 1660//259 1656//259 1680//259 1684//259
f 1554//1 1555//1 1279//1
f 1555//1 1554//1 1553//1
f 1554//1 1560//1 1553//1
f 1559//2 1553//2 1560//2
f 1562//1 1555//1 1553//1
f 1565//1 1563//1 1559//1
f 1565//1 1559//1 1566//1
f 1555//1 1562//1 1554//1
f 1560//23 1563//23 1565//23
f 1142//23 676//23 675//23 1143//23
f 154//301 134//301 155//301 153//301 2144//301 2145//301 2229//301 2264//301 2265//301 2295//301 2296//301 2268//301 2231//301 2183//301 2112//301 2099//301 2096//301 2097//301 2094//301 2085//301 2224//301 2227//301 2225//301 2263//301 2259//301 2260//301 2293//301 2299//301 2312//301 2307//301 2331//301 2256//301 2332//301 2333//301 2347//301 2348//301 2315//301 2305//301 2301//301 2287//301 2286//301 2275//301 2274//301 2806//301 2804//301 19//301 22//301 29//301 27//301 31//301 2346//301 2357//301 2744//301
f 2074//37 2282//37 1630//37 2202//37
f 1555//1 1554//1 1510//1
f 1129//360 1046//360 1209//360 1210//360 1206//360 1202//360 1204//360 1277//360 1315//360 1485//360 1297//360 1296//360 1295//360 1484//360 1323//360 205//360
f 1637//1 1641//1 1636//1
f 1651//361 1643//361 1652//361
f 1643//1 1640//1 1652//1
f 1651//362 1652//362 1653//362
f 1673//298 1672//298 1665//298 1668//298 1669//298 1666//298 1657//298 1658//298 1659//298 847//298 955//298
f 1108//363 2398//363 2399//363 2400//363
f 882//2 548//2 705//2 545//2 544//2
f 741//364 743//364 737//364 742//364
f 1699//365 1704//365 1717//365 1767//365
f 1717//366 1704//366 1702//366 1703//366
f 1733//367 1734//367 1729//367 1728//367 1723//367 1722//367 1721//367 1725//367
f 1732//1 1729//1 1734//1
f 1751//1 1750//1 1752//1
f 1756//1 1751//1 1752//1
f 1737//14 1124//14 1055//14
f 1127//2 1232//2 1125//2 1757//2 1126//2
f 1755//1 1756//1 1752//1
f 1747//1 1749//1 1748//1
f 2403//2 2407//2 1891//2
f 1779//1 1777//1 1784//1
f 1780//55 1092//55 1096//55 1094//55 967//55 804//55 808//55 806//55 970//55 1777//55 1779//55
f 280//369 1793//369 1766//369 276//369
f 1799//1 1800//1 1798//1
f 2477//41 2621//41 2686//41 2683//41 2627//41 2674//41 2676//41 2711//41 2712//41 2736//41 2746//41 2697//41 2592//41 2608//41 2606//41 2604//41 2599//41 2596//41 2573//41 2556//41 2546//41 2478//41 2548//41 2495//41 2485//41 1844//41 1775//41
f 1982//23 1973//23 1886//23
f 1325//43 1629//43 1453//43 1266//43 1267//43 1265//43 1448//43 275//43 1324//43 1326//43
f 1776//41 1774//41 1790//41 1845//41 1858//41 1851//41 1838//41
f 1873//318 1849//318 1765//318
f 1849//2 1873//2 1874//2
f 1862//372 1875//372 1874//372 1873//372 1765//372 1126//372 1757//372 1910//372 1909//372 1949//372 1929//372 1920//372 1913//372 1835//372
f 726//374 721//374 720//374
f 1700//375 1769//375 1703//375 1702//375
f 123//2 2156//2 2164//2 2165//2 135//2
f 1730//376 997//376 903//376 904//376 901//376 892//376 890//376 1903//376 1978//376 1959//376 1904//376 1930//376 1931//376 1999//376 2000//376 2021//376 2022//376 2019//376 2030//376 2034//376 1989//376 1877//376 1870//376 1856//376 1848//376 1846//376 1816//376 1817//376 1794//376
f 2044//2 1889//2 1896//2 2064//2 2056//2 2054//2
f 1916//377 1915//377 1918//377
f 1916//378 1918//378 1919//378
f 1927//1 1125//1 1922//1
f 1924//1 184//1 1921//1
f 1926//1 1920//1 1929//1
f 1935//2 186//2 294//2 2110//2 1955//2 1911//2 1946//2 1937//2
f 1939//1 1942//1 1953//1
f 1388//23 1390//23 1402//23 1377//23 1408//23 1403//23 1404//23 1405//23 1406//23 1397//23 1398//23 1399//23 1400//23 1389//23 1391//23 1392//23
f 2281//43 1611//43 2282//43
f 1886//1 1981//1 1982//1
f 1990//1 1995//1 2016//1
f 1995//381 1998//381 2016//381
f 2007//99 2008//99 548//99 882//99 1895//99 2062//99 2006//99 2014//99 2013//99
f 1998//383 2010//383 2016//383
f 2014//1 2015//1 2013//1
f 2023//384 2020//384 2024//384
f 2024//1 2020//1 2022//1
f 2045//385 2016//385 2010//385
f 2020//386 2027//386 2030//386
f 1678//387 1677//387 1676//387
f 2040//1 2041//1 2033//1
f 2039//1 2033//1 2042//1
f 2055//23 2057//23 2450//23 2063//23 2061//23 2062//23 1895//23 2016//23 2045//23 2053//23
f 2066//1 2063//1 2450//1
f 2067//1 2056//1 2064//1
f 2077//1 2078//1 2197//1
f 2064//388 1896//388 2367//388 2089//388 2084//388 2083//388 2065//388
f 2084//1 2082//1 2083//1
f 281//348 278//348 1791//348 1792//348
f 2103//1 2107//1 2104//1
f 2107//1 293//1 2109//1
f 212//389 213//389 2413//389 2418//389 2146//389 175//389
f 2267//2 2048//2 2050//2 2164//2 2156//2 2120//2 1626//2 1627//2 1686//2 135//2 2165//2 2257//2 1685//2
f 2103//1 2102//1 293//1
f 2107//23 2103//23 293//23
f 2108//1 294//1 2106//1
f 2106//14 371//14 370//14 367//14 2017//14 2147//14 1911//14 1955//14 1956//14 2105//14
f 2152//1 2046//1 2153//1
f 327//317 171//317 302//317 334//317 379//317 378//317 376//317 2169//317
f 1868//336 1952//336 1941//336 2160//336 1906//336 1820//336 1827//336 1829//336 1557//336 1556//336
f 2187//1 2568//1 2189//1
f 2186//1 2188//1 2569//1
f 2181//1 2186//1 2569//1
f 92//393 103//393 98//393 84//393 85//393
f 2182//1 2568//1 2187//1
f 2180//1 2181//1 2569//1
f 2670//2 2654//2 2647//2 2578//2 2581//2 2568//2 2182//2 2199//2 2205//2 2208//2 2788//2 2772//2
f 2209//1 2211//1 2210//1
f 2209//394 2210//394 2208//394
f 2211//395 2201//395 2206//395
f 2211//23 2206//23 2210//23
f 2208//1 2211//1 2209//1
f 2218//23 2217//23 2216//23
f 1777//55 2216//55 2217//55 2219//55 2220//55 2221//55 2222//55 1778//55 1784//55
f 2221//1 2220//1 2223//1
f 2052//2 2056//2 2067//2 2069//2 2071//2 2073//2 2080//2 2191//2 2189//2 2568//2 2475//2
f 2199//99 2182//99 2185//99 2088//99 2367//99 1259//99 2714//99 2769//99 2787//99 2788//99 2208//99 2210//99 2206//99 2201//99 2200//99 2205//99
f 2264//396 2229//396 2145//396 2266//396
f 2078//23 2074//23 2202//23 2197//23
f 522//398 481//398 488//398 490//398
f 2264//1 2266//1 2265//1
f 2525//55 2522//55 2523//55 2524//55 2526//55 2405//55 2406//55 2401//55 2402//55 2527//55 2528//55
f 464//348 201//348 633//348 622//348 604//348 520//348 74//348 75//348 77//348 79//348 95//348 93//348 96//348 105//348 109//348 111//348 128//348 127//348 107//348 35//348 36//348 2822//348 2778//348 2779//348 2782//348 567//348 2783//348 2786//348 2784//348 2800//348 2801//348 11//348 40//348 68//348 70//348 87//348 86//348 66//348 38//348 2826//348 2825//348 721//348 726//348 712//348 725//348
f 2266//1 2295//1 2265//1
f 2266//399 2297//399 2295//399
f 2296//400 2295//400 2297//400
f 2402//401 2401//401 2406//401 2405//401 1065//401 1066//401 1067//401 1068//401 2463//401 2464//401 2465//401 2459//401 2460//401 2462//401 2524//401 2523//401 2522//401 2525//401 2528//401 2527//401
f 692//402 697//402 2742//402 2290//402 623//402 625//402 2303//402 1671//402 1670//402 2304//402 2739//402 1677//402 1678//402 1675//402 698//402 693//402
f 2311//1 2314//1 2309//1
f 2323//1 2320//1 2319//1
f 1862//403 1835//403 1832//403 1776//403 1838//403 1851//403 1858//403 1837//403 1787//403 1130//403 1086//403 1127//403 1126//403 1765//403 1849//403 1850//403 1852//403
f 2307//1 2312//1 2308//1
f 2313//404 2308//404 2312//404
f 2308//1 2331//1 2307//1
f 2019//405 2022//405 2020//405 2030//405
f 2348//406 2347//406 2350//406
f 2350//407 2347//407 2349//407
f 132//2 131//2 1235//2 1237//2
f 2290//1 2354//1 2355//1
f 2353//1 2355//1 2354//1
f 473//317 440//317 465//317 463//317 438//317 439//317 462//317 461//317 427//317 428//317 460//317 1971//317 1970//317 1887//317 467//317 472//317 479//317
f 2364//1 2363//1 2366//1
f 2364//1 2366//1 2365//1
f 2371//1 2369//1 2384//1
f 2376//1 2379//1 2391//1
f 1140//409 671//409 678//409 687//409 684//409 683//409 1160//409 1158//409 1157//409 1145//409
f 2404//144 2408//144 2407//144 2403//144 2423//144 2424//144 1699//144 1767//144 2400//144 2399//144 2398//144
f 2383//1 2372//1 2382//1
f 2362//410 2382//410 2372//410
f 2363//1 2372//1 2383//1
f 2363//1 2383//1 2366//1
f 2394//411 2395//411 2396//411
f 2413//23 215//23 2433//23 2418//23
f 2432//2 214//2 2414//2 2419//2
f 811//412 809//412 810//412 812//412
f 1242//2 1241//2 146//2 145//2
f 2070//23 2068//23 2066//23 2450//23 2479//23 2569//23 2188//23 2190//23 2079//23 2072//23
f 2463//43 1068//43 1067//43 1066//43 1065//43 2467//43 2462//43 2460//43 2459//43 2465//43 2464//43
f 753//413 710//413 754//413 751//413
f 2500//414 2502//414 2488//414
f 2499//1 2500//1 2488//1
f 728//257 2454//257 836//257 835//257 2571//257 2420//257 2543//257 2507//257 2501//257 2468//257 2473//257 1589//257 819//257 820//257 827//257 826//257 1592//257
f 961//415 960//415 958//415 955//415 847//415
f 2520//55 2521//55 2518//55 2519//55
f 2429//1 2512//1 2513//1
f 2512//1 2515//1 2513//1
f 2514//416 2513//416 2515//416
f 2515//1 2530//1 2514//1
f 2514//1 2530//1 2531//1
f 2537//417 2538//417 2536//417
f 2536//418 2538//418 2759//418 2535//418 2758//418 2567//418 2564//418 2566//418 2561//418 2563//418 2753//418 2658//418 2531//418 2530//418 2515//418 2512//418
f 325//2 324//2 350//2 1148//2
f 2494//375 2548//375 2478//375 2546//375 2547//375 2570//375 2594//375 2595//375 2598//375 2603//375 2605//375 2607//375 2590//375 2591//375 2696//375 2745//375 2735//375 2709//375 2710//375 2675//375 2674//375 2627//375 2683//375 2687//375 2624//375 2476//375 1768//375 1772//375 1773//375 1775//375 1844//375 2484//375
f 2550//1 2552//1 2551//1
f 2552//1 2550//1 2554//1
f 2561//1 2562//1 2563//1
f 2561//1 2564//1 2562//1
f 2455//43 2461//43 2466//43 2456//43
f 780//420 782//420 783//420 778//420 791//420 792//420
f 1325//2 1326//2 1324//2 275//2 274//2 1686//2 2140//2 2137//2 2138//2 2139//2 2135//2 2212//2 2213//2 2141//2 1628//2 1629//2
f 2485//421 2484//421 1844//421
f 2412//46 1076//46 1070//46 2409//46
f 2633//422 2634//422 2638//422
f 2631//1 2633//1 2638//1
f 2634//1 2635//1 2638//1
f 2826//423 38//423 66//423 39//423
f 2640//1 2644//1 2643//1
f 648//317 2734//317 2726//317
f 2661//1 2664//1 2660//1
f 2663//1 2660//1 2664//1
f 758//426 1175//426 753//426 742//426
f 2680//308 2694//308 166//308 2417//308
f 127//427 130//427 129//427 107//427
f 2519//55 2682//55 2411//55 2641//55
f 2704//1 2364//1 2365//1
f 2704//1 2365//1 2705//1
f 1504//428 1505//428 1502//428
f 2724//310 2727//310 2722//310
f 2456//42 577//42 2682//42 2519//42
f 2704//1 2705//1 2730//1
f 2745//430 2746//430 2736//430 2735//430
f 2743//2 2290//2 2741//2
f 2742//23 2741//23 2290//23
f 2748//1 2740//1 2749//1
f 626//301 852//301 851//301 624//301
f 2759//1 2567//1 2758//1
f 2758//1 2535//1 2759//1
f 2748//1 2754//1 2740//1
f 2767//1 2766//1 2765//1
f 356//432 365//432 362//432 368//432
f 2765//1 2771//1 2767//1
f 2766//1 2771//1 2764//1
f 2771//1 2766//1 2767//1
f 953//434 813//434 790//434 789//434 952//434 933//434 1163//434 932//434 603//434 501//434 1164//434 532//434 531//434 527//434 533//434 538//434 539//434 1051//434 536//434 537//434 1079//434 696//434 695//434 1506//434 2718//434 2720//434 957//434
usemtl color_16768282
f 696//49 1079//49 1269//49 1586//49 1587//49 1660//49 1662//49 1661//49 1695//49 1663//49 1700//49 1702//49 1704//49 1699//49 2424//49 2423//49 2425//49 2434//49 2430//49 1236//49 1234//49 1235//49 131//49 346//49 222//49 218//49 1052//49 2728//49 780//49 1076//49 2412//49 2409//49 2520//49 2410//49 2122//49 1507//49 2129//49 2611//49 56//49 2517//49 1508//49 1506//49 695//49
f 1164//51 501//51 529//51 530//51 536//51 1051//51 539//51 532//51
f 936//1 603//1 932//1
f 1059//23 1061//23 1060//23
