# Blender 4.3.2
# www.blender.org
mtllib Great Shark Decimated.mtl
o obj_0
v 25.738001 -2.063196 51.081501
v -26.653999 -10.078898 31.328800
v -27.325100 -10.217698 30.788799
v -26.465900 -10.444798 31.327499
v -27.135900 -10.583298 30.787901
v 2.228900 -5.035499 12.423600
v -93.117996 -4.892997 40.212002
v 2.425400 -5.187999 12.897100
v 2.412100 -5.126999 12.864900
v -27.078100 -10.374598 31.734100
v -27.083401 -10.364098 31.734100
v -27.073999 -10.382597 31.734100
v -27.087099 -10.356897 31.734100
v 75.512604 -1.467699 11.814600
v 75.237396 -1.467699 12.205400
v -27.917000 -10.546098 31.010700
v -27.920401 -10.539498 31.010700
v -27.908199 -10.563398 31.010700
v -27.929199 -10.522099 31.010700
v 2.229000 -5.035499 12.423400
v 25.738001 -4.246696 50.966099
v -55.195202 4.457303 32.027302
v 2.408000 -4.945999 12.855000
v -89.866997 -3.174997 41.275002
v -89.489601 -3.174997 41.086102
v -89.429199 -2.400797 40.933102
v -88.900002 -2.849597 40.542999
v -27.956900 -10.550698 30.966499
v 11.957000 -0.144096 49.381699
v -89.317902 -4.291797 40.823299
v 74.218002 -1.491999 10.663000
v 74.204597 -1.430999 10.630800
v -55.496799 4.395202 31.734200
v -55.501598 4.405602 31.734200
v -55.505100 4.413002 31.734200
v -55.493099 4.387202 31.734200
v 25.738001 0.176704 48.414299
v 25.738001 -1.199797 44.822300
v -31.897499 4.828303 38.069401
v -31.903200 4.833703 38.062401
v -31.903299 4.833703 38.062302
v -33.736500 5.213003 38.831402
v -34.883999 5.247603 40.361599
v -85.855400 -4.703597 40.539001
v -28.630400 -10.689998 29.851601
v -28.604200 -10.690798 29.895100
v -28.610001 -10.679498 29.895100
v -28.537001 -10.670998 29.872499
v -85.938698 -4.687397 40.375900
v 1.399100 -5.183399 12.440300
v 1.329800 -5.187999 15.072200
v 1.301700 -5.183399 15.097900
v 1.205200 -5.187999 17.904200
v 1.177000 -5.183399 17.929800
v -88.900002 -3.632397 40.542999
v -88.900002 -4.129497 40.464298
v -88.900002 -4.129497 40.539001
v -34.280102 5.122703 39.625999
v -34.042000 5.262203 39.018600
v -34.033199 5.279603 39.018600
v -34.038502 5.269203 39.018600
v -55.058998 4.684402 31.327299
v -34.921001 5.255303 40.542999
v -34.921101 5.255403 40.542999
v -34.921799 5.255803 40.542999
v -34.921799 5.255803 40.539001
v 74.994301 -1.430999 9.644200
v 74.981003 -1.491999 9.612000
v -55.734100 4.557202 30.787901
v 74.998199 -1.435699 10.529700
v 74.623001 -1.491999 8.749000
v 74.636398 -1.430999 8.781200
v 74.619003 -1.673999 8.739000
v 75.365799 -1.437599 9.360400
v 75.606400 -1.437599 9.168400
v -33.419800 5.349903 39.280602
v -88.900002 -4.538497 40.542999
v -88.900002 -4.531897 40.400501
v -88.900002 -4.531897 40.539001
v 1.107800 -5.187999 20.562201
v 1.079700 -5.183399 20.587900
v -88.900002 -4.528997 40.576698
v -50.073700 5.479803 29.895000
v -50.094002 5.470002 29.852800
v -50.068600 5.468802 29.895000
v -50.000500 5.487503 29.872499
v -50.051201 5.490802 29.886999
v -50.051201 5.490702 29.886801
v -50.094002 5.470002 29.368000
v 0.608900 -5.183399 21.436701
v 0.706300 -5.183399 18.779100
v 0.599900 -5.187999 19.001400
v 11.957000 -0.843597 46.081799
v 0.650500 -5.180099 14.638900
v -34.696201 5.614303 40.361698
v 0.639000 -5.126999 14.611000
v -34.088699 5.488403 39.626999
v -34.871201 5.451203 39.483601
v -34.874699 5.444203 39.483601
v -34.862301 5.468703 39.483601
v -34.883400 5.427003 39.483601
v -33.734299 -11.694397 32.027500
v -34.029099 5.287403 39.018600
v -33.609001 -11.465899 31.328800
v -33.419800 -11.831898 31.326799
v 74.244102 -1.430999 7.832900
v 74.257401 -1.491999 7.864900
v 74.262001 -1.673999 7.876000
v -34.280102 -11.604698 30.788799
v -34.088699 -11.970398 30.787300
v -34.872002 -11.933098 31.010700
v -34.875401 -11.926498 31.010700
v -34.862999 -11.950898 31.010700
v -34.884201 -11.909098 31.010700
v 74.535599 -1.430999 8.537600
v 74.535599 -1.536099 8.537600
v 74.440300 -1.584099 8.307300
v 74.440201 -1.584099 8.307200
v 25.738001 -6.233796 47.387798
v -34.033100 -11.761597 31.734100
v -34.038399 -11.751097 31.734100
v -34.028999 -11.769597 31.734100
v -34.042099 -11.743897 31.734100
v 25.738001 -4.811597 44.822899
v -34.911900 -11.937698 30.966499
v -34.913101 5.456003 39.513401
v -51.196499 5.412602 29.368000
v -36.544899 5.945003 40.539001
v -51.022999 5.042902 29.364000
v -51.024601 5.042902 29.368000
v -51.023102 5.043202 29.364000
v -51.044998 5.039002 29.364000
v 0.830900 -5.183399 15.946700
v -36.652000 5.734803 40.539001
v 0.928300 -5.183399 13.289100
v 0.821900 -5.187999 13.511400
v 0.080600 -5.187999 20.006100
v -85.855400 -1.797397 40.539001
v -85.938103 -1.812697 40.378700
v -36.761002 5.584003 40.488998
v -36.732399 5.578003 40.539001
v -36.761002 5.584003 40.488998
v -36.761002 5.584003 40.488998
v -36.761002 5.584003 40.488998
v 11.957000 -0.452997 45.223999
v -52.459599 4.771903 29.368000
v -52.459900 4.771903 29.364000
v 13.374600 -0.376397 45.280899
v -88.900002 -2.371497 40.467300
v -88.900002 -2.371497 40.539001
v 73.846703 -1.430999 9.767800
v 73.860001 -1.491999 9.800000
v 73.841400 -1.430999 11.677700
v 73.843002 -1.435699 8.882300
v 11.957000 -0.966897 45.008499
v -36.811001 5.595003 40.395000
v 11.957000 -0.862497 44.981400
v 11.957000 -0.861897 44.981201
v 11.798700 -0.939697 44.944599
v 2.264000 0.061003 39.532001
v -36.587002 5.954003 39.078999
v 4.672000 -0.327997 41.275002
v -88.946503 -1.977997 40.624802
v -56.345699 4.441803 29.646099
v -88.900002 -1.961297 40.598900
v -88.900002 -1.945497 40.542999
v -88.946503 -1.977997 40.624699
v -88.900002 -1.969097 40.403500
v -88.900002 -1.969097 40.539001
v 73.813004 -1.491999 18.846001
v 73.799698 -1.430999 18.813801
v 73.803200 -1.435699 11.679400
v 0.087900 -5.181098 17.363100
v 75.190903 -5.181098 20.228100
v 0.554400 -5.187999 17.300200
v 0.541000 -5.126998 17.268000
v 74.892601 -5.181098 20.261801
v -35.585400 -12.076998 29.851601
v -35.559200 -12.077798 29.895100
v -35.564999 -12.066498 29.895100
v -35.492001 -12.057998 29.872499
v 3.324600 -1.491797 40.542999
v 0.072400 -5.187999 19.270201
v 0.059000 -5.126998 19.238001
v 0.284400 -5.151399 14.675200
v 0.079500 -1.321597 40.361900
v 0.123000 -1.023997 38.039001
v 75.657402 -5.187999 20.165199
v 75.643997 -5.126998 20.132999
v 74.564003 -5.126998 17.524000
v 74.552299 -5.180199 17.495899
v -57.060001 4.087003 40.539001
v 74.918098 -5.151299 17.458900
v 0.000900 -5.035398 15.963900
v 75.387802 -5.151299 17.540400
v 0.001100 -5.035398 15.963600
v 0.197700 -5.187999 16.437799
v 0.184400 -5.126998 16.405701
v -33.019001 -11.343699 29.368000
v -33.046001 -11.349298 29.368000
v -33.047298 -11.349598 29.364000
v 74.920898 -5.126998 18.387100
v 74.907600 -5.187999 18.354900
v 74.925003 -4.945999 18.396999
v 0.078400 -5.045299 13.258000
v 0.078400 -5.187999 13.258000
v 0.098200 -5.035399 13.306000
v 0.098300 -5.035399 13.306000
v 0.294800 -5.187999 13.779900
v 0.281400 -5.126999 13.747700
v 0.277000 -4.945999 13.737000
v -35.585400 5.595003 40.539001
v -34.883999 -11.729598 29.646000
v -34.696201 -12.096298 29.645700
v -0.145500 -1.679897 40.539001
v -0.124100 -1.684297 40.358398
v -0.109000 -1.687397 40.361599
v -34.921001 -11.737298 29.364000
v -34.921101 -11.737398 29.364000
v -0.126200 -1.678097 40.357399
v -34.921799 -11.737798 29.368000
v -34.921799 -11.737798 29.364000
v -0.245900 -1.318098 29.738300
v -0.262500 -1.304598 29.745100
v -35.585400 -12.076998 29.368000
v -36.731899 -12.059898 29.368000
v -0.809000 -1.321498 29.736500
v -35.565399 5.584703 40.201401
v -35.585400 5.595003 40.228600
v -35.559799 5.595703 40.201401
v -0.809000 -1.321498 29.368000
v -35.492001 5.576003 40.216000
v -2.053900 -1.318198 29.738199
v -1.877400 -0.948898 29.926399
v -35.177399 5.459603 37.306099
v -1.768900 -0.971598 29.368000
v -54.883701 4.296103 39.281799
v 75.103897 -5.035398 18.828899
v 75.300697 -5.187999 19.302799
v 75.287399 -5.126998 19.270700
v 75.104103 -5.035398 18.828600
v 11.173000 -5.247298 25.090900
v 12.299600 -5.077098 24.681999
v 12.299600 -5.076998 24.681999
v 12.299600 -5.076998 24.681999
v 12.295700 -4.995698 24.672600
v 12.216700 -5.005698 24.696899
v 14.052600 -6.997998 24.698799
v 12.568300 -5.187998 23.043400
v 12.568200 -5.187998 23.043400
v 12.565300 -5.187998 23.036400
v 12.564100 -5.187998 23.033300
v 11.662700 -5.187998 23.143900
v 12.535400 -5.187998 23.037399
v 12.196400 -5.187998 24.433001
v 12.019700 -5.187998 24.006800
v -0.086800 -4.808397 40.542999
v 11.676000 -5.126998 23.176001
v -0.140500 -4.819197 40.355000
v -0.109400 -4.812797 40.361401
v -35.179100 5.478403 34.397301
v -56.172501 4.053203 40.361801
v -56.206902 4.046703 40.354801
v -55.558102 4.168903 39.627499
v -1.956900 -1.338098 29.368000
v -56.344601 4.225603 39.483601
v -56.341702 4.219603 39.483501
v -56.352600 4.242903 39.483601
v -56.333401 4.201603 39.483501
v -56.377499 4.216103 39.508598
v 74.647697 -5.187999 14.833900
v 74.661003 -5.126999 14.866000
v 75.115700 -5.180999 14.771700
v -36.544498 -12.426898 29.368000
v 75.411697 -5.180999 14.738300
v -0.143400 -4.819997 40.542999
v -0.143400 -4.819997 40.542999
v -0.143600 -4.820097 40.542999
v -0.143600 -4.820097 40.539001
v -0.144700 -4.831897 40.353001
v 75.181396 -5.045299 16.122999
v 75.181396 -5.187999 16.122999
v 75.201202 -5.035398 16.171000
v 75.004700 -5.187999 15.696800
v 75.017998 -5.126999 15.729000
v 75.201302 -5.035398 16.171000
v -2.338800 -1.259198 29.768299
v -2.278500 -0.865898 29.968700
v 51.331001 -9.900097 38.493999
v 50.567699 -10.845798 37.377998
v 12.130700 -5.180998 23.081699
v -57.040501 4.096403 40.201401
v -56.966999 4.104503 40.216000
v -57.035599 4.085803 40.201401
v -57.060001 4.087003 40.227402
v -57.006100 4.084503 40.206799
v -57.006100 4.084503 40.206799
v 12.426700 -5.180998 23.048300
v 12.563000 -5.182898 23.030701
v 12.563000 -5.182898 23.030701
v 12.555700 -5.149398 23.013100
v 12.196400 -5.045298 24.433001
v -30.559401 -11.819298 28.969000
v 75.397797 -5.187999 16.645000
v -30.195000 -12.095598 28.969000
v 75.384399 -5.126998 16.612700
v 12.033000 -5.126998 24.039000
v -20.732500 -4.340598 24.637199
v 12.846400 -5.048398 23.715099
v -0.604600 -1.491898 20.523001
v -0.591300 -1.430998 20.555201
v 12.846500 -5.048398 23.715099
v 12.216200 -5.035398 24.481001
v 12.216300 -5.035398 24.481001
v -2.499500 -1.430999 15.948100
v -2.512700 -1.491899 15.916100
v -1.327500 -1.491899 18.777700
v -1.340800 -1.430999 18.745501
v -3.236100 -1.491899 14.169600
v -3.249400 -1.430999 14.137500
v -3.301000 -1.430999 14.013000
v -1.172200 -1.430999 13.131100
v -0.552700 -1.430999 17.759199
v -26.063999 -9.956698 29.368000
v -26.091000 -9.962298 29.368000
v -26.092300 -9.962598 29.364000
v 36.509998 -7.932497 46.132198
v 36.509998 -7.974797 46.114799
v -56.605099 4.122403 37.306801
v 74.774300 -5.180299 12.005900
v 74.786003 -5.126999 12.034000
v 75.140099 -5.151299 11.968900
v -33.734299 5.230902 32.027500
v -27.744301 -10.709198 29.646601
v 75.609398 -5.151399 12.050200
v -27.929001 -10.342598 29.646000
v 75.129601 -5.187999 12.864900
v 75.142899 -5.126999 12.897100
v 75.147003 -4.945999 12.907000
v 11.386200 -5.183398 24.498199
v 75.325897 -5.035399 13.338900
v 75.522797 -5.187999 13.812800
v 75.326103 -5.035399 13.338600
v 75.509399 -5.126999 13.780700
v -56.605000 4.140802 34.397900
v -0.728100 -1.430999 14.204100
v -1.120400 -1.430999 13.255800
v 13.046300 -5.183398 24.464100
v -1.019600 -1.430999 13.499400
v 13.193000 -5.654998 24.551701
v -1.303300 -1.430999 15.948800
v 14.203200 -5.654998 24.267000
v 12.997700 -5.187998 24.506100
v -41.681000 -2.849597 40.542999
v -41.681000 -3.240997 40.605000
v -41.674999 -3.240997 40.605000
v -41.674999 -2.849597 40.542999
v -41.674999 -3.632397 40.542999
v -41.681000 -3.632397 40.542999
v 13.153200 -5.156698 24.455601
v 3.057300 -5.044898 29.364000
v 3.043900 -5.187998 29.331600
v 3.057200 -5.127098 29.363800
v -27.966700 -10.350698 29.364000
v -27.966801 -10.350798 29.368000
v -27.966801 -10.350798 29.364000
v -1.818300 -1.430999 15.422000
v -28.630400 -10.689998 29.368000
v 3.139200 -5.085897 29.561701
v 3.139200 -5.086098 29.561701
v 3.521100 -5.187998 29.263800
v 3.521100 -5.187998 29.263800
v -29.572500 -11.618299 28.969000
v 3.481800 -5.156198 29.285999
v 3.481800 -5.156298 29.285999
v 3.232800 -5.187998 29.519300
v 7.400700 -5.187998 24.908899
v -29.776899 -10.672898 29.368000
v -29.589500 -11.039898 29.368000
v 8.633300 -5.187998 24.750200
v 7.758200 -5.187998 25.772100
v 48.372002 -12.362797 34.371101
v 48.461899 -12.328697 34.360298
v 48.461601 -12.328697 34.360298
v 74.869698 -5.188000 9.343900
v 74.883003 -5.126999 9.376000
v 75.633698 -5.181000 9.248300
v 75.337601 -5.181000 9.281700
v 7.414000 -5.126998 24.941000
v 7.870100 -5.180998 24.846600
v -0.181400 -1.437599 17.475599
v 75.239998 -5.126999 10.239000
v 75.226700 -5.187999 10.206800
v -30.195000 -10.200998 20.862000
v -0.566000 -1.491999 17.726999
v 75.620300 -5.187999 11.155200
v -0.548800 -1.435699 18.644699
v 8.166100 -5.181098 24.813200
v -41.674999 -2.459498 27.874201
v -41.681000 -2.460798 27.871500
v -29.589500 4.576902 29.368000
v -54.886501 4.314502 31.326700
v -55.561901 4.187202 30.787701
v -56.334202 4.220102 31.010799
v -56.342400 4.237702 31.010799
v -56.345402 4.244203 31.010799
v -56.353600 4.261703 31.010799
v -56.381401 4.233802 30.967899
v 8.620000 -5.126998 24.718000
v 7.771600 -5.126998 25.804300
v 7.124700 -5.183398 26.262899
v -0.741400 -1.491999 14.172100
v -33.423698 -8.569398 22.303801
v -0.372400 -1.439099 15.061900
v 9.941100 -5.187998 25.014299
v 9.889500 -5.187998 24.889799
v -0.384000 -1.491999 15.034000
v 75.607002 -5.126999 11.123000
v -0.509500 -1.435699 15.847600
v -0.087600 -1.467599 14.829900
v 75.678101 -5.171299 8.162000
v 75.678101 -5.100500 8.162000
v 7.938000 -2.527896 52.957001
v 7.938000 -2.554996 53.615002
v 21.541201 -3.905996 53.904598
v 21.505600 -3.905996 53.927299
v 21.542000 -2.102996 53.904099
v 21.506399 -2.102996 53.926800
v 21.792700 -3.019396 55.887100
v 21.792700 -2.990096 55.887100
v 21.792700 -2.902996 55.887100
v 21.792700 -3.106496 55.887100
v 20.700899 -3.004796 54.358501
v 20.738001 -3.032296 54.416401
v 20.738001 -2.977196 54.416401
v 20.577400 -3.004796 53.658600
v 20.699800 -3.004996 53.637001
v 20.809799 -3.004796 54.370602
v 9.955900 -5.171298 25.049999
v 9.955900 -5.100498 25.049999
v 9.902900 -5.126998 24.922100
v 21.439501 -2.102996 53.547501
v 21.009501 -2.554996 53.615002
v 20.750500 -2.822196 53.628101
v 20.750299 -3.187196 53.628101
v 21.438601 -3.905996 53.547798
v 64.628403 -12.699997 31.750002
v 11.957000 -1.671996 53.439999
v 11.957000 -2.108996 53.549000
v 11.957000 -3.900996 53.549000
v 11.957000 -4.338996 53.439999
v 11.957000 -4.762996 53.287998
v 7.954800 -5.035398 26.246201
v 11.957000 -2.686896 51.215599
v 7.955200 -5.035398 26.245800
v -33.607800 5.002102 31.327700
v -57.040100 4.115702 29.895100
v -57.060001 4.106002 29.853600
v -57.035000 4.104803 29.895100
v -33.421001 5.368803 31.327600
v -56.966999 4.123502 29.872499
v 75.692902 -5.188000 8.197700
v -34.278999 5.141102 30.788401
v 11.957000 -1.670996 53.439999
v 74.718300 -5.183400 7.865100
v -1.019600 -1.536099 13.499400
v -1.107000 -1.491999 13.288000
v -57.006100 4.103403 29.886801
v -57.006100 4.103403 29.886801
v -55.529999 4.333802 27.415701
v -0.326800 -1.435699 13.154700
v -1.290000 -1.491999 15.981000
v -57.060001 4.106002 29.368000
v -56.172001 4.072103 29.645399
v 9.255800 -5.183398 25.379801
v -38.853699 -12.698497 33.214001
v 73.025002 -7.862397 37.131001
v 8.007100 -5.061398 26.370899
v 8.003200 -5.011398 26.361700
v -34.090900 5.507302 30.787901
v -34.875401 5.463502 31.010700
v -34.872200 5.469603 31.010700
v -34.863201 5.487402 31.010700
v -34.884201 5.446103 31.010700
v -56.206299 4.065702 29.656401
v -34.033100 5.298603 31.734100
v -2.457300 -1.435699 14.037600
v -1.521500 -1.435699 14.304400
v 74.593697 -5.183399 10.697900
v 15.997900 -0.958999 19.122400
v 0.958600 -1.430999 12.248400
v 7.174000 -0.958999 19.781000
v 4.914200 -1.430999 14.326400
v 5.615900 -1.430999 16.020000
v 6.823200 -1.430999 18.934299
v 6.830700 -1.430999 18.952299
v 6.830700 -1.430999 18.952299
v 12.052100 -0.958998 21.803699
v 8.550000 -0.958998 21.457001
v 10.622800 -0.958999 18.352900
v 11.203800 -1.430998 22.037300
v 11.203900 -1.430998 22.037201
v 11.278800 -1.430998 19.936800
v 8.665000 -1.430998 21.526199
v 8.665000 -1.430998 21.526199
v 7.656700 -1.430998 20.612801
v 10.624900 -0.958999 18.351999
v -34.038399 5.288102 31.734100
v -34.029202 5.306102 31.734100
v -34.042301 5.280502 31.734100
v 74.523903 -5.187999 13.329900
v 74.496101 -5.183399 13.355300
v -34.909100 5.473902 30.969999
v -41.681000 -12.693997 43.091000
v -34.883801 5.266502 29.646000
v 73.025002 -9.427998 35.321999
v 73.025002 -8.291997 36.800999
v 73.025002 -8.655597 36.327599
v 73.025002 -8.881297 36.033798
v 73.025002 -9.773197 34.487801
v 73.025002 -9.776397 34.480000
v 73.025002 -10.140997 33.598999
v 10.133900 -5.187998 25.479099
v 10.133400 -5.187998 25.479300
v 10.125700 -5.055398 25.459499
v -34.695599 5.632402 29.645599
v 10.122900 -5.016698 25.453899
v 11.030200 -5.178898 25.133900
v 11.030300 -5.178898 25.133900
v 5.270600 -5.187998 25.791800
v -46.132198 -12.699097 37.992298
v 12.229200 -0.958998 22.225000
v 74.371201 -5.183399 16.188200
v -47.917500 -12.161098 39.281898
v 11.281300 -1.430998 19.936501
v -48.093102 -12.530297 39.280102
v 74.274101 -5.183399 18.845301
v 73.025002 -7.862398 26.368999
v 73.025002 -10.384997 31.750000
v 73.025002 -10.140998 29.900999
v 73.025002 -9.776398 29.020000
v 73.025002 -9.773198 29.012199
v 21.695999 11.521003 32.818001
v 21.695999 11.259003 33.328999
v 7.350400 -1.430998 21.654100
v 8.566800 -1.430998 21.696600
v 6.958400 -1.430998 20.705700
v 7.193800 -1.430998 21.275200
v 6.502400 -5.187998 25.633101
v 73.025002 -9.427999 28.177999
v 73.025002 -8.881298 27.466200
v 73.025002 -8.655598 27.172400
v 73.025002 -8.291998 26.698999
v -35.559299 5.614302 29.895000
v -35.584499 5.613503 29.853201
v -35.564800 5.603403 29.895000
v -35.491100 5.594502 29.872299
v -35.529400 5.615202 29.886499
v -35.529400 5.615202 29.886400
v 5.627600 -5.187998 26.654900
v -35.584499 5.613503 29.368000
v 6.145700 -5.187998 24.769899
v -47.617802 -12.419097 38.526199
v -47.539799 -12.475797 38.589600
v 73.803101 -5.183299 19.695101
v -36.544498 5.963902 29.368000
v -36.731899 5.596902 29.368000
v 73.900703 -5.183399 17.036900
v 73.829300 -5.187999 12.858900
v 7.938000 1.285704 50.206600
v -47.618500 -12.419197 38.525799
v 7.938000 0.815004 51.596001
v 7.938000 1.563204 49.519600
v 7.938000 1.501004 49.939999
v 11.957000 1.500004 49.939999
v 11.957000 1.391004 50.376999
v 11.957000 1.046004 51.209000
v 11.957000 0.546004 51.958000
v 11.957000 1.391004 47.709999
v 6.600600 -1.430998 19.842800
v 11.957000 1.501004 49.939999
v 11.957000 0.815004 51.596001
v 6.634900 -1.430999 18.955601
v -48.527199 -12.233997 39.018600
v -48.530701 -12.241697 39.018600
v -48.535198 -12.251597 39.018600
v -48.538601 -12.258897 39.018600
v 4.984200 -1.430998 21.966801
v 4.827600 -1.430998 21.587900
v -48.768398 -12.402997 39.626598
v 5.617300 -1.430998 20.602100
v -49.380100 -12.287597 40.361401
v -49.414902 -12.280997 40.354301
v 5.021900 -5.187998 27.119900
v 4.372300 -5.187998 26.515200
v 3.139700 -5.187998 26.674801
v 5.259400 -1.430998 19.739201
v 3.889400 -5.187998 28.485201
v 6.309500 -1.430998 20.060699
v 3.621700 -5.187998 24.704800
v 4.884000 -1.430999 18.834000
v 3.857800 -5.187998 25.274200
v 4.866700 -1.430999 18.790800
v 22.111000 8.600503 38.598999
v 73.025002 -8.225997 36.800999
v 73.025002 -9.474998 35.118000
v 73.844704 -5.180299 12.896100
v 73.025002 -9.774997 34.484001
v 73.025002 -10.010997 33.824001
v 73.833000 -5.126999 12.868000
v 73.025002 -8.696997 36.282001
v -26.093000 3.480703 40.542999
v -26.068800 3.475703 40.539001
v -26.090900 3.480303 40.539001
v -26.653999 3.596903 39.279301
v 74.025299 -5.183399 14.204100
v -26.715000 3.609503 40.542999
v 73.025002 -10.318997 31.750000
v 73.025002 -10.010998 29.676001
v 20.590000 8.250003 39.042000
v 22.111000 8.902903 37.377998
v 5.621100 -1.430999 18.691500
v 73.971298 -5.187999 10.068100
v 5.441900 -1.430999 17.046301
v 73.958000 -5.126999 10.036000
v 73.025002 -9.774998 29.016001
v -48.235001 -12.302797 38.833599
v 73.025002 -9.474998 28.382000
v 73.025002 -8.696998 27.218000
v 73.025002 -8.225998 26.698999
v -27.325100 3.735703 39.625999
v 61.915001 -7.934997 39.724998
v 61.915001 -7.934997 38.493999
v 5.265600 -1.430999 16.620001
v 61.915001 -8.375097 39.724998
v 5.049600 -1.430999 16.097799
v 61.915001 -9.900097 38.493999
v 63.502998 -10.845798 37.377998
v 63.502998 -11.094997 37.042000
v 63.502998 -11.618597 36.147999
v -48.095200 -12.510998 31.329399
v 63.502998 -9.522997 37.377998
v 63.502998 -9.522997 36.147999
v 69.056000 -12.699997 31.750002
v 4.879100 -1.430999 17.229300
v 19.828800 8.773903 36.583000
v 4.691700 -1.430999 15.234900
v 22.111000 9.093003 36.147999
v 20.902500 9.050303 34.924999
v 4.469700 -1.430998 20.725800
v 4.014700 -5.187998 25.652800
v 20.077000 8.875402 35.652000
v 4.527700 -1.430999 17.971701
v -27.087000 3.875203 39.018600
v -27.078199 3.892503 39.018600
v -27.083500 3.882203 39.018600
v 19.580000 8.762403 36.205002
v -27.929001 3.860603 40.361599
v 64.623001 -12.697697 31.703802
v 3.486300 -1.430998 21.484200
v 74.122902 -5.183399 11.546700
v 3.128400 -1.430998 20.621201
v 74.247299 -5.183400 8.714100
v 64.502899 -12.692797 31.895401
v 2.736400 -1.430999 19.673700
v 72.265999 -1.673999 15.111000
v -27.966000 3.868303 40.542999
v 22.111000 8.168603 39.828999
v -27.966801 3.868803 40.542999
v -27.966801 3.868803 40.539001
v 73.624702 -1.430999 15.257800
v 19.754000 8.165402 38.925999
v 22.111000 1.585003 39.828999
v 22.111000 1.585003 38.598999
v 22.111000 3.173003 37.377998
v 22.111000 3.173003 36.147999
v -26.781500 3.826003 38.831402
v 73.012497 -1.437599 15.733600
v 20.077000 4.760003 35.652000
v 73.253403 -1.437599 15.541400
v 19.580000 4.760003 36.205002
v 5.284000 -5.126998 25.823999
v -49.205898 -11.918097 40.362000
v 6.035100 -5.181098 25.695200
v -48.591400 -12.033998 39.627399
v 20.590000 4.760003 39.042000
v 19.754000 4.760003 38.925999
v 5.737100 -5.181098 25.728901
v -49.378601 -12.090597 39.483601
v -49.386600 -12.107897 39.483601
v -49.375599 -12.084598 39.483398
v -49.367298 -12.066597 39.483501
v -49.411301 -12.081098 39.508499
v 6.489000 -5.126998 25.601000
v 3.077000 -1.430998 20.496901
v 3.491500 -1.430999 19.574400
v 3.311300 -1.430999 17.929100
v -26.465900 3.962803 39.280102
v -27.135900 4.101303 39.626598
v 72.641296 -1.430999 16.017099
v 72.627998 -1.491999 15.985000
v -27.074100 3.900403 39.018600
v 73.638000 -1.491999 15.290000
v -27.744301 4.227203 40.361198
v 73.581200 -1.435699 17.169399
v -49.639099 -11.987397 37.306801
v 5.640900 -5.126998 26.687099
v -49.639301 -11.968197 34.397800
v 11.957000 0.546003 46.129002
v 11.957000 1.046004 46.877998
v 11.957000 0.815004 46.492001
v 6.132400 -5.126998 24.737700
v 72.645699 -1.435699 16.902599
v 72.589897 -1.491799 18.780701
v 72.603203 -1.430999 18.812901
v 2.936000 -1.430999 17.023001
v 2.918700 -1.430999 16.980801
v 73.284698 -1.430999 18.287001
v 18.347000 8.402403 37.289001
v 3.708300 -1.430999 15.994200
v 18.280001 8.492903 36.810001
v 72.453003 -1.491999 12.429000
v 72.466400 -1.430999 12.461200
v 49.643902 -12.699997 34.167801
v 72.448997 -1.673999 12.418000
v 50.408798 -12.394897 34.095699
v 50.408298 -12.394897 34.095699
v 3.350500 -1.430999 15.131300
v -27.916201 4.064203 39.483601
v -27.919701 4.057203 39.483601
v -27.907499 4.081203 39.483601
v -27.928400 4.040003 39.483601
v 2.958100 -1.430999 14.182900
v -27.958099 4.069003 39.513401
v 3.713900 -1.430999 14.084400
v -29.777399 4.191003 40.539001
v 18.291300 8.656302 34.924999
v 4.994100 -5.183398 27.145300
v 3.533400 -1.430999 12.438200
v 2.971100 -1.430999 12.621600
v 16.490000 8.291802 35.124001
v 4.523300 -5.183398 27.994101
v 72.453903 -1.430999 14.023400
v 73.381599 -1.467599 12.697100
v 73.106499 -1.467699 13.087300
v 72.805901 -1.430999 13.279800
v 2.748800 -1.430999 18.111601
v 72.810997 -1.491999 13.292000
v -48.230999 -12.284897 32.025700
v -48.527100 -12.214897 31.734100
v 2.561600 -1.430999 16.117800
v 2.618600 -1.430999 13.363900
v 4.648200 -5.183398 25.162201
v 18.280001 8.654503 34.924000
v 3.903700 -5.180998 26.578300
v 3.607400 -5.180998 26.611799
v -48.530701 -12.222697 31.734100
v -48.535400 -12.233497 31.734400
v -48.538799 -12.240897 31.734400
v 73.666496 -1.439099 12.465100
v 73.678001 -1.491999 12.493000
v 4.359000 -5.126998 26.483000
v 72.822502 -1.439299 13.319700
v 3.153000 -5.126998 26.707001
v 1.646600 -1.430998 22.149000
v 2.338700 -1.430998 21.607800
v 72.684998 -1.435699 14.105400
v 73.620796 -1.435699 14.372300
v 18.525000 7.308303 40.456001
v 1.180400 -1.430999 18.811199
v -48.771198 -12.383498 30.789000
v 1.360400 -1.430998 20.457100
v 2.396700 -1.430999 18.854200
v -47.920399 -12.142498 31.326599
v 73.659401 -1.430999 14.370500
v 72.087402 -1.491999 11.544900
v 72.074097 -1.430999 11.512900
v 72.092003 -1.673999 11.556000
v 72.250397 -1.430999 11.939000
v 72.250397 -1.574099 11.939000
v 3.515000 -4.945998 27.580000
v 3.876000 -5.126997 28.452999
v 16.947001 7.475903 39.401001
v 16.177999 7.217303 39.639000
v 3.857800 -5.055198 25.274200
v -48.595200 -12.015198 30.787800
v 3.635000 -5.126998 24.737000
v 72.863297 -1.430999 10.527100
v -49.379398 -12.071698 31.010799
v -49.376499 -12.065698 31.010900
v -49.387501 -12.088998 31.010799
v -49.368301 -12.047898 31.010900
v -49.412800 -12.062099 30.971100
v 72.849998 -1.491999 10.495000
v 15.989000 7.798303 37.834999
v 16.691000 7.897003 38.084000
v 4.001400 -5.126998 25.620701
v 72.867798 -1.435699 11.412600
v 15.989000 4.760003 37.834999
v 16.691000 4.760003 38.084000
v 0.788100 -1.430999 17.862900
v 0.964400 -1.430999 18.289000
v 1.577400 -1.430999 16.877100
v -41.674999 -7.577898 29.364000
v 1.543600 -1.430999 17.764299
v 72.505898 -1.430999 9.664300
v 72.492599 -1.491999 9.632100
v 1.220300 -1.430999 16.014200
v 1.203000 -1.430999 15.971000
v 72.487999 -1.673999 9.621000
v 0.827600 -1.430999 15.065800
v 11.876000 -1.618997 45.493999
v -28.630400 4.208003 40.539001
v 3.997000 -4.945998 25.610001
v 2.988100 -5.183398 25.195299
v 5.823900 -5.035398 27.128901
v 5.824100 -5.035398 27.128599
v 73.475403 -1.437599 10.051500
v 73.234497 -1.437599 10.243600
v -28.630400 4.208003 40.228600
v -28.604799 4.208803 40.201401
v -28.610399 4.197703 40.201401
v -28.537001 4.189003 40.216000
v 72.130997 -1.673999 8.759000
v 72.126999 -1.491999 8.748000
v 72.113602 -1.430999 8.715800
v -28.222401 4.072603 37.306099
v 1.402900 -1.430999 13.321300
v 1.010100 -1.430999 12.372700
v 0.840100 -1.430999 13.504300
v -41.851002 -7.365299 21.093000
v 18.347000 4.760003 37.289001
v 16.947001 4.760003 39.401001
v 16.177999 4.760003 39.639000
v 18.525000 4.760003 40.456001
v 72.329597 -1.574099 9.238000
v 72.329597 -1.430999 9.238000
v 4.672000 -6.021997 28.575001
v 73.044502 -1.439199 7.829700
v 73.032997 -1.491999 7.802000
v 72.906700 -1.435799 8.614800
v -28.223499 4.091103 34.397999
v 32.276001 -18.632898 29.928001
v -45.736000 -11.261998 21.122000
v -45.736000 -8.907998 19.590000
v -49.379799 -12.268798 29.646099
v 0.605600 -1.430998 20.555799
v 0.430700 -1.430999 16.999901
v -26.779301 3.843902 32.027500
v 0.089700 -1.430998 20.030001
v 0.488000 -1.430999 14.247200
v -49.209400 -11.899398 29.646400
v 11.957000 -1.822196 45.345699
v 11.959000 -1.439798 21.572599
v 11.957000 -1.822297 45.345600
v 12.052100 -1.487498 21.803699
v 16.018999 8.133603 35.882000
v 16.037001 8.169403 35.444000
v 15.956000 8.134203 35.685001
v 16.273001 8.144103 33.355598
v 71.904999 -1.491999 14.238000
v 71.891602 -1.430999 14.205800
v 16.490000 4.760003 35.124001
v 11.876000 -2.056997 45.289001
v 15.956000 4.760003 35.685001
v 16.018999 4.760003 35.882000
v 11.876000 -3.953997 45.289001
v 11.957000 -3.820797 45.203701
v 11.876000 -3.583897 45.189899
v 11.876000 -3.583997 45.189999
v 11.957000 -3.885297 45.200901
v 11.957000 -3.820897 45.203701
v 11.916300 -3.701797 45.196800
v 11.957000 -3.820597 45.203701
v -41.681000 -8.240198 29.364000
v 18.280001 4.760003 36.810001
v -41.674999 -9.796098 25.320900
v -41.681000 -9.791998 25.320101
v 72.434998 -5.127099 18.406601
v 72.421700 -5.187999 18.374500
v 32.276001 -14.785398 30.065002
v 32.278999 -14.785098 30.065002
v 73.274696 -5.187999 18.264099
v 4.767000 -5.160798 28.260700
v 4.767000 -5.160798 28.260599
v 5.962600 -5.104698 27.462700
v 5.962600 -5.104598 27.462700
v 72.529999 -5.126999 15.749000
v 5.962600 -5.104598 27.462700
v 5.950000 -4.972498 27.432301
v 72.516701 -5.187999 15.716800
v 5.631600 -4.998398 27.648001
v 5.593300 -5.001598 27.673901
v 72.985298 -5.180999 15.653700
v 73.279900 -5.180999 15.620400
v 11.270400 -1.469398 19.916500
v 11.272800 -1.469598 19.916000
v 73.749298 -5.187999 15.558100
v 73.736000 -5.126999 15.526000
v 9.752000 -1.491998 22.216000
v 10.622800 -1.480499 18.352900
v 10.624900 -1.480799 18.351999
v 32.276001 -12.956298 27.034702
v 32.278999 -12.959198 27.038202
v 73.267303 -5.187999 17.528099
v 11.957000 -2.040097 45.243599
v 11.957000 -2.047997 45.241501
v 11.957000 -2.047997 45.241501
v 9.531700 -5.187998 24.026800
v 10.764300 -5.187998 23.868099
v 10.190400 -5.187998 22.483000
v 10.406800 -5.187998 23.004999
v 11.957000 -2.047097 45.169102
v 32.278999 -18.871998 33.132999
v 11.957000 -2.237597 45.190899
v 73.253998 -5.126998 17.496000
v -26.651899 3.614602 31.326900
v -27.322300 3.753202 30.787800
v -41.674999 -9.800798 23.109301
v -26.465900 3.981802 31.327499
v 72.643402 -5.180099 12.888100
v -27.135799 4.120302 30.787901
v 73.009598 -5.151399 12.851900
v 72.654999 -5.126999 12.916000
v 73.478600 -5.151399 12.933200
v 7.337000 -1.491998 21.622000
v 73.175400 -5.045299 14.173000
v 73.175400 -5.187999 14.173000
v 73.195198 -5.035399 14.221000
v 72.998703 -5.187999 13.746800
v 73.012001 -5.126999 13.779000
v 73.195297 -5.035399 14.221000
v 8.550500 -1.439198 21.657200
v -41.681000 -9.795298 23.106600
v 8.562000 -1.491998 21.684999
v 8.265600 -1.467598 21.890100
v -27.078100 3.911602 31.734100
v -27.083401 3.901102 31.734100
v -27.074200 3.919102 31.734100
v -27.087299 3.893502 31.734100
v -27.920401 4.076502 31.010700
v -27.917200 4.082603 31.010700
v -27.908199 4.100402 31.010700
v -27.929199 4.059103 31.010700
v -27.954300 4.086903 30.969700
v -114.300003 -9.040998 34.924999
v -114.300003 -8.461997 36.643002
v -114.300003 -8.461997 33.207001
v -114.300003 -8.753997 36.737999
v -114.300003 -7.920998 31.476999
v -95.274002 -8.461997 36.643002
v -95.274002 -8.461997 33.207001
v -102.934402 -9.213997 32.963001
v -100.265602 -9.213997 32.963001
v -99.671997 -9.302897 33.523998
v -95.930000 -9.408197 34.188000
v -99.671997 -9.302897 36.326000
v -95.930000 -9.408197 35.661999
v 6.971800 -1.491998 20.737900
v 7.984400 -5.187998 23.183399
v 7.883500 -5.187998 22.939800
v 8.276300 -5.187998 23.888100
v -100.862999 -9.058598 37.192001
v -103.211403 -8.461997 36.643002
v -99.988998 -8.461997 36.643002
v -100.862999 -8.181997 37.192001
v -99.671997 -8.512197 36.326000
v -95.930000 -8.617297 35.661999
v -103.211403 -8.461997 33.207001
v -99.671997 -8.512197 33.523998
v -99.988998 -8.461997 33.207001
v -95.930000 -8.617297 34.188000
v 5.412200 -5.187998 23.000999
v 5.752200 -5.187998 23.822100
v 7.661100 -1.442598 20.618700
v 32.178001 -15.336997 38.212002
v 32.149799 -15.242197 38.493999
v -100.862999 -9.058598 32.658001
v -100.862999 -8.181997 32.658001
v 11.957000 -4.819097 45.733601
v -110.872299 -9.213997 32.963001
v -108.202698 -9.213997 32.963001
v -103.528999 -9.302897 33.523998
v 19.365000 6.823202 28.287901
v -28.604300 4.227303 29.895000
v -28.629499 4.226502 29.853201
v -28.609800 4.216403 29.895000
v 11.328000 -4.183997 45.000999
v -28.536100 4.207502 29.872299
v -28.574400 4.228202 29.886499
v -28.574400 4.228202 29.886400
v 4.638900 -5.187998 22.726400
v 32.276001 -15.708697 35.817699
v 32.278999 -15.708697 35.817501
v 6.818500 -1.452699 18.922899
v -107.269997 -9.408197 34.188000
v -103.528999 -9.302897 36.326000
v -107.269997 -9.408197 35.661999
v -109.538002 -8.998997 37.308998
v -111.149002 -8.461997 36.643002
v -107.926003 -8.461997 36.643002
v -109.538002 -8.122297 37.308998
v 73.391800 -5.187999 14.695000
v -103.528999 -8.512197 36.326000
v 3.281800 -5.187998 23.883301
v -107.269997 -8.617297 35.661999
v 73.378403 -5.126999 14.662700
v -103.528999 -8.512197 33.523998
v -111.149002 -8.461997 33.207001
v -107.269997 -8.617297 34.188000
v -107.926003 -8.461997 33.207001
v 4.112300 -5.187998 22.995199
v 3.113800 -5.187998 22.512199
v -113.333000 -9.213997 32.963001
v -111.805000 -9.408197 34.188000
v -113.333000 -9.524997 34.924999
v -111.805000 -9.408197 35.661999
v -111.805000 -8.617297 35.661999
v 6.614000 -1.491998 19.875000
v 9.545000 -5.126998 24.059000
v 72.738701 -5.187999 10.226800
v 10.000300 -5.180998 23.963699
v 10.294900 -5.180998 23.930401
v 10.751000 -5.126998 23.836000
v 6.596500 -1.435699 18.957399
v 10.190400 -5.045298 22.483000
v 73.503304 -5.180999 10.130300
v 11.040300 -5.183398 22.514099
v 32.276001 -19.181898 31.751001
v 4.841000 -1.491998 21.620001
v 73.207298 -5.180999 10.163700
v 5.604000 -1.491998 20.570000
v 72.751999 -5.126999 10.259000
v 5.621300 -1.435698 21.487600
v 73.148102 -5.187999 11.214300
v 73.162903 -5.171299 11.250000
v 73.162903 -5.100499 11.250000
v 73.109901 -5.126999 11.122100
v 73.096497 -5.187999 11.089800
v 6.556500 -1.435698 21.754299
v 32.278999 -19.181997 31.751001
v 32.278999 -19.147999 31.284002
v -30.195000 1.866002 20.862000
v 73.113998 -4.945999 11.132000
v -27.740499 4.245402 29.645500
v 10.210200 -5.035398 22.531000
v -27.948000 3.882902 29.368000
v -27.963499 3.886102 29.366100
v -27.926300 3.878202 29.645100
v 10.210300 -5.035398 22.531000
v 73.489304 -5.187999 12.037200
v -27.963499 3.886102 29.368000
v 10.393400 -5.126998 22.972700
v -111.805000 -8.617297 34.188000
v 73.475998 -5.126999 12.005000
v 3.902900 -3.663497 41.276901
v -109.538002 -8.998997 32.541000
v -109.538002 -8.122297 32.541000
v -94.997299 -9.213997 32.963001
v -93.663002 -8.998997 32.541000
v -93.663002 -8.122297 32.541000
v -93.117996 -8.166497 32.627499
v 4.040000 -1.738997 41.275002
v 5.991800 -1.437998 20.315701
v 5.246000 -1.491999 19.707001
v 6.229200 -1.437598 20.126600
v 4.880000 -1.491999 18.823000
v -92.327698 -9.213997 32.963001
v 9.380200 -5.183398 22.548201
v -93.663002 -8.122297 37.308998
v -93.117996 -8.166497 37.222500
v 7.984400 -5.083198 23.183399
v -93.663002 -8.998997 37.308998
v 7.901000 -4.945998 22.982000
v 7.896900 -5.126998 22.972099
v -88.900002 -9.040998 34.924999
v -88.900002 -8.858997 34.987000
v -89.866997 -9.213997 32.963001
v -91.394997 -9.408197 34.188000
v -91.394997 -9.408197 35.661999
v 73.238998 -4.946000 8.300000
v -86.690002 -8.679797 36.118000
v -86.690002 -8.858997 34.987000
v -86.690002 -8.848897 34.923000
v 73.614304 -5.188000 9.205200
v -86.690002 -7.013997 34.987000
v 73.220703 -5.188000 8.256800
v -86.690002 -7.003797 34.923000
v -28.629499 4.226502 29.368000
v 73.234001 -5.126999 8.289000
v -29.776899 4.209902 29.368000
v 73.600998 -5.126999 9.173000
v 63.498402 -6.998000 7.752000
v 57.652100 -6.997999 12.058001
v 63.498402 0.516001 7.752000
v 57.652100 0.516001 12.058000
v 82.651001 -0.959000 1.588000
v 82.651001 -5.655000 1.588001
v 81.788101 -5.188000 1.945200
v 81.788101 -1.431000 1.945200
v 3.153700 -4.138197 40.539001
v 81.788002 -1.431000 1.945000
v 81.788002 -5.188000 1.945000
v 67.985001 -5.188000 7.663001
v 67.985001 -1.430999 7.663000
v 74.886002 -0.959000 4.804000
v 74.886002 -5.655000 4.804000
v 74.886101 -5.188000 4.804201
v 74.886101 -1.431000 4.804200
v 3.216000 -4.530597 40.542999
v 3.216000 -4.530497 40.542999
v 80.686897 -1.629900 2.401100
v 3.216000 -4.530497 40.542999
v 80.686897 -5.118100 2.401100
v 3.211700 -4.531397 40.539001
v 3.214700 -4.521597 40.542999
v 80.766602 -1.431000 2.368100
v 80.766602 -1.639000 2.368100
v 80.745697 -1.636600 2.376800
v -89.866997 -8.311997 38.657001
v 73.596001 -4.946000 9.162000
v -88.900002 -7.920997 38.373001
v -88.900002 -7.785997 38.289001
v -88.900002 -8.583997 33.250999
v -88.900002 -8.753997 33.112000
v -91.288803 -7.013997 34.987000
v 3.593200 -1.713097 40.868900
v 3.593200 -1.713097 40.868801
v 3.254700 -1.647997 40.542999
v 3.234800 -1.692297 40.542999
v 3.234800 -1.692297 40.542999
v -88.900002 -7.920998 31.476999
v -89.866997 -8.311998 31.193001
v 3.197600 -1.944097 40.542999
v 3.194500 -1.965397 40.542999
v 3.194500 -1.965397 40.542999
v 3.190200 -1.964497 40.539001
v 72.694099 -5.188000 8.525600
v 3.136400 -2.358897 40.542999
v 3.136400 -2.358897 40.542999
v 81.082199 -5.188000 2.237401
v 80.961403 -5.162100 2.287400
v 74.374901 -1.431000 5.015900
v 72.587700 -5.183400 8.747900
v 8.909700 -5.183398 23.396900
v 3.132100 -2.357997 40.539001
v 72.462799 -5.183399 11.579800
v 2.264000 -2.849597 40.542999
v 72.365196 -5.183399 14.238200
v 74.374901 -1.639200 5.015900
v 2.264000 -2.178397 40.436699
v 2.264000 -1.773097 40.372501
v 72.244598 -1.431000 5.898400
v 72.244598 -1.639099 5.898400
v 8.263000 -5.126998 23.856001
v 73.266701 -5.188000 5.475000
v 8.258000 -4.945998 23.844999
v 73.266701 -4.980599 5.475000
v -37.966000 0.573002 19.590000
v 70.113800 -1.431000 6.781100
v 70.113800 -1.639199 6.781100
v 16.273001 6.907602 29.563200
v 5.797500 -1.439199 17.904800
v 71.894699 -5.183399 15.086900
v 5.786000 -1.491999 17.877001
v 0.123000 -2.074997 38.575001
v 18.445900 6.841602 28.575001
v 19.250900 6.829602 28.321501
v 5.713000 -1.491999 18.490999
v 5.815700 -1.440399 18.739300
v 5.815700 -1.440399 18.739300
v 0.123000 -3.240997 38.759998
v 2.264000 -4.322097 40.433701
v 14.070400 0.516002 24.647600
v 5.659900 -1.435699 18.689699
v 18.514700 0.516002 23.658800
v 2.264000 -3.632397 40.542999
v 2.264000 -4.727397 40.369499
v 71.136597 -5.188000 6.357400
v 71.136597 -4.980700 6.357400
v 7.249800 -5.183398 23.429800
v 5.396400 -5.180098 22.963100
v 5.762600 -5.151398 22.926800
v 5.408000 -5.126998 22.990999
v 71.992104 -5.183399 12.429100
v 0.736900 -4.637797 40.542999
v 0.727600 -4.639697 40.539001
v 5.428600 -1.491999 17.014099
v 71.936600 -5.180099 8.288900
v 71.920799 -5.188000 8.251000
v 6.232400 -5.151398 23.008200
v 6.082400 -1.467599 17.671900
v 71.925003 -5.126999 8.261000
v 10.109600 0.815004 46.492001
v 72.116898 -5.183399 9.596700
v 72.089104 -5.187999 9.622100
v 6.598600 -5.180298 22.971100
v 69.005798 -5.188000 7.240100
v 69.005798 -4.980599 7.240100
v 6.587000 -5.126998 22.943001
v 74.993301 -5.188000 5.063001
v 5.765600 -5.126998 23.854300
v 81.082298 -5.188000 2.237401
v 75.351700 -5.188000 7.374801
v 0.123000 -4.406997 38.575001
v -41.674999 6.600503 40.727501
v -41.681000 6.601703 40.727299
v -41.674999 6.601003 40.727501
v -41.681000 6.602203 40.727299
v -41.681000 6.601903 40.542999
v -41.674999 6.600603 40.542999
v -41.674999 6.601003 40.542999
v -41.681000 6.602203 40.542999
v -68.516296 -8.326097 38.526199
v -68.516701 -8.326197 38.525902
v -68.461304 -8.366097 38.570900
v 5.948800 -5.035398 24.296200
v 5.949200 -5.035398 24.295799
v -68.818604 -8.068497 39.280602
v 71.109703 -1.438199 11.121100
v 71.339699 -1.438099 10.937600
v -68.992996 -8.437098 39.278999
v -69.668900 -8.309697 39.625999
v 2.401000 -1.643997 39.785000
v 6.677000 4.293003 38.212002
v 3.075000 1.519003 38.212002
v 70.719002 -1.491999 11.377000
v 70.732399 -1.430999 11.409200
v 6.779000 -5.183398 24.278601
v -41.674999 7.672203 40.542999
v -41.674999 6.211003 43.091000
v 71.716599 -1.430999 10.649900
v 71.730003 -1.491999 10.682000
v 2.378400 -1.796897 39.785000
v -41.674999 7.301002 27.313000
v -41.674999 7.672503 29.364000
v 70.737000 -1.435699 12.294700
v 2.264000 -4.321997 39.679798
v 74.824799 -5.188000 7.642601
v 2.354600 -4.708697 39.723701
v 5.063000 -1.491999 16.129999
v 74.317101 -5.188000 6.082100
v 74.051300 -5.188000 7.368900
v 71.672798 -1.435699 12.562300
v 2.264000 -4.727497 39.596298
v -69.425400 -8.140997 39.018501
v -69.429001 -8.148697 39.018501
v -69.433800 -8.158998 39.018501
v -69.437103 -8.166197 39.018501
v 6.099000 4.490003 36.583000
v 2.264000 -2.178297 39.708900
v 2.264000 -1.773197 39.630600
v 2.264000 1.304003 38.289001
v 5.620700 -1.452799 16.031500
v 4.909500 -1.452699 14.314900
v 71.375702 -1.430999 13.680000
v 70.681396 -1.491899 14.173000
v 70.694702 -1.430999 14.205100
v 71.853500 -1.430999 17.002701
v 71.866699 -1.491899 17.034700
v 70.557899 -1.430999 7.854100
v 70.544601 -1.491999 7.822100
v -70.278900 -8.194697 40.361500
v 0.123000 0.532003 34.987000
v 2.264000 2.377003 34.987000
v 2.401000 1.644003 36.583000
v 73.318497 -5.188000 5.599801
v 2.264000 1.464603 36.583000
v 73.711403 -5.188000 6.547101
v 2.264000 2.102003 33.250999
v 2.264000 1.464602 33.266998
v -69.131897 -8.210097 38.832699
v -67.549500 -8.489798 33.066101
v 71.364403 -5.188000 6.908000
v 71.187698 -5.188000 6.481801
v 70.540001 -1.673999 7.811000
v 70.545197 -1.430999 9.415400
v -0.143400 -1.661998 29.364000
v -0.143400 -1.661998 29.364000
v -0.143600 -1.661898 29.368000
v -0.143600 -1.661898 29.364000
v 5.118900 -5.183398 24.312901
v 4.467600 -5.180098 23.853901
v 71.580803 -5.188000 7.429901
v 4.456000 -5.126998 23.826000
v 74.993202 -1.431000 5.062800
v 80.766701 -1.431000 2.368100
v 4.745300 -5.183398 22.504101
v 74.802002 -1.431000 6.046000
v 74.819298 -1.431000 6.088200
v 74.426697 -1.431000 5.140800
v 4.705000 -1.491999 15.267000
v 4.687500 -1.435699 14.349300
v 3.266300 -5.180198 23.845900
v 3.278000 -5.126998 23.874001
v 3.632100 -5.151298 23.808901
v 4.649000 -1.435699 17.147301
v 4.101800 -5.151298 23.890301
v 4.483000 -1.491998 20.757999
v 4.511400 -1.439199 17.932199
v 4.523000 -1.491999 17.959999
v 71.757500 -1.439199 7.857300
v -69.128601 -8.192097 32.026402
v 71.472603 -1.467599 8.090300
v 71.768997 -1.491999 7.885000
v -68.990997 -8.419398 31.327299
v -69.666000 -8.292198 30.787800
v 71.198402 -1.467599 8.479700
v 70.897400 -1.430999 8.673100
v 70.902000 -1.491999 8.684000
v 4.465800 -1.435699 19.839600
v 70.913498 -1.439099 8.711900
v 2.264000 1.304002 31.684000
v 22.561800 0.516001 12.058000
v 4.493300 -1.440399 17.097700
v 4.493300 -1.440399 17.097700
v 4.596000 -1.491999 17.346001
v -69.425003 -8.121897 31.734100
v -69.428703 -8.129697 31.734100
v -69.433701 -8.140597 31.734200
v -69.437103 -8.147997 31.734200
v -40.027000 6.259703 40.542999
v -40.002998 6.254703 40.542999
v -39.978802 6.249703 40.539001
v -40.000900 6.254303 40.539001
v 3.473000 -1.491998 21.452000
v -40.027000 6.259703 40.542999
v 72.688400 -1.431000 6.971200
v 72.296097 -1.431000 6.022700
v 72.472397 -1.431000 6.449000
v 70.266403 -1.430999 7.149400
v 70.165604 -1.431000 6.905800
v 80.745697 -1.636600 2.376800
v 80.766701 -1.639000 2.368100
v -69.493896 -7.941197 39.626801
v 80.865997 -5.146800 2.327000
v 80.961403 -5.162100 2.287500
v 80.741997 -5.126900 2.378300
v 80.805000 -5.137000 2.352300
v -70.108002 -7.825397 40.361198
v -70.142601 -7.818897 40.354099
v -70.142502 -7.818897 40.464401
v 75.174599 -1.439100 6.946900
v -70.273903 -7.991597 39.483601
v -70.276802 -7.997997 39.483501
v -70.265503 -7.973497 39.483601
v -70.284798 -8.015197 39.483501
v -70.312401 -7.987797 39.510799
v 11.203800 -1.598698 22.037300
v 70.776398 -1.435699 9.497700
v 11.203900 -1.569398 22.037201
v 4.099000 -5.126998 22.962999
v 71.712502 -1.435699 9.764600
v 4.094000 -4.945998 22.952000
v 69.996002 -1.491999 9.631000
v 69.982697 -1.430999 9.598800
v 70.526299 -5.127199 13.798600
v 70.513000 -5.187999 13.766500
v 71.366600 -5.187999 13.656100
v 75.163002 -1.492000 6.919000
v 3.085700 -5.183398 22.537901
v 75.038200 -1.435699 7.732600
v 3.864800 -1.438298 21.195299
v 0.123000 -5.458998 31.934000
v 71.262901 -5.187999 15.576900
v 71.249603 -5.127099 15.544900
v -71.969200 -7.423097 40.539001
v 70.608597 -5.187999 11.108900
v 70.622002 -5.126999 11.141000
v 3.115000 -1.491998 20.589001
v 71.373901 -5.181099 11.013100
v 71.075897 -5.181099 11.046800
v 0.079500 -5.160398 29.645500
v 4.091200 -1.438298 21.014700
v 2.749800 -1.491999 19.705900
v -71.964401 -7.424097 40.542999
v -71.921097 -7.431997 40.542999
v -71.921204 -7.432197 40.542999
v -71.923500 -7.431797 40.539001
v -38.852501 6.215303 38.069401
v -38.858200 6.220703 38.062401
v -38.858299 6.220703 38.062302
v 1.135700 -5.187998 24.724501
v 24.696501 0.986404 46.778801
v 12.205700 -1.563198 22.168200
v 12.220600 -1.570598 22.204100
v 12.229200 -1.566298 22.225000
v 12.220600 -1.570598 22.204100
v 3.062100 -1.447899 20.461000
v 3.062100 -1.518698 20.461000
v 74.806000 -1.492000 6.056000
v 1.149000 -5.127098 24.756599
v 1.885300 -5.187998 26.534401
v 1.872000 -5.127098 26.502300
v 10.145900 -1.555198 22.052299
v 75.459396 -1.467700 6.715400
v 71.840401 -5.187999 10.950200
v 3.666600 -1.439099 18.786900
v 71.827003 -5.126999 10.918000
v -72.095398 -7.801597 40.539001
v 71.358299 -5.187999 12.920200
v 71.345001 -5.126999 12.888000
v 7.333000 -1.673998 21.611000
v 6.976000 -1.673998 20.747999
v -40.563999 6.370903 39.279301
v 3.655000 -1.491999 18.759001
v -40.373100 6.737103 39.281300
v -41.042198 6.875503 39.627300
v -40.997101 6.649203 39.018600
v -40.988300 6.666503 39.018600
v -40.993500 6.656203 39.018600
v -40.984299 6.674403 39.018600
v 3.530000 -1.435699 19.572701
v -41.651001 7.001403 40.361801
v 74.440002 -1.492000 5.173000
v 2.508900 -5.187998 23.609400
v 1.988700 -5.187998 24.614100
v 70.734398 -5.180300 8.280800
v 70.746002 -5.126999 8.309000
v 71.100601 -5.151400 8.243800
v 7.193800 -1.564198 21.275200
v 7.154300 -1.584098 21.179800
v 7.154200 -1.584098 21.179701
v 71.570396 -5.151400 8.325200
v 71.108002 -4.946000 9.182000
v 71.103897 -5.126999 9.172100
v 71.090500 -5.188000 9.139800
v 4.984200 -1.564198 21.966801
v 4.845000 -1.673998 21.631001
v 5.023800 -1.584098 22.062300
v 5.023700 -1.584098 22.062201
v 4.226600 -1.467699 18.164600
v 71.191399 -5.188000 9.383400
v 71.191399 -5.083200 9.383400
v 3.298000 -1.491999 17.896999
v 18.741199 -6.997999 12.058001
v -71.966003 -7.423997 39.078999
v 74.997902 -1.452700 5.074200
v 1.981300 -5.187998 23.878099
v -41.235100 6.509703 39.625999
v 2.517100 -5.183298 26.045099
v 18.498800 -6.997998 23.704399
v 22.465401 -6.998000 7.752000
v 18.681000 -6.997999 12.058001
v 18.741199 -4.926999 12.058000
v 18.435600 -4.926999 12.296500
v -114.300003 -6.622997 39.671001
v -114.300003 -4.987997 40.504002
v -114.300003 -4.987998 29.346001
v -93.117996 -5.458998 31.934000
v -93.117996 -6.151698 32.627499
v 2.614900 -5.183398 23.386700
v 3.951400 -1.467699 18.555401
v -40.692600 6.600203 38.832001
v 2.932000 -1.491999 17.013000
v -72.138000 -7.793997 39.078999
v -71.563301 -7.500197 38.574799
v 74.025597 -1.435700 6.189300
v 73.888496 -1.439100 6.975100
v 73.900002 -1.492000 7.003000
v 71.464996 -5.187999 10.045000
v 71.483299 -5.187999 10.088100
v 3.695000 -1.491999 15.962000
v 4.884000 -1.673999 18.834000
v 3.867800 -1.440399 16.929100
v 3.712400 -1.435699 16.879700
v 71.470001 -5.126999 10.056000
v -93.117996 -6.274497 37.222500
v -93.117996 -5.458997 38.039001
v -71.345299 -7.942797 37.981300
v 74.996399 -5.180300 6.515901
v -71.516098 -7.785997 38.289001
v 75.008003 -5.126999 6.544001
v 75.362396 -5.151400 6.478800
v 75.364998 -5.126999 7.407001
v 1.606000 -4.945998 22.972000
v -86.690002 -6.834597 36.118000
v -89.866997 -6.906997 40.062000
v 3.337200 -1.491999 15.099100
v -72.177299 -7.785997 38.289001
v -91.394997 -6.906897 35.661999
v 4.079800 -1.437599 15.710400
v 6.070000 -1.567999 19.353001
v 4.320400 -1.437599 15.518400
v 2.971400 -1.491999 14.214900
v -91.394997 -6.887197 34.188000
v 5.424000 -1.673999 17.003000
v 1.968000 -5.126998 23.846001
v 3.889500 -1.439199 13.296900
v 2.264000 -6.542998 30.441000
v 5.265600 -1.574099 16.620001
v 2.758000 -5.187998 28.641399
v 2.264000 -6.807898 31.638000
v 70.456802 -5.183399 9.629800
v 3.878000 -1.491999 13.269000
v 3.752300 -1.435699 14.082600
v 75.312599 -5.007999 5.833800
v 69.986099 -5.183399 10.479100
v 74.998001 -5.166299 5.074400
v 70.083199 -5.183400 7.822200
v 70.055000 -5.188000 7.847900
v 74.815697 -5.183400 5.207901
v 15.997900 -5.654999 19.122400
v -76.632103 -6.946197 39.626701
v 3.520000 -1.491999 12.406000
v 69.764099 -1.435699 7.954300
v 18.681000 -4.926999 12.058000
v 11.365000 -5.655000 7.938001
v 10.502100 -5.188000 8.295200
v 10.502000 -5.188000 8.295000
v 3.600000 -5.654999 11.154000
v 3.600100 -5.187999 11.154200
v 9.796200 -5.188000 8.587400
v 69.467697 -1.430999 9.072000
v 68.773003 -1.491799 9.565600
v 74.344902 -5.183400 6.056701
v 68.786301 -1.430999 9.597700
v 69.945099 -1.430999 12.395400
v 69.958397 -1.491799 12.427500
v 68.604500 -5.188000 9.158600
v 68.617798 -5.127100 9.190700
v 74.066704 -5.180300 7.406100
v 69.457703 -5.188000 9.049100
v 74.055000 -5.126999 7.378000
v 69.354301 -5.187999 10.968800
v 69.340897 -5.127199 10.936700
v -40.691101 6.618302 32.026001
v -40.563999 6.389903 31.328800
v -40.375999 6.755802 31.327600
v -41.045898 6.894302 30.787901
v 4.173500 -1.467699 13.065300
v -40.988098 6.685602 31.734100
v -40.984200 6.693102 31.734100
v -40.993401 6.675102 31.734100
v -40.997101 6.667802 31.734100
v 2.754000 -1.673999 19.716000
v 2.932400 -1.583998 20.147499
v 2.932100 -1.583998 20.147499
v -76.194504 -6.933197 39.141800
v -76.185204 -6.929697 39.145302
v -41.235100 6.528702 30.788799
v -75.957001 -7.073397 39.280201
v 2.739800 -1.435699 12.539300
v -77.245201 -6.830497 40.361401
v 1.980900 -5.187999 11.824900
v 1.980900 -4.980599 11.824900
v 3.707300 -5.187999 11.413000
v 9.796400 -5.188000 8.587400
v 10.249000 -5.188000 8.400000
v 10.249000 -5.188000 8.400000
v 69.450302 -5.188000 8.312200
v 69.436996 -5.126999 8.280000
v 68.036598 -1.430999 7.787500
v 68.049896 -1.491899 7.819600
v 2.032600 -5.187999 11.949900
v 9.456000 -5.126900 8.728300
v 3.712000 -5.166299 11.424400
v 3.529700 -5.183399 11.557900
v -41.650600 7.019403 29.645599
v -70.993401 -7.859097 40.539001
v -70.972504 -7.869197 40.201500
v -70.993401 -7.859097 40.229301
v -70.967201 -7.857797 40.201500
v -70.900299 -7.876597 40.215801
v -70.939499 -7.856497 40.206600
v -70.939499 -7.856497 40.206600
v -72.128601 -7.776897 31.674900
v 73.603600 -1.467599 7.207300
v 73.329399 -1.467599 7.596700
v 72.675003 -1.492000 6.939000
v 2.575000 -1.491999 16.150000
v 2.936000 -1.673999 17.023001
v 2.045900 -5.126999 11.982100
v -76.634903 -6.926698 30.788900
v 21.668100 -4.927000 8.659200
v -41.681000 -14.155197 40.542999
v -41.674999 -14.154098 40.542999
v -41.674999 -14.154498 29.364002
v -76.682999 -6.907698 30.805700
v 2.602500 -1.439099 13.325000
v -76.675697 -6.905797 30.803801
v 2.614000 -1.491999 13.353000
v 52.315899 1.851303 39.828999
v 2.557000 -1.435699 15.232300
v 72.309402 -1.492000 6.054900
v 72.314003 -1.674000 6.066000
v -41.674999 -13.082499 29.075703
v -41.681000 -13.083698 29.076002
v -41.674999 -13.082998 29.075703
v -41.681000 -13.084198 29.076002
v -41.681000 -13.083899 29.364002
v -41.674999 -13.082598 29.364002
v -41.674999 -13.082998 29.364002
v -41.681000 -13.084198 29.364002
v 72.472397 -1.574100 6.449000
v -68.818604 -8.049499 31.326799
v 2.517300 -1.435699 18.029400
v 73.089500 -1.435700 5.922400
v -70.274803 -7.972598 31.010700
v -70.277496 -7.978698 31.010799
v -70.266502 -7.954897 31.010700
v -70.285698 -7.996397 31.010799
v -70.310799 -7.969098 30.971001
v -71.964401 -7.405598 31.303600
v 49.480301 3.954803 39.828999
v 1.726500 -1.437598 22.083599
v 51.408901 3.434403 38.598999
v 50.567799 4.495803 37.377998
v -76.459999 -6.576197 39.626801
v 4.239000 -1.567999 16.483999
v -77.070801 -6.461097 40.362000
v 2.352000 -1.491998 21.639999
v -41.681000 4.476003 44.146999
v -41.681000 7.671103 40.542999
v 53.243698 -1.731197 41.153400
v -41.681000 7.302002 27.313000
v 49.412399 -0.131997 43.006001
v -41.681000 7.673502 29.364000
v -44.058899 6.388603 40.539001
v -77.191002 -6.620097 39.454899
v -77.239700 -6.627097 39.483601
v -77.242599 -6.633597 39.483601
v -77.231598 -6.609497 39.483601
v -77.250801 -6.650997 39.483601
v -77.278297 -6.623297 39.510799
v 1.163000 -1.673999 18.768000
v -77.141998 -6.663997 39.410900
v -44.230900 6.758103 40.539001
v -70.276199 -8.177098 29.645201
v -69.493896 -7.922198 30.787701
v -78.889397 -6.067597 40.539001
v 51.700901 -1.821797 42.220100
v 1.964000 -1.437998 21.894400
v 71.895599 -1.435799 7.072200
v 1.821400 -1.467599 19.436701
v 51.564602 -4.520196 42.311501
v 72.865402 -5.180099 7.398100
v 1.167000 -1.491999 18.778999
v 73.231598 -5.151400 7.361801
v 0.806000 -1.673999 17.906000
v 1.536500 -1.439199 19.669701
v -70.103996 -7.807097 29.645399
v 72.876999 -5.126999 7.426001
v -70.967102 -7.839797 29.894899
v -70.992500 -7.840998 29.852800
v -70.972198 -7.850798 29.894899
v -70.898499 -7.858498 29.872400
v -70.937698 -7.838398 29.886600
v -70.937698 -7.838398 29.886400
v 1.525000 -1.491999 19.642000
v 0.964400 -1.574099 18.289000
v 1.399200 -1.435699 20.455400
v 2.380500 -1.439099 18.815100
v 2.392000 -1.491999 18.843000
v 2.095600 -1.467599 19.047300
v 52.716301 -6.819997 40.549999
v 73.700600 -5.151400 7.443201
v 73.331902 -5.126999 5.632101
v 73.514900 -5.035500 6.073600
v 73.514999 -5.035500 6.073400
v 11.193800 -1.584098 24.904800
v 11.193200 -1.584098 24.904699
v -70.992500 -7.840998 29.368000
v 11.228500 -1.566298 24.990000
v 11.226400 -1.600798 24.984900
v -49.209400 5.417303 40.361301
v -79.061401 -6.437597 40.539001
v -48.595200 5.533203 39.626701
v -71.966400 -7.404697 29.368000
v -71.963402 -7.405198 29.364000
v -71.962601 -7.405397 29.364000
v -71.922897 -7.413198 29.368000
v -71.964302 -7.405097 29.368000
v -71.960899 -7.405698 29.364000
v -48.771198 5.901503 39.625900
v -40.563999 -12.871897 39.279301
v 2.335000 -1.435699 20.722300
v -79.782799 -5.898897 39.860199
v 11.813000 -1.625998 22.372999
v 0.801400 -1.491999 17.894899
v 73.698097 -5.126999 6.514901
v -40.375999 -13.237797 39.280102
v -41.045898 -13.376297 39.626598
v -49.379799 5.786803 40.361500
v -40.988098 -13.167597 39.018600
v -40.984402 -13.174897 39.018600
v -40.993401 -13.157097 39.018600
v -40.997101 -13.150097 39.018600
v 3.067500 -4.137398 29.388599
v 3.059000 -4.139098 29.368000
v 3.059000 -4.544598 29.368000
v 3.083600 -4.539498 29.427500
v 3.057300 -3.883798 29.364000
v 3.067500 -4.137398 29.388599
v 36.509998 -7.002996 44.105999
v 3.059000 -1.918998 29.368000
v 36.509998 -5.864296 43.113201
v 3.057300 -1.569898 29.364000
v -72.094902 -7.782598 29.368000
v -49.378700 5.590003 39.483501
v -49.375599 5.583603 39.483398
v -49.386700 5.607103 39.483501
v -49.367500 5.566103 39.483501
v -49.414101 5.579903 39.510502
v 36.509998 -5.442997 42.724998
v 3.057300 -1.918698 29.364000
v 3.057300 -1.918698 29.364000
v 3.368600 -1.559298 29.039301
v 3.079100 -1.923198 29.416599
v 3.059000 -2.324198 29.368000
v 3.063000 -2.324998 29.377701
v 3.029300 -2.318098 29.409000
v 3.057300 -2.466098 29.364000
v -41.650600 -13.501397 40.361801
v -79.000198 -6.046597 39.785000
v -79.155403 -6.419697 39.594799
v -41.235100 -13.010697 39.625999
v -49.755001 6.026803 40.542999
v 36.509998 -2.001797 42.284199
v 36.509998 -1.995997 42.173000
v 36.509998 -0.131997 43.006001
v 72.684998 -5.183400 6.089800
v -44.102001 6.380003 39.078999
v 3.079100 -1.923198 29.416599
v 3.063000 -2.324998 29.377701
v -40.693401 -13.100897 38.832500
v -40.083000 -12.974597 38.526402
v -40.032600 -12.936097 38.568600
v -40.083401 -12.974497 38.526199
v -38.858200 -12.702697 33.222401
v -38.858200 -12.702697 33.222500
v 1.564000 -1.491999 16.844999
v 3.079100 -1.922998 29.416599
v 1.581800 -1.435699 17.762600
v 3.079100 -1.923198 29.416599
v 3.062900 -2.325998 29.377600
v 72.214302 -5.183400 6.939100
v 53.565498 0.516002 22.971800
v 1.207000 -1.491999 15.982000
v 3.834000 -1.567998 24.667000
v 70.182999 -1.674000 6.948000
v 70.266403 -1.536099 7.149400
v 70.179001 -1.492000 6.938000
v 4.801800 -1.584098 27.552299
v 4.801200 -1.584098 27.552200
v -57.990898 -10.160597 40.539001
v 70.361801 -1.584099 7.379800
v 70.361702 -1.584099 7.379700
v 44.909901 5.676102 28.841700
v 44.909901 5.676003 28.841700
v 44.638802 5.490002 28.803900
v 44.459999 5.370102 28.786900
v 44.459900 5.370102 28.786900
v 44.459999 5.370102 28.786900
v 45.243999 5.625002 28.105000
v 44.398602 5.255202 28.575001
v 70.959198 -1.435700 6.804700
v 53.542801 -6.997998 23.034300
v 53.837399 -3.174998 22.225000
v 45.243999 -3.174998 22.225000
v 1.954600 -1.438199 16.589199
v 71.364403 -5.045300 6.908000
v 71.384201 -5.035399 6.956000
v 71.200996 -5.126999 6.514000
v 2.184300 -1.438199 16.405899
v 0.841000 -1.491999 15.098000
v -40.000999 -12.736299 29.368002
v -40.002300 -12.736598 29.364002
v -58.162899 -10.530097 40.539001
v -40.690399 -13.081597 32.026600
v -40.563999 -12.852898 31.328802
v -40.373100 -13.219098 31.325703
v -41.042198 -13.357498 30.786901
v -40.988201 -13.148498 31.734201
v -40.993500 -13.138197 31.734201
v -40.984100 -13.156597 31.734201
v -40.997200 -13.130997 31.734201
v -58.034000 -10.151998 39.078999
v -84.211197 -5.466597 40.361401
v -41.235100 -12.991698 30.788801
v 1.758500 -1.439199 14.179800
v 1.747000 -1.491999 14.152000
v 71.384300 -5.035399 6.956000
v 45.243999 -5.939998 22.635000
v 71.567398 -5.126999 7.397700
v -77.865501 -6.512497 40.216000
v -77.904602 -6.492497 40.206799
v -77.904602 -6.492497 40.206799
v -77.958504 -6.494997 40.539001
v -77.938698 -6.504597 40.201500
v -77.958504 -6.494997 40.227901
v -77.933701 -6.493897 40.201500
v -41.651001 -13.483398 29.645702
v -79.859200 -6.268097 30.300900
v 71.563004 -4.946000 7.387001
v -46.105400 6.203503 37.985500
v 43.393101 2.906002 25.945000
v 70.554001 -5.183400 6.973401
v -47.920399 5.660503 39.280701
v 4.978700 -1.673298 27.980801
v 8.884000 -1.673998 25.356001
v 1.620700 -1.435799 14.964800
v -79.174301 -6.397098 30.366699
v -84.058998 -6.542998 30.441000
v -84.211197 -5.447598 29.646299
v 68.828697 -1.435699 7.687600
v -41.681000 -14.153498 29.364002
v -60.507000 -10.320997 40.542999
v 42.630901 -0.478998 24.233299
v -41.839001 -13.135597 40.361599
v 1.389600 -1.491999 13.289100
v -48.095200 6.029003 39.278900
v 102.815201 -3.241299 8.802700
v 2.317600 -1.467599 13.557300
v 2.043400 -1.467599 13.946700
v 1.023400 -1.491999 12.404900
v -41.830002 -13.332297 39.483501
v -41.826801 -13.338697 39.483501
v -41.817799 -13.356197 39.483501
v -41.838799 -13.315197 39.483501
v -41.864899 -13.343097 39.510601
v 42.618000 -6.002998 24.268900
v 42.649700 -5.647798 24.181601
v -83.952202 -5.112897 40.260700
v -84.036301 -5.097097 40.362099
v 100.096703 -0.098999 11.971900
v -42.539501 -13.482497 40.539001
v -42.514999 -13.483297 40.201401
v -42.539501 -13.482497 40.227402
v -42.520401 -13.472697 40.201401
v -42.446098 -13.463497 40.216202
v -42.484402 -13.484197 40.207001
v -42.484402 -13.484197 40.207100
v -44.096901 -12.881497 40.542999
v -44.104401 -12.880198 40.542999
v -44.109200 -12.879297 40.539001
v -44.082298 -12.884398 40.542999
v -44.058899 -12.889097 40.539001
v -44.087299 -12.883497 40.539001
v 100.316002 -3.241399 8.933700
v 100.639801 -3.241499 8.739200
v 47.063900 -0.478999 12.058000
v 47.063900 -6.002999 12.058000
v 72.882500 -3.192298 21.153601
v 72.882500 -3.290698 21.153601
v 72.882500 -3.599298 21.153601
v 72.882500 -2.883898 21.153601
v 73.375999 -2.994298 20.678499
v 73.375999 -3.488898 20.678499
v 72.718102 -3.241498 21.323601
v 73.820198 -4.667499 21.750999
v 73.820198 -1.815698 21.750999
v 73.820198 -4.446699 21.750999
v 74.011398 -1.610698 22.212700
v 96.325996 -5.419499 11.393000
v 96.325996 -1.063499 11.393000
v 73.775398 -1.491898 21.642700
v 73.762001 -1.430998 21.610600
v 1.804000 -1.435699 12.272400
v -47.617802 5.918603 38.526199
v -47.609100 5.924903 38.533199
v -47.617901 5.918603 38.526100
v 73.157799 -5.127199 20.151800
v 73.171097 -5.187999 20.184000
v -48.527199 5.733103 39.018600
v -48.530701 5.740703 39.018600
v -48.535400 5.751403 39.018398
v -48.538799 5.758603 39.018398
v 74.277199 -5.187999 22.042200
v 74.943802 -5.187999 21.575399
v 74.421501 -5.187998 22.134100
v 74.425598 -5.187999 20.324800
v 9.023200 -1.564198 25.691799
v 0.619000 -1.491998 20.587999
v -44.102001 -12.880997 39.078999
v 0.609500 -1.435699 13.422200
v -86.027901 -5.073097 40.539001
v 74.550301 -1.430998 20.624201
v 6.988600 -1.612498 26.805901
v 7.056500 -1.603998 26.773899
v -48.233299 5.802603 38.832600
v -49.639099 5.486403 37.306801
v -60.314999 -9.923397 38.062500
v -60.315201 -9.923497 38.062401
v -60.290001 -9.945797 38.091900
v 74.537003 -1.491998 20.591999
v 0.444000 -1.491999 17.032000
v 74.554001 -1.435698 21.509701
v 0.059400 -1.437599 17.283400
v 74.060898 -1.541598 21.904400
v 0.386800 -1.435699 18.912300
v -61.852600 -9.432497 39.280602
v 0.471500 -1.439299 14.207300
v 0.483000 -1.491999 14.235000
v -62.025002 -9.802397 39.280201
v -62.459202 -9.505097 39.018600
v -62.462700 -9.512697 39.018600
v -62.467701 -9.523597 39.018600
v -62.471001 -9.530797 39.018600
v 0.187500 -1.467699 14.439700
v -86.126503 -5.053997 40.290798
v 74.208199 -1.557898 21.998199
v 9.062800 -1.584098 25.787300
v -41.839001 6.634603 40.361599
v 9.073700 -1.578498 25.814100
v 9.062700 -1.584098 25.787201
v 9.073100 -1.589298 25.812401
v -41.876801 6.642803 40.542999
v -41.876801 6.642803 40.539001
v -86.123100 -5.047297 40.294201
v 74.439003 -5.126998 20.357000
v 9.281000 -1.673998 23.421000
v 74.864799 -4.977999 21.384199
v 8.924000 -1.673998 22.559000
v 9.082400 -1.574098 22.941999
v -41.826599 6.838203 39.483601
v -41.830002 6.831303 39.483501
v -41.817600 6.855703 39.483601
v -41.838799 6.814203 39.483501
v -41.867599 6.842903 39.512798
v 87.814499 -5.654999 14.053400
v 86.924500 -3.241499 11.904800
v 87.766197 -0.958999 13.936800
v -42.540401 6.982003 40.539001
v 0.426500 -1.435699 16.114599
v -62.165001 -9.574697 38.832199
v -42.540401 6.982003 40.228600
v -42.514801 6.982803 40.201401
v -42.520401 6.971703 40.201401
v -42.446999 6.963003 40.216000
v -61.538502 -9.698797 38.535400
v -61.549801 -9.690598 38.526199
v -61.549900 -9.690598 38.526100
v -63.310200 -9.560097 40.362099
v -62.700001 -9.675198 39.626701
v -84.585297 -5.114997 40.259701
v -62.527901 -9.305197 39.626801
v -84.924500 -5.130997 40.539001
v -84.654999 -5.137097 40.248402
v -84.777802 -5.175997 40.228600
v -84.810402 -5.186297 40.223301
v -84.924500 -5.130997 40.251499
v -63.138000 -9.190097 40.361900
v 10.109000 -1.567998 23.077999
v 74.982498 -6.396997 37.786598
v 6.793000 -1.673998 23.441000
v 6.971900 -1.583998 23.872499
v 6.971600 -1.583998 23.872499
v 73.025002 -6.812997 37.937000
v 73.025002 -6.396997 38.109100
v 73.025002 -6.549897 38.045898
v -77.556900 -6.552197 30.450199
v -43.585300 6.679003 37.412800
v -43.572601 6.710803 37.467300
v -43.585499 6.679003 37.412601
v -44.338799 6.536603 37.556499
v -45.018799 6.420003 37.709599
v -45.018902 6.420103 37.709599
v -45.007702 6.433903 37.730499
v -42.671799 6.850903 37.306198
v -49.639301 5.505202 34.397800
v 78.713997 -6.396998 20.789000
v 78.511398 -6.396998 20.497200
v -42.673302 6.869203 34.397800
v 79.711998 -6.396998 20.205999
v 78.438301 -6.396998 20.392799
v 79.281197 -6.383998 20.623899
v 79.208199 -6.383998 20.519600
v 79.186401 -6.344599 20.488501
v 78.713997 -6.186399 20.789000
v 79.186401 -6.212199 20.488501
v 11.772000 -1.173998 24.849001
v -63.307701 -9.355597 39.483501
v -63.310699 -9.361998 39.483501
v -63.318901 -9.379597 39.483501
v -63.299599 -9.338098 39.483501
v -63.346001 -9.351897 39.510502
v 73.025002 -7.101197 37.715599
v -64.994904 -8.788497 40.542999
v -65.000900 -8.787498 40.542999
v -65.005600 -8.786597 40.539001
v 78.763901 -5.187999 18.745399
v 79.770203 -5.187999 18.040600
v 76.878799 -5.187999 20.220699
v 76.200500 -5.188000 7.977100
v 78.459999 -5.654999 13.431000
v 78.109001 -5.187999 12.583800
v 76.902000 -5.187999 9.670200
v 76.863503 -5.187999 9.577300
v 76.849899 -5.187999 9.544600
v 76.849899 -5.187999 9.544600
v 76.849602 -5.187999 9.543800
v 12.502600 -1.430998 22.885000
v 5.202000 -1.673998 22.493999
v 83.623596 -5.654999 16.136600
v 81.908798 -5.654999 12.002900
v 83.337898 -5.654999 15.453400
v 79.541000 -5.654999 14.889000
v 81.705399 -5.187999 16.685400
v 81.289398 -5.187999 15.681000
v 73.025002 -6.812998 25.563000
v 73.025002 -6.549898 25.454100
v -77.244904 -6.811697 29.646200
v -77.279602 -6.805198 29.657301
v 73.025002 -7.101198 25.784401
v 73.851303 -6.396996 42.607101
v 73.782097 -6.396996 42.635799
v 73.025002 -6.396997 38.119099
v -44.230900 -13.258597 40.539001
v -76.540398 -6.542998 30.441000
v -76.652298 -6.521898 30.430300
v 81.939003 -5.187999 12.075700
v 83.160896 -5.187999 15.025800
v 79.717499 -5.187999 15.019900
v 78.900597 -5.187999 14.205900
v 81.910896 -5.654999 12.002000
v 11.786400 -1.430998 23.444201
v 83.162903 -5.187999 15.024300
v 81.941299 -5.187999 12.075400
v 3.072000 -1.673998 23.375999
v 81.476402 -5.187999 16.132999
v 81.299698 -5.187999 15.706800
v 81.692802 -5.187999 16.654900
v -64.982002 -8.791097 40.542999
v -64.956902 -8.796097 40.539001
v -64.987198 -8.790097 40.539001
v 11.429300 -1.430998 22.581200
v 11.412000 -1.430998 22.539000
v 11.773000 -1.491998 23.412001
v 80.772102 -5.187999 15.975600
v 78.686699 -5.187999 18.558901
v 11.791000 -1.435698 24.329700
v 79.998901 -5.187999 15.700800
v 79.168701 -5.187999 16.589800
v 79.562302 -5.187999 17.538099
v 0.123000 -2.074998 31.399000
v 0.123000 -3.240998 31.214001
v 0.123000 -4.406998 31.399000
v 2.500600 -3.737398 28.019899
v -65.129402 -9.165597 40.539001
v 0.728100 -1.842398 29.368000
v 0.734100 -1.843598 29.364000
v -77.294296 -6.542998 30.441000
v -77.074203 -6.442297 29.646400
v 12.163700 -1.438198 23.156099
v -78.934303 -6.040298 29.368000
v -78.931198 -6.040898 29.364000
v -78.887497 -6.048898 29.364000
v -78.889000 -6.048898 29.368000
v -78.887604 -6.049198 29.364000
v -78.905502 -6.045798 29.364000
v -78.906303 -6.045598 29.364000
v 11.416000 -1.491998 22.549000
v -77.959396 -6.476098 29.368000
v 12.511000 -1.469598 22.905300
v -65.000000 -8.787997 39.078999
v -77.932701 -6.474798 29.894899
v -77.959396 -6.476098 29.850599
v -77.938103 -6.486398 29.894899
v 12.393700 -1.438098 22.972601
v -77.866402 -6.493598 29.872801
v -77.916603 -6.496798 29.887100
v -77.916603 -6.496798 29.887100
v -79.550697 -5.924397 30.125799
v -79.001404 -6.027297 30.178200
v 13.171900 -0.958998 24.500700
v 14.225200 -0.958998 24.203899
v 13.134200 -1.493398 24.409700
v 78.642097 -5.187999 16.857599
v 2.264000 0.061002 30.441000
v 3.105300 -1.545698 29.479900
v 76.556602 -5.187999 19.441799
v 74.982597 -0.085997 37.786900
v 73.025002 3.903003 31.750000
v -44.338100 -13.037297 37.556301
v 2.889000 -1.673998 26.069000
v -45.018902 -12.920997 37.709499
v -45.018902 -12.921097 37.709499
v 2.714000 -1.673998 22.513000
v -45.007702 -12.934897 37.730499
v -79.060898 -6.418598 29.368000
v 3.265700 -1.479498 29.364000
v 3.239500 -1.538198 29.364000
v 4.605100 -1.430998 27.077900
v 77.788399 -5.187999 19.283100
v 5.394400 -1.430998 26.092100
v -47.600800 5.949502 32.479801
v -47.617500 5.937402 32.500900
v -47.617699 5.937402 32.500999
v 75.593002 -0.085997 43.235001
v 75.455002 -0.085997 42.769001
v 75.343002 -0.085997 42.296001
v 73.851303 -0.085997 42.607101
v 73.782097 -0.085997 42.635799
v 75.123001 -0.085997 40.542000
v 75.112999 -0.085997 38.195000
v 73.025002 -0.085997 38.181999
v -64.484200 -9.086897 37.412498
v -64.507301 -9.082297 37.416500
v -64.484001 -9.086497 37.412498
v -64.452797 -9.164598 37.546398
v -64.483803 -9.086397 37.412701
v -42.673100 -13.351398 37.306801
v 5.020000 -1.430998 25.186001
v -42.672001 -13.332697 34.398800
v 5.037300 -1.430998 25.229200
v 77.869202 -5.187999 16.584101
v 6.378600 -1.430998 25.332800
v 77.038200 -5.187999 17.472000
v 77.254601 -5.187999 17.993999
v 77.431297 -5.187999 18.420200
v 4.247700 -1.430998 26.215799
v 3.264300 -1.430998 26.974199
v -84.009003 -5.083397 29.697201
v -84.036797 -5.078098 29.645399
v 75.634201 -0.098997 43.332802
v 75.947998 -0.098997 44.030102
v 75.633797 -0.098997 43.332100
v 75.343002 -0.098997 42.296001
v 75.455002 -0.098997 42.769001
v 75.593002 -0.098997 43.235001
v 3.076900 -1.430998 24.980400
v -48.093102 6.048302 31.327499
v 4.618400 -1.491998 27.109900
v -48.232601 5.821103 32.024101
v -48.530701 5.759702 31.734100
v -48.535198 5.769602 31.734200
v -48.527000 5.751802 31.734100
v -48.538700 5.777102 31.734200
v 76.778603 -5.187999 13.951800
v 78.010399 -5.187999 13.793100
v 74.984100 -6.383997 37.791698
v 74.984200 -0.098997 37.792000
v 77.135597 -5.187999 14.814900
v -84.231201 -5.090698 29.700899
v -84.203201 -5.077898 29.694401
v -84.611198 -5.263897 29.789200
v -84.588997 -5.253798 29.784100
v -84.924500 -5.111998 29.711800
v -84.924500 -5.111998 29.368000
v -49.190800 6.144002 29.364000
v -41.830700 6.850702 31.010799
v -41.827599 6.856602 31.010799
v -41.818501 6.874403 31.010799
v -41.839600 6.833302 31.010799
v -41.863602 6.860802 30.971001
v -86.027496 -5.054597 29.368000
v 77.528503 -5.187999 15.762200
v 78.133797 -5.187999 15.297800
v 75.112999 -0.098997 38.195000
v 74.984901 -0.098997 37.794300
v 74.984596 -0.098997 37.793201
v -86.084702 -4.976998 29.643000
v 75.123001 -0.098997 40.542000
v 73.025002 -5.598498 25.060400
v 73.025002 -5.583498 25.033600
v 73.025002 -5.598298 25.060200
v 73.025002 -5.598398 25.060200
v 73.025002 -0.932898 24.974100
v 74.153198 -5.187998 22.555099
v 77.260201 -5.187999 11.982000
v -86.116898 -5.037397 29.673800
v -41.839001 6.653603 29.646000
v 92.072998 -6.434698 31.750000
v -42.514500 7.001302 29.895100
v -42.539501 7.000503 29.853500
v -42.520000 6.990502 29.895100
v -42.446098 6.981503 29.872299
v -42.484402 7.002203 29.886499
v -42.484402 7.002203 29.886400
v -42.539501 7.000503 29.368000
v 5.381000 -1.491998 26.059999
v 5.451000 -1.491998 26.778000
v 5.024000 -1.491998 25.197001
v 77.653702 -5.187999 12.929900
v 5.771600 -1.438198 25.804199
v 6.001300 -1.438198 25.620899
v -41.839600 -13.296298 31.010801
v -41.827400 -13.320098 31.010801
v -41.830700 -13.313698 31.010801
v -41.818401 -13.337798 31.010801
v -41.866402 -13.324598 30.967503
v 2.656900 -4.574498 28.397200
v 2.775300 -1.635798 28.683201
v 2.264000 -2.159898 29.539600
v -41.839001 -13.116598 29.646002
v 2.264000 -1.754598 29.603600
v 2.264000 -4.303597 29.536699
v 2.264000 -4.303698 30.166700
v 2.339300 -4.288097 30.065001
v 6.392000 -1.491998 25.365000
v -41.876801 -13.124798 29.368002
v -41.876801 -13.124798 29.364002
v 76.733101 -5.187999 12.250600
v -42.540401 -13.463998 29.851603
v -42.514198 -13.464798 29.895102
v -42.520000 -13.453498 29.895102
v -42.446999 -13.444998 29.872501
v -42.540401 -13.463998 29.368002
v -44.108299 6.397502 29.368000
v -44.097698 6.399403 29.364000
v -44.105202 6.398102 29.364000
v -44.058498 6.407202 29.368000
v -44.086300 6.401702 29.368000
v -44.083099 6.402302 29.364000
v 4.261000 -1.491998 26.247999
v 76.643700 -5.187999 9.511700
v 76.511101 -5.187999 17.740601
v 3.869200 -1.438298 26.504700
v 3.642700 -1.438298 26.685301
v 2.264000 -4.708898 29.600700
v 2.264000 -4.708797 30.244900
v 2.397300 -4.681298 30.065001
v -44.230499 6.776602 29.368000
v 76.144203 -6.396998 25.911301
v -44.058498 -12.870598 29.368002
v 2.401000 -4.705997 30.065001
v 75.737801 -5.187999 17.465900
v -47.917500 5.679102 31.324699
v -44.230499 -13.240198 29.368002
v -64.026001 -9.223997 40.539001
v -64.006599 -9.233397 40.201500
v -64.026001 -9.223997 40.227402
v -64.001701 -9.222797 40.201500
v -63.932499 -9.241497 40.216099
v -63.971699 -9.221397 40.206902
v -63.971699 -9.221397 40.207001
v 3.251000 -1.491998 26.941999
v 3.268200 -1.435698 27.859699
v -48.591400 5.552002 30.786699
v -48.768398 5.921002 30.788000
v 92.072998 -0.047298 31.750000
v -49.379299 5.608202 31.010799
v -49.387402 5.625803 31.010799
v -49.376499 5.602703 31.010900
v -49.368000 5.584403 31.010900
v -49.409901 5.599402 30.974400
v 75.880302 -5.187999 14.675200
v -63.570999 -9.258497 37.306702
v 75.959801 -5.187999 11.975900
v -49.205898 5.436102 29.645399
v 3.462800 -1.440398 25.112101
v 3.307500 -1.435698 25.062599
v -49.380100 5.805603 29.646200
v 2.264000 -2.159898 30.144699
v 2.323000 -2.172098 30.065001
v 2.264000 -1.754598 30.223000
v 2.264000 -3.174998 29.984800
v 2.952700 -3.174998 29.364000
v 76.127998 -5.187999 13.347900
v -15.867400 -7.917997 40.539001
v 4.244100 -1.435698 25.330299
v 4.088300 -1.440398 25.280701
v 4.088300 -1.440398 25.280701
v 2.952700 -3.174998 29.364000
v 2.561400 -1.816098 29.897499
v 4.191000 -1.491998 25.528999
v 7.525300 -1.430998 25.209200
v 76.102303 -5.188000 9.185200
v 75.744499 -5.188000 8.322200
v 7.512000 -1.491998 25.177000
v 18.730499 -2.599298 23.040199
v 7.903800 -1.438298 24.920300
v -13.173100 -7.411797 40.542999
v -13.182400 -7.413697 40.539001
v -12.741900 -7.322597 39.280499
v -60.314701 -9.904798 33.221500
v -60.295399 -9.921997 33.186401
v 22.512199 -3.905996 55.428600
v -60.314800 -9.904798 33.221699
v 22.494600 -3.905996 55.439800
v 22.513000 -2.102996 55.428101
v 22.495501 -2.102996 55.439301
v 8.130200 -1.438298 24.739700
v 5.554400 -1.440298 27.026800
v 5.554400 -1.440298 27.026800
v 5.399300 -1.435698 26.977600
v 24.872101 -3.902397 44.538399
v 24.872000 -3.900997 44.537998
v 24.685400 -3.601797 44.493698
v 24.676701 -3.454997 44.472000
v 24.589600 -3.303197 44.464600
v 24.589600 -2.706797 44.464600
v 24.677000 -2.554997 44.472000
v 24.685900 -2.408697 44.493599
v 4.204000 -1.435698 28.127300
v -63.572399 -9.239897 34.397099
v 76.144302 -0.085998 25.910999
v 4.672000 -0.327998 28.575001
v 92.646004 -6.390997 35.330002
v -51.562099 -5.278599 21.461201
v 86.082397 -6.390997 35.330002
v 86.098297 -6.383997 35.331001
v 25.731600 -4.806997 44.820702
v -13.831000 -7.953397 40.361801
v 92.072998 -6.390997 32.081200
v 92.072998 -6.390997 31.418800
v 6.735700 -1.430998 26.195801
v -65.228798 -8.927197 34.012299
v -55.529999 -5.831998 18.809000
v -55.529999 -5.003999 18.691999
v 21.668100 -1.554999 8.659200
v 18.435600 -1.554999 12.296500
v -93.117996 -4.892998 29.638000
v -93.117996 -4.406998 31.399000
v -13.987400 -7.580097 40.542999
v -88.900002 -4.512897 29.569700
v -14.016400 -7.586197 40.362202
v -14.052700 -7.593697 40.354599
v -93.117996 -3.240998 31.214001
v -93.117996 -2.074998 31.399000
v -14.053600 -7.594097 40.542999
v -14.053600 -7.594097 40.539001
v 92.599197 -6.383997 35.331001
v 92.646004 -0.091997 35.330002
v 86.086403 -0.091997 35.330002
v 86.102303 -0.098997 35.331001
v 6.749000 -1.491998 26.228001
v -1.957400 -5.143997 40.539001
v -14.719500 -7.934497 40.539001
v -14.627000 -7.915497 40.216000
v -14.677600 -7.913097 40.206699
v -14.677600 -7.913097 40.206699
v -13.412200 -7.461197 39.626701
v -1.769400 -5.510397 40.539001
v 92.072998 -0.091998 31.411301
v 92.072998 -0.091998 32.088699
v 92.599197 -0.098997 35.331001
v 90.852303 -3.240997 35.331001
v 90.407799 -2.281897 35.331001
v 90.411400 -2.282097 35.330002
v 90.407799 -4.200097 35.331001
v 90.411400 -4.199897 35.330002
v 6.822400 -1.430998 26.404900
v -2.060600 -5.165297 40.234100
v -88.900002 -1.950098 29.559900
v -66.960899 -8.601097 33.358700
v -66.952103 -8.601597 33.362000
v -91.208603 -2.385398 29.504000
v -88.900002 -1.963698 29.250799
v -88.900002 -1.943198 29.364000
v -66.749802 -8.583997 33.250999
v -67.118301 -8.583997 33.250999
v -89.879997 -3.174998 28.575001
v -89.991501 -3.239998 28.585300
v -67.265198 -8.554597 33.193298
v -67.265198 -8.554597 33.193401
v -67.259804 -8.559397 33.183601
v -88.900002 -4.520098 29.271900
v -88.900002 -4.536798 29.364000
v -88.154999 -4.688498 29.364000
v -93.117996 -3.217398 29.372700
v 92.646004 -6.390997 28.980000
v 92.646004 -6.383997 28.980000
v 92.646004 -6.383997 30.417000
v 88.506599 -6.390997 28.980000
v 92.646004 -0.091998 28.980000
v 92.646004 -0.098998 30.417000
v 92.646004 -0.098998 28.980000
v 88.509201 -0.091998 28.980000
v 8.866600 -1.430998 25.312901
v 8.880000 -1.491998 25.344999
v 7.529500 -1.435698 26.094601
v -41.674999 1.020302 26.014400
v -41.681000 1.016502 26.013100
v -45.736000 2.928002 21.122000
v -1.880400 -5.533597 40.046398
v -88.900002 -3.174998 29.365999
v -88.900002 -3.217398 29.372700
v -2.339700 -5.223097 40.204601
v -85.935402 -1.794098 29.597401
v -85.854897 -1.778398 29.368000
v -2.485800 -5.658897 39.982498
v 4.997500 -1.430998 28.026300
v 5.001800 -1.430998 28.036600
v 5.001800 -1.430998 28.036600
v 4.995700 -1.430998 28.040600
v 4.984200 -1.491998 27.994200
v 5.000800 -1.441598 28.034201
v -41.674999 1.715102 24.209000
v -41.681000 1.710802 24.209000
v 76.512001 -0.098998 25.968599
v 76.145103 -6.383998 25.906099
v 76.145203 -0.098998 25.905800
v 76.145500 -0.098998 25.903900
v 76.145500 -0.098998 25.903900
v 77.225998 -6.396998 22.443001
v 75.402199 -6.396998 22.758900
v 75.338699 -6.396998 22.718399
v 77.225998 -6.383998 22.443001
v 77.225998 -0.085998 22.443001
v 75.402199 -0.085998 22.758900
v 75.338699 -0.085998 22.718399
v 77.225998 -0.098998 22.443001
v 76.295998 -0.098998 25.013000
v 73.025002 1.357003 37.271999
v -88.900002 -2.352498 29.368000
v -88.900002 -2.352498 29.496201
v -88.900002 -1.950098 29.368000
v -41.674999 0.660402 22.025299
v -41.681000 0.651702 22.022400
v -15.679400 -8.284397 40.539001
v -114.300003 1.571003 38.373001
v -114.300003 2.691003 34.924999
v -114.300003 2.112003 36.643002
v -114.300003 2.404002 33.112000
v -114.300003 1.322002 31.658001
v -62.163502 -9.555897 32.025501
v -62.025002 -9.783398 31.327299
v -62.462799 -9.494197 31.734200
v -62.467602 -9.504597 31.734200
v -62.471100 -9.511997 31.734200
v -62.700100 -9.656199 30.787901
v 6.251100 -1.438198 27.217899
v 6.179500 -1.440298 27.195101
v 5.694100 -1.551998 27.548700
v -95.274002 2.112003 36.643002
v -102.336998 2.708603 37.192001
v -100.862999 2.708603 37.192001
v -99.671997 2.952903 36.326000
v -95.930000 3.058203 35.661999
v -102.934402 2.864002 32.963001
v -99.671997 2.952903 33.523998
v -100.265602 2.864002 32.963001
v -95.930000 3.058203 34.188000
v -99.671997 2.162203 33.523998
v -95.930000 2.267303 34.188000
v -103.211403 2.112003 36.643002
v -99.988998 2.112003 36.643002
v -99.671997 2.162203 36.326000
v -95.930000 2.267303 35.661999
v -0.571500 -5.148397 40.242599
v -0.809000 -5.160497 40.539001
v -0.611600 -5.166597 40.233398
v -0.809000 -5.160497 40.236500
v 73.025002 -7.143997 37.689999
v -91.889603 -2.715098 29.452000
v -91.889603 -2.715098 29.438801
v -8.724400 -6.897397 40.539001
v -85.854897 -4.684597 29.368000
v -85.935097 -4.669998 29.594500
v -101.599998 2.649002 32.541000
v -100.862999 2.708602 32.658001
v -100.862999 1.832003 32.658001
v -15.322400 -7.804797 38.252102
v -15.321400 -7.804597 38.252602
v -113.333000 0.557003 40.062000
v -113.333000 1.962003 38.657001
v -15.324800 -7.805697 38.250301
v -109.538002 2.649003 37.308998
v -103.528999 2.952903 36.326000
v -8.912400 -6.530997 40.539001
v -111.805000 3.058203 35.661999
v -110.939003 2.869403 36.853001
v -108.136002 2.869403 36.853001
v -107.269997 3.058203 35.661999
v -88.900002 -4.110497 29.368000
v -88.900002 -4.110497 29.506201
v -113.333000 3.175003 34.924999
v -103.528999 2.952903 33.523998
v -111.805000 3.058203 34.188000
v -110.872299 2.864002 32.963001
v -108.202698 2.864002 32.963001
v -107.269997 3.058203 34.188000
v -113.333000 2.864002 32.963001
v 9.023200 -1.430998 25.691799
v -111.805000 2.267303 34.188000
v -111.805000 2.267303 35.661999
v 73.025002 3.969002 31.750000
v -103.528999 2.162203 33.523998
v -107.269997 2.267303 34.188000
v -103.528999 2.162203 36.326000
v -111.149002 2.112003 36.643002
v -107.926003 2.112003 36.643002
v -107.269997 2.267303 35.661999
v -8.999700 -6.548997 39.526001
v -8.992600 -6.547897 39.527100
v -8.992100 -6.547797 39.527199
v -88.900002 -4.512897 29.368000
v -109.538002 2.649002 32.541000
v -109.538002 1.772303 32.541000
v -89.866997 0.557003 40.062000
v -16.038000 -7.952997 37.961201
v 9.660500 -1.435698 25.212700
v -16.017000 -8.152797 37.569199
v -16.025101 -8.151897 37.570999
v 7.002500 -1.430998 26.839399
v 7.002200 -1.430998 26.839600
v 73.025002 2.347002 27.218000
v -8.768500 -6.906697 39.168301
v -93.663002 2.649003 37.308998
v -62.459099 -9.486197 31.734200
v -63.300201 -9.319098 31.010799
v -63.308399 -9.336699 31.010799
v -63.311401 -9.343198 31.010799
v -63.319599 -9.360898 31.010799
v -63.347401 -9.332798 30.967899
v -95.064003 2.869403 36.853001
v -93.663002 1.772303 37.308998
v -93.117996 1.816503 37.222500
v -92.327698 2.864003 36.887001
v -72.095398 1.300603 40.539001
v 6.992800 -1.553398 26.816999
v 6.993100 -1.553498 26.816799
v 6.993100 -1.553498 26.816799
v 6.993100 -1.553798 26.816700
v 6.993100 -1.553798 26.816700
v -6.218100 -6.024797 40.542999
v -6.227400 -6.026697 40.539001
v 73.025002 -5.908998 25.150000
v -6.218700 -6.430497 39.589298
v 73.025002 -7.143998 25.809999
v 64.989403 6.350002 31.750000
v 78.713997 -0.085998 20.789000
v 78.511398 -0.085998 20.497200
v 79.711998 -0.085998 20.205999
v 78.438301 -0.085998 20.392799
v 79.281197 -0.098998 20.623899
v 79.208199 -0.098998 20.519600
v 8.144900 -1.440298 26.268200
v -6.566800 -6.096897 39.759300
v -6.793700 -6.143997 40.542999
v 79.186401 -0.138398 20.488501
v 79.186401 -0.270798 20.488501
v 78.713997 -0.296698 20.789000
v 78.712700 -1.430999 18.621401
v 77.784103 -1.430999 19.271700
v 71.091202 -3.290597 43.750599
v 71.091202 -3.192397 43.750599
v 71.091202 -2.884297 43.750599
v 71.091202 -3.598497 43.750599
v 70.959198 -3.241497 43.555401
v 75.935898 -1.430998 20.721399
v 76.200203 -1.430999 7.976400
v -64.233299 -3.239998 24.770800
v -71.962700 0.923403 40.542999
v -71.961899 0.923503 40.542999
v -71.967400 0.922503 40.539001
v -71.960098 0.923903 40.542999
v -71.923401 0.931103 40.539001
v -71.965302 0.922903 40.539001
v -64.766998 -4.356398 24.956499
v -7.064300 -6.199797 40.361401
v -7.097700 -6.206697 40.354500
v -7.098600 -6.207097 40.542999
v -7.031200 -6.193197 40.542999
v -7.098600 -6.207097 40.539001
v 63.502998 5.268603 36.147999
v 63.502998 4.745003 37.042000
v 63.502998 4.495803 37.377998
v 61.915001 3.434403 38.598999
v 61.915001 1.851303 39.828999
v -6.876000 -6.566397 40.361801
v -66.651001 -9.067998 29.364000
v 61.915001 1.585003 39.828999
v 61.915001 1.585003 38.598999
v 63.502998 3.173003 37.377998
v 63.502998 3.173003 36.147999
v 69.056000 -4.108997 41.229000
v 78.459999 -1.430999 13.431000
v 78.459999 -0.958999 13.431000
v 76.856400 -1.430999 9.560300
v 76.901901 -1.430999 9.670000
v 10.397900 -1.461898 25.326401
v -6.271000 -6.441297 39.626598
v 78.109200 -1.430999 12.584300
v 83.575302 -0.958999 16.019899
v 81.908798 -0.958999 12.002900
v 82.276001 -0.958999 15.719000
v 83.337898 -0.958999 15.453400
v 79.834999 -0.958999 15.107000
v 80.647797 -1.430999 17.266199
v 82.618698 -1.430999 15.997900
v 82.618599 -1.430999 15.997900
v 82.489799 -1.430999 15.687200
v 82.489899 -1.430999 15.687200
v 82.564796 -1.430999 13.586800
v -6.491800 -6.438197 39.585400
v -7.158600 -6.422297 39.593498
v 79.950798 -1.430999 15.176500
v 79.950798 -1.430999 15.176500
v 78.942703 -1.430999 14.262800
v 81.910896 -0.958999 12.002000
v 83.353996 -0.958999 15.485800
v 82.567299 -1.430999 13.586500
v -59.425598 -9.870898 29.368000
v -59.425900 -9.870898 29.364000
v -17.720600 -8.503997 37.986198
v 10.997400 -1.430998 24.430700
v -10.979900 -7.363897 38.711102
v 9.656300 -1.430998 24.327101
v 9.298400 -1.430998 23.464199
v 69.822899 -3.241497 40.811600
v -7.764500 -6.547497 40.539001
v 10.639700 -1.430998 23.567801
v 70.464203 -4.025997 40.388100
v 8.906100 -1.430998 22.515699
v -12.556200 -7.689797 39.279999
v -7.739600 -6.548297 40.201401
v -7.764500 -6.547497 40.227901
v -7.745000 -6.537597 40.201401
v -13.226000 -7.828297 39.626598
v -7.672800 -6.528497 40.215801
v -7.722600 -6.526097 40.206699
v -7.722600 -6.526097 40.206699
v 9.082400 -1.430998 22.941999
v -63.313202 -9.540498 29.646299
v 69.056000 -6.819997 40.549999
v -2.020000 -6.834597 36.118000
v 80.584396 -1.430999 17.114201
v -13.168100 -7.619597 39.018600
v -13.173400 -7.609097 39.018600
v -13.164400 -7.626897 39.018600
v -13.177100 -7.601897 39.018600
v 80.209000 -1.430999 16.209000
v -71.966003 0.923003 39.078999
v -61.852501 -9.413498 31.326700
v -62.527901 -9.286198 30.787701
v -12.871800 -7.552497 38.831600
v -12.435800 -7.462197 38.612801
v 80.191704 -1.430999 16.165800
v -14.694600 -7.935297 40.201401
v -14.719500 -7.934497 40.227901
v -14.700000 -7.924497 40.201401
v -14.009700 -7.784197 39.483601
v -14.006400 -7.790697 39.483601
v -13.997400 -7.808197 39.483601
v -14.018400 -7.766997 39.483601
v -14.045600 -7.795197 39.511398
v 8.508700 -1.430998 24.450800
v 7.167500 -1.430998 24.346300
v 6.775600 -1.430998 23.398800
v 6.827000 -1.430998 23.523100
v 64.128899 6.331802 31.379499
v 64.990097 6.349902 31.750999
v -63.138000 -9.171098 29.645399
v 78.453499 -1.430999 17.996300
v -14.729200 -8.072397 37.726898
v -7.064000 -6.181598 29.646000
v 78.061401 -1.430999 17.048700
v -2.020000 -8.679797 36.118000
v -2.020000 -7.013997 34.987000
v 69.056000 -3.174998 22.225000
v -2.020000 -7.003797 34.923000
v 71.288498 -3.241698 23.567600
v 71.288498 -3.241698 23.567600
v 78.636299 -1.430999 15.304100
v -7.101000 -6.189398 29.364000
v -7.101100 -6.189398 29.364000
v -7.101900 -6.189797 29.368000
v -2.020000 -8.858997 34.987000
v -2.020000 -8.848897 34.923000
v 4.662000 -1.430998 24.323999
v -7.101900 -6.189797 29.364000
v 4.644700 -1.430998 24.280800
v -64.026001 -9.204998 29.853600
v -64.006104 -9.214598 29.895000
v -64.001099 -9.203798 29.895000
v -63.933399 -9.222498 29.872601
v -63.972500 -9.202498 29.886900
v -63.972599 -9.202498 29.886700
v -64.026001 -9.204998 29.368000
v 5.559200 -1.430998 23.355499
v -6.875500 -6.547398 29.645500
v 5.207200 -1.430998 24.098400
v -8.822800 -6.899198 30.797199
v -64.956497 -8.777598 29.368000
v 5.219500 -1.430998 22.536301
v -65.128899 -9.147198 29.368000
v 79.852699 -1.430999 15.346700
v -7.745000 -6.518497 29.895100
v -7.765400 -6.528997 29.851500
v -7.739200 -6.529798 29.895100
v -7.394300 -6.452298 30.394800
v -7.671100 -6.509498 29.872299
v -7.710200 -6.530598 29.886700
v -7.710200 -6.530598 29.886801
v 69.056000 -4.108998 22.271000
v 78.243698 -1.430999 14.355800
v 9.400900 -1.629799 8.751100
v 9.481300 -1.638999 8.717800
v 9.460400 -1.636499 8.726500
v -15.306600 -8.188397 32.474098
v 3.088900 -1.639199 11.365900
v 77.886597 -1.430999 13.492800
v -75.959000 0.572103 39.278999
v -7.765400 -6.528997 29.368000
v -9.063400 -6.542998 30.441000
v -9.023200 -6.534698 30.436800
v -18.047800 -8.552797 33.189701
v 0.958600 -1.639099 12.248400
v -17.757700 -8.290397 32.674400
v 4.464500 -1.430998 22.635599
v 3.428500 -1.430998 24.237900
v -1.172200 -1.639199 13.131100
v 3.089300 -1.430998 23.419100
v 57.664902 0.516002 22.971800
v 57.642200 -6.997998 23.034300
v 57.936798 -3.174998 22.225000
v 9.460400 -1.636499 8.726500
v 11.010800 -1.491998 24.462799
v 9.481300 -1.638999 8.717800
v -8.723900 -6.878898 29.368000
v -8.911900 -6.511898 29.368000
v 4.594900 -1.611099 13.555600
v 9.643000 -1.491998 24.295000
v 10.027500 -1.437598 24.043600
v 3.154800 -1.584099 14.657300
v 3.154200 -1.584099 14.657200
v -70.103996 1.325103 40.361900
v 75.891098 -1.430998 20.727900
v 76.680397 -1.430998 19.742100
v 76.322899 -1.430999 18.879299
v 77.664597 -1.430999 18.982800
v -70.276199 1.695103 40.362099
v 1.203000 -1.673999 15.971000
v 0.845000 -1.673999 15.109000
v -70.992500 1.359003 40.539001
v -70.992500 1.359003 40.227901
v -70.972702 1.368603 40.201500
v -70.967697 1.357903 40.201500
v -70.898499 1.376503 40.216099
v -70.937698 1.356403 40.206902
v -70.937698 1.356403 40.207001
v 9.285000 -1.491998 23.431999
v 1.385000 -1.673999 13.278000
v 75.930603 -1.430999 17.930799
v -13.373800 -7.649097 31.547100
v 76.146599 -1.430999 18.452999
v 76.492897 -1.430999 17.748400
v 76.845200 -1.430999 17.005501
v -13.405900 -7.632197 31.530199
v -15.813300 -7.888098 31.884501
v -15.817300 -7.888798 31.885900
v -15.816300 -7.888698 31.885599
v -58.162498 -10.511598 29.368000
v 1.206700 -1.584099 12.847000
v 1.206300 -1.584099 12.847000
v -15.548900 -7.785997 31.684000
v -15.722000 -8.274997 31.639999
v -89.866997 2.864003 36.887001
v -88.900002 1.571003 38.373001
v -88.900002 1.304003 38.289001
v -91.288803 0.532003 34.987000
v -94.997299 2.864002 32.963001
v 29.101999 12.453903 32.983002
v -93.663002 1.772303 32.541000
v 10.653000 -1.491998 23.600000
v 10.268200 -1.437598 23.851601
v 8.919400 -1.491998 22.547899
v 9.854700 -1.440398 22.464300
v 9.854700 -1.440398 22.464300
v 9.698700 -1.435798 22.414801
v 10.635600 -1.435698 22.682301
v -93.117996 1.784503 32.627499
v 29.101999 12.150902 29.927999
v -72.138000 1.293003 39.078999
v -20.922899 -4.972098 24.669399
v -71.386398 1.434403 38.033100
v -71.405502 1.418803 38.063599
v -71.408203 1.416603 38.068001
v -71.577797 0.996503 38.596500
v -13.225900 -7.809298 30.787901
v -58.379101 -10.068198 29.364000
v -0.746000 -1.673999 14.161000
v 8.522000 -1.491998 24.483000
v 29.104000 12.700003 31.750998
v 7.154200 -1.491998 24.314199
v 29.104000 11.485002 29.105000
v 6.789000 -1.491998 23.431000
v 76.505402 -1.430999 16.186199
v 6.841900 -1.518698 23.559000
v 6.841900 -1.447898 23.559000
v 28.575001 9.413003 36.598099
v 29.101999 9.457803 35.715401
v 76.113098 -1.430999 15.237900
v 29.104000 9.457003 35.726398
v -11.833800 -7.116498 29.368000
v -11.832100 -7.116097 29.364000
v -13.403000 -7.441098 29.364000
v -72.077698 1.304003 38.289001
v -13.415100 -7.443697 30.788799
v -30.195000 -5.003999 18.688999
v -57.988998 -10.141898 29.364000
v -14.007000 -7.772098 31.010700
v -14.010400 -7.765498 31.010700
v -13.998200 -7.789398 31.010700
v -14.019200 -7.748097 31.010700
v -57.990601 -10.141898 29.368000
v -57.989101 -10.142199 29.364000
v -58.062302 -10.127898 29.364000
v -1.103000 -1.673999 13.298000
v 29.667000 9.413003 36.147999
v -14.046900 -7.776698 30.966499
v -0.924200 -1.584099 13.729800
v -0.924300 -1.584099 13.729700
v 76.404602 -1.430999 15.942600
v 29.101999 9.509603 34.924999
v 29.104000 9.509502 34.924999
v 76.902397 -1.430999 14.252100
v 7.706500 -1.439098 22.511900
v 76.868896 -1.430999 15.139400
v 7.695000 -1.491998 22.483999
v 76.528000 -1.430999 13.346000
v 76.545303 -1.430999 13.389200
v 7.569200 -1.435698 23.297701
v -14.055600 -7.576097 29.364000
v -14.019000 -7.568598 29.646000
v 8.505600 -1.435798 23.565201
v -114.300003 -3.174998 29.059000
v -114.300003 -4.892998 29.638000
v 29.101999 7.356002 27.150000
v 29.104000 7.583002 27.193001
v -51.022598 -11.524997 40.542999
v -51.022701 -11.525197 40.542999
v -14.001500 -7.565298 29.364000
v -51.025101 -11.524797 40.539001
v -14.056900 -7.576797 29.368000
v -51.040001 -11.521797 40.542999
v -14.056900 -7.576797 29.364000
v -51.044300 -11.521197 40.542999
v -13.834300 -7.935198 29.646601
v 77.192902 -1.430999 14.035100
v -13.866500 -7.941897 29.657000
v 20.771000 -1.555000 -1.587000
v 20.771000 -4.927000 -1.587000
v 18.741199 0.516001 12.058000
v 22.465401 0.516001 7.752000
v 18.681000 0.516001 12.058000
v 18.741199 -1.554999 12.058000
v -114.300003 -1.456997 40.212002
v -114.300003 -1.361997 40.504002
v -114.300003 0.273002 30.179001
v -114.300003 0.092002 30.427999
v -68.818604 1.567503 39.280602
v -69.493896 1.440203 39.626801
v 7.991400 -1.467598 22.279699
v -33.477001 -5.205998 20.808800
v -37.966000 -5.831998 18.760000
v -68.990997 1.937403 39.280201
v -93.117996 -1.023997 38.039001
v -93.117996 -0.207497 37.222500
v -69.666000 1.810203 39.626701
v -41.674999 -6.065997 45.466999
v -42.891998 -6.542997 39.532001
v -51.196899 -11.894597 40.539001
v 29.101999 6.885502 27.194000
v 29.104000 6.885402 27.194000
v 29.101999 6.885502 27.194000
v 29.104000 6.885402 27.194000
v 29.101999 6.780902 27.074800
v 29.104000 6.774002 27.067101
v -69.425201 1.640103 39.018600
v -69.428703 1.647703 39.018600
v -69.433701 1.658603 39.018600
v -69.436996 1.665803 39.018600
v 76.152702 -1.430999 12.440800
v 77.067200 -1.430999 11.515400
v 4.658000 -1.491998 24.313000
v -14.700000 -7.905498 29.895100
v -14.720400 -7.915998 29.851500
v -14.694200 -7.916798 29.895100
v -14.627000 -7.896997 29.872499
v -14.665200 -7.917697 29.886700
v -14.665200 -7.917697 29.886700
v -14.720400 -7.915998 29.368000
v 76.714897 -1.430999 12.257700
v -51.068001 -11.516997 39.078999
v 5.575500 -1.439198 23.394899
v 27.492701 9.413003 36.147999
v 5.564000 -1.491998 23.367001
v 5.438400 -1.435698 24.180401
v -15.866900 -7.898898 29.368000
v -70.273903 1.490603 39.483601
v -70.276802 1.497003 39.483501
v -70.265800 1.473103 39.483601
v -70.284897 1.514503 39.483501
v -70.312103 1.486903 39.510601
v -69.130997 1.709703 38.832199
v -15.678900 -8.265898 29.368000
v -88.900002 2.377003 34.987000
v -88.900002 2.691003 34.924999
v -89.866997 3.175003 34.924999
v -91.394997 3.058203 35.661999
v -91.394997 3.058203 34.188000
v -86.690002 2.197803 36.118000
v -86.690002 2.377003 34.987000
v -86.690002 2.366903 34.923000
v -86.690002 0.532003 34.987000
v -86.690002 0.521903 34.923000
v 6.374100 -1.435698 24.447300
v 29.950701 -3.241099 16.551500
v 29.929600 -3.241099 16.536301
v 29.929600 -3.241099 16.536301
v 29.538601 -2.972899 17.036100
v 5.206200 -1.491998 22.504101
v 5.860500 -1.467598 23.161600
v -41.674999 -6.940198 27.586700
v -41.681000 -6.938198 27.584299
v 76.727898 -1.430999 10.696300
v 6.419500 -1.439198 22.540100
v 6.431000 -1.491998 22.568001
v 6.134000 -1.467598 22.773500
v -38.174099 -4.976998 29.643000
v -92.007004 2.102003 33.250999
v -88.900002 2.375603 34.978100
v -91.394997 2.267303 34.188000
v -91.287399 2.375603 34.978100
v -91.394997 2.250403 34.188000
v -93.663002 2.649002 32.541000
v 76.335098 -1.430999 9.747700
v -93.117996 1.304002 31.684000
v -92.261002 2.869402 32.997002
v 29.121599 -3.241099 16.091400
v 29.559200 -3.240999 16.270201
v 29.559299 -3.240999 16.270201
v 29.559601 -3.240999 16.270399
v 29.559299 -3.240999 16.270201
v -88.900002 2.112003 33.207001
v -52.314999 -11.281198 40.542999
v 4.004600 -1.467698 23.654600
v 3.729400 -1.467698 24.045401
v 3.444600 -1.439098 24.276899
v -84.036797 -1.403897 40.362000
v -88.900002 1.322002 31.658001
v -88.900002 1.571002 31.476999
v 7.938000 -6.091296 51.790199
v 7.938000 -6.823996 51.596001
v 7.938000 -5.169996 53.095001
v 75.977699 -1.430999 8.884900
v 11.957000 -6.555996 51.958000
v 11.957000 -6.824996 51.596001
v 75.973198 -1.430999 10.795500
v 11.957000 -5.170996 53.095001
v 11.957000 -5.556996 52.862999
v 11.957000 -6.823996 51.596001
v 11.957000 -5.169996 53.095001
v 11.957000 -5.062896 50.437599
v 3.433000 -1.491998 24.249001
v 3.076000 -1.491998 23.386999
v 4.289400 -1.439198 23.422199
v -84.211197 -1.034397 40.361401
v 4.301000 -1.491998 23.450001
v 75.755699 -1.430999 14.375800
v 75.533699 -1.430998 19.865801
v 74.374901 -1.430999 17.069099
v -88.900002 0.273003 39.671001
v -88.900002 0.061003 39.532001
v -22.822399 -9.304997 40.539001
v 74.362900 -1.430999 18.630400
v -69.129501 1.728402 32.025501
v -72.120499 1.314802 31.705200
v -22.634399 -9.671997 40.539001
v 3.490200 -1.435698 22.369699
v 4.426000 -1.435698 22.637300
v 74.714401 -1.430999 17.888100
v -72.179497 1.304002 31.684000
v 74.083397 -1.430999 16.364401
v 73.982597 -1.430999 16.120800
v -52.460098 -11.253798 40.542999
v -52.459499 -11.253897 40.539001
v 0.123000 -1.023998 31.934000
v 0.079000 -1.302598 29.645700
v -86.027901 -1.427397 40.539001
v -69.428902 1.666702 31.734301
v -69.433701 1.677102 31.734301
v -69.437202 1.684502 31.734301
v -69.425201 1.658802 31.734301
v 74.772301 -1.430999 15.134200
v 74.414398 -1.430999 14.271200
v 74.022400 -1.430999 13.323700
v 74.362999 -1.430999 14.147000
v 74.584900 -1.430999 13.140400
v 74.936501 -1.430999 12.397900
v 74.597298 -1.430999 11.579100
v -86.125298 -1.445897 40.299900
v 1.317400 -1.430998 25.163401
v 1.304100 -1.491898 25.131201
v 33.805000 -0.850998 22.658001
v 0.567500 -1.430998 23.352699
v 0.580700 -1.491898 23.384701
v 21.643700 -6.924297 46.657902
v 2.696600 -1.430998 22.470800
v 2.513700 -1.430998 25.163799
v -53.294800 -11.335397 38.125301
v -68.818604 1.586502 31.326799
v -68.992996 1.955102 31.329201
v -69.668900 1.827702 30.788900
v 34.442600 -0.689998 22.766600
v -88.900002 -1.361997 40.504002
v 1.355300 -1.430998 22.367100
v 34.676498 -0.531998 22.828600
v 34.676300 -0.532098 22.828600
v 1.321600 -1.430998 23.254299
v 1.998700 -1.430998 24.636999
v -70.274803 1.509602 31.010700
v -70.277496 1.515602 31.010799
v -70.266296 1.491302 31.010700
v -70.285599 1.533102 31.010799
v -70.311096 1.506002 30.970699
v -84.525200 -1.388897 40.270802
v -53.348202 -11.287797 38.063000
v -53.348598 -11.287897 38.062698
v -54.886501 -10.796497 39.280602
v -84.924500 -1.369997 40.539001
v -55.058998 -11.166397 39.280201
v -84.590797 -1.368097 40.260201
v -84.790199 -1.304897 40.228001
v -84.758301 -1.314997 40.233200
v -84.924500 -1.369997 40.261200
v -71.964798 0.942502 31.322500
v 2.710000 -1.491998 22.503000
v -19.510900 -9.076797 39.280102
v 2.527000 -1.491998 25.195999
v -56.345699 -10.923798 40.361500
v 33.759701 -2.438998 22.486300
v 33.759701 -2.438998 22.486300
v 1.342000 -1.491998 22.334999
v -55.734100 -11.039097 39.626701
v 32.464699 -3.523998 20.885799
v -19.167601 -8.775097 38.568600
v -19.218000 -8.813597 38.526402
v 32.464699 -2.957998 20.885799
v 32.757000 -3.245798 20.538401
v 32.757000 -3.236298 20.538401
v 32.757000 -3.208298 20.538401
v 32.757000 -3.273598 20.538401
v 32.779598 -3.240998 20.593399
v 33.247101 -3.232898 22.076000
v 33.263699 -3.241198 22.133400
v 33.247101 -3.249398 22.076000
v -19.218300 -8.813498 38.526199
v 33.217999 -3.240998 22.110500
v 32.899101 -2.957998 22.389400
v 32.977901 -2.995998 22.395800
v 32.978001 -3.012598 22.395599
v 32.178001 -2.745998 22.334000
v -55.496899 -10.877197 39.018600
v -55.501701 -10.887597 39.018600
v -55.505001 -10.894797 39.018600
v -55.493301 -10.869497 39.018600
v 1.359800 -1.435698 23.252600
v 2.295300 -1.435698 23.519400
v -55.197601 -10.938997 38.831600
v -76.459900 0.076203 39.626801
v -76.634903 0.444703 39.625999
v -19.696899 -8.709598 39.280499
v -20.367300 -8.848197 39.626701
v -67.469002 2.421402 29.364000
v 32.975899 -3.471498 22.398199
v 32.975300 -3.488198 22.398800
v -76.179497 0.442303 39.150700
v 2.489400 -1.491898 27.992701
v 2.476000 -1.430998 27.960600
v -76.170303 0.438803 39.154202
v -20.180799 -9.215297 39.626598
v -77.244904 0.329703 40.361500
v -77.279602 0.323203 40.354301
v 33.294102 -3.241098 22.422300
v -69.493896 1.459202 30.787701
v -20.132200 -8.988797 39.018600
v -20.123100 -9.006598 39.018600
v -20.128401 -8.996197 39.018600
v -20.119400 -9.013897 39.018600
v -77.074203 -0.039697 40.361401
v -20.923901 -8.963597 40.542999
v -21.008499 -8.981097 40.542999
v -20.867399 -8.951897 40.539001
v -20.971399 -8.973197 40.362202
v -21.008600 -8.981097 40.542999
v -21.008600 -8.981097 40.539001
v -77.231903 0.109403 39.483601
v -77.176300 0.159203 39.433800
v -77.239899 0.126603 39.483601
v -77.242798 0.133003 39.483501
v -77.250801 0.150203 39.483501
v -77.278397 0.122803 39.510799
v -77.225197 0.108203 39.484798
v 34.789700 -5.988998 22.881500
v 11.957000 -5.556997 45.223999
v -50.094002 -11.951997 40.539001
v -50.074200 -11.961597 40.201500
v -50.094002 -11.951997 40.227901
v -50.069099 -11.950797 40.201500
v -50.000500 -11.969497 40.216000
v -50.051201 -11.972797 40.206699
v -50.051201 -11.972697 40.206799
v -78.930397 -0.440897 40.542999
v -78.935204 -0.441897 40.539001
v -78.887100 -0.432997 40.542999
v -78.887199 -0.432797 40.542999
v -78.889503 -0.433197 40.539001
v -78.904503 -0.435997 40.542999
v -78.905296 -0.436197 40.542999
v 2.264000 -0.041598 31.163799
v -20.785500 -9.340397 40.361900
v 18.681000 -1.554999 12.058000
v 11.365000 -0.958999 7.938000
v 10.502100 -1.430999 8.295200
v 10.502000 -1.430999 8.295000
v 3.600000 -0.958999 11.154000
v 3.600100 -1.430999 11.154200
v -79.061401 -0.063397 40.539001
v 9.481300 -1.430999 8.717800
v 11.957000 -5.103796 45.064400
v 11.762800 -5.155396 45.000999
v 11.762700 -5.155497 45.000999
v 11.957000 -5.247197 45.037800
v 11.957000 -5.246597 45.037899
v -21.582001 -9.302497 40.216000
v -70.108002 1.343402 29.646601
v -70.142601 1.336902 29.657600
v -79.000397 -0.454497 39.794701
v -20.964701 -9.171197 39.483601
v -20.961399 -9.177697 39.483601
v -20.952400 -9.195197 39.483601
v -79.161201 -0.082397 39.605000
v -79.157303 -0.081697 39.604698
v 11.730900 -5.161097 44.987801
v -70.278900 1.712702 29.646200
v 10.456000 -6.555997 46.129002
v -79.752701 -0.596097 39.866798
v 3.378700 -4.979097 40.542999
v -20.973400 -9.153997 39.483601
v -21.000601 -9.182198 39.511398
v -19.826500 -8.939497 38.831402
v -21.674500 -9.321497 40.539001
v -21.649799 -9.322297 40.201401
v -21.674500 -9.321497 40.227600
v -21.655199 -9.311597 40.201401
v -21.632601 -9.300097 40.206699
v -21.632601 -9.300097 40.206699
v 3.088900 -1.430999 11.365900
v 3.707200 -1.430999 11.412800
v -22.677000 -9.679997 39.078999
v -70.972000 1.387402 29.894899
v -70.993401 1.377102 29.850599
v -70.966599 1.375802 29.894899
v -70.900299 1.394602 29.872900
v -70.939499 1.374502 29.887100
v -70.939499 1.374502 29.887100
v 9.481400 -1.430999 8.717800
v 9.481300 -1.430999 8.717800
v 3.140700 -1.430999 11.490800
v -77.866402 0.011603 40.215801
v -77.938499 0.004203 40.201500
v -77.916603 0.014803 40.206600
v -77.916603 0.014803 40.206600
v -77.959396 -0.005897 40.539001
v -77.933197 -0.007197 40.201500
v -77.959396 -0.005897 40.229301
v 2.264000 -6.542997 39.532001
v 0.123000 -5.458997 38.039001
v 1.415200 -5.378997 40.542999
v -86.690002 0.352503 36.118000
v -91.394997 0.424903 35.661999
v -91.394997 0.405203 34.188000
v 3.154000 -1.491999 11.523000
v -93.117996 -0.330498 32.627499
v -93.117996 -1.023998 31.934000
v 3.711900 -1.452699 11.424200
v -70.993401 1.377102 29.368000
v -72.094902 1.319602 29.368000
v -71.968300 0.941302 29.368000
v -71.965202 0.941902 29.364000
v -71.921402 0.949902 29.364000
v -71.939400 0.946602 29.364000
v -71.922997 0.949902 29.368000
v -71.921600 0.950202 29.364000
v 0.079000 -5.179397 40.361801
v -2.020000 0.532003 34.987000
v -2.020000 0.521903 34.923000
v 30.519100 -3.523998 22.286301
v 30.518700 -3.061498 22.282301
v 30.518900 -2.957998 22.283600
v -93.117996 0.061002 30.441000
v -93.117996 -1.504998 29.643000
v 32.068802 -3.523998 20.156799
v 32.068802 -2.957999 20.156799
v 32.254700 -3.248899 19.559099
v 32.254700 -3.233099 19.559099
v 32.254700 -3.261399 19.559099
v 32.069599 -3.241099 19.160101
v 31.699699 -3.240999 18.500299
v 31.699699 -3.240999 18.500299
v -0.230600 -5.159398 29.735901
v -0.214500 -5.146398 29.729300
v 31.528700 -3.523998 19.151501
v -0.809000 -5.141498 29.726801
v -0.809000 -5.141498 29.368000
v -2.052700 -5.144497 29.728399
v -1.877200 -5.513998 29.916700
v -11.831300 0.633903 40.542999
v -11.833900 0.634503 40.539001
v 31.535400 -2.969299 19.125500
v -12.744000 0.822903 39.279301
v 30.227800 -3.504999 17.518801
v 31.014601 -3.240999 17.548401
v 82.489799 -1.598699 15.687200
v 82.489899 -1.569399 15.687200
v 82.555397 -1.602299 15.845200
v 82.571899 -1.557399 15.885300
v 83.242500 -1.439499 15.222900
v 83.241898 -1.439799 15.221600
v 83.241898 -1.439799 15.221600
v 83.245003 -1.439799 15.222700
v 83.245003 -1.439799 15.222700
v -1.956900 -5.124897 29.368000
v -64.956902 2.295603 40.539001
v -1.768900 -5.491898 29.368000
v -13.168200 1.118503 39.018600
v -13.173400 1.108203 39.018600
v -13.177000 1.101303 39.018600
v -79.844002 -0.191898 30.312099
v -4.878800 -5.729398 29.368000
v -4.877100 -5.729098 29.364000
v -79.174202 -0.065798 30.376400
v 38.341400 -0.689999 12.058000
v -12.871800 1.052003 38.831600
v -12.461900 0.967103 38.625801
v 37.556599 -2.438999 12.058000
v -55.196999 -10.920497 32.025799
v 37.658699 -1.938999 12.058000
v -54.564899 -11.049897 32.477402
v -54.583500 -11.036397 32.500900
v -54.583698 -11.036397 32.500999
v 38.730499 -5.988999 12.058000
v -55.058998 -11.147398 31.327299
v 37.658699 -4.542999 12.058000
v -21.268400 -9.186097 37.306801
v -65.129402 2.665103 40.539001
v 83.374001 -1.504099 15.534100
v 83.337898 -1.487399 15.453400
v -0.773000 -5.187999 20.116501
v -0.759700 -5.127199 20.148600
v -0.398200 -4.946198 21.021299
v -0.023100 -5.187999 21.926901
v -0.036400 -5.127099 21.894899
v -2.681500 -5.187999 15.508600
v -2.668200 -5.127099 15.540700
v 82.556396 -1.469399 13.566500
v 82.558800 -1.469599 13.566000
v -77.543701 0.091202 30.471300
v 80.570999 -1.491999 17.082001
v -14.019000 1.086603 40.361599
v -1.931700 -5.187999 17.318899
v -1.945100 -5.127199 17.286699
v -3.301000 -5.187999 14.013000
v -0.149400 -5.187999 12.707400
v -0.149400 -4.980699 12.707400
v -2.280200 -5.187999 13.590100
v -2.280200 -4.980599 13.590100
v -14.056900 1.094803 40.542999
v -14.056900 1.094803 40.539001
v -84.211197 -1.015398 29.646299
v -0.677400 -5.187999 17.458900
v -86.539200 -1.504998 29.643000
v -0.535300 -5.187999 14.668100
v -86.118103 -1.426298 29.683100
v -0.195400 -5.187999 15.489900
v -0.098300 -5.187999 12.831800
v -56.172001 -10.554097 40.361900
v -56.206299 -10.547697 40.354900
v -13.697000 1.020303 40.542999
v -55.561901 -10.669197 39.626801
v 80.557899 -1.669499 17.049200
v -13.415100 0.961703 39.625999
v -65.000000 2.287003 39.078999
v 80.209000 -1.673999 16.209000
v -21.267700 -9.167597 34.398899
v 80.205002 -1.491999 16.198000
v -1.308800 -5.187999 14.394400
v -1.828300 -5.187999 15.399100
v -1.835700 -5.187999 14.662200
v -56.333500 -10.702297 39.483601
v -56.341499 -10.719597 39.483601
v -56.344700 -10.726497 39.483501
v -56.352798 -10.743897 39.483501
v -76.645798 0.059202 30.440100
v -76.636299 0.061002 30.441000
v -56.382702 -10.715597 39.512501
v -12.555900 1.188803 39.280102
v -13.225900 1.327303 39.626598
v -13.164100 1.126403 39.018600
v -0.302000 -4.945999 18.365000
v -13.834300 1.453203 40.361198
v -13.866500 1.459903 40.354500
v 81.038002 -1.491999 15.866000
v 81.140701 -1.440399 16.114300
v 81.140701 -1.440399 16.114300
v 81.277000 -1.440399 16.151100
v 80.984703 -1.435799 16.064800
v -14.006200 1.290203 39.483601
v -14.009700 1.283203 39.483601
v -13.997500 1.307203 39.483601
v -14.018400 1.266003 39.483601
v -14.048100 1.295003 39.513401
v -57.505199 -10.482697 37.467201
v -57.517799 -10.450897 37.412701
v -57.518002 -10.450997 37.412498
v -2.020000 2.197803 36.118000
v -2.020000 2.377003 34.987000
v -0.664000 -5.126998 17.490999
v -2.020000 2.366903 34.923000
v -0.210100 -5.181098 17.396799
v -15.679400 1.784003 40.539001
v -0.550700 -5.180299 14.630900
v -77.245201 0.348502 29.646299
v -77.070801 -0.020898 29.645399
v -77.104797 -0.027298 29.656300
v -78.888901 -0.414398 29.368000
v -77.958504 0.013002 29.368000
v -15.867400 1.417003 40.539001
v 98.425499 -3.241296 61.111401
v -0.539000 -5.126999 14.659000
v -0.184600 -5.151399 14.593800
v 95.986900 -3.241395 60.548500
v 96.272797 -3.241296 60.796600
v 94.443100 -1.961296 59.110600
v 94.443001 -4.521696 59.110500
v 94.082603 -3.241495 60.290901
v 94.082603 -3.241495 60.290901
v -67.254097 2.082503 38.094002
v -67.280998 2.058403 38.062500
v -67.281303 2.058503 38.062401
v -0.182100 -5.126999 15.522100
v -0.178000 -4.945999 15.532000
v -77.938202 0.022802 29.895000
v -77.958504 0.013002 29.852800
v -77.933098 0.011802 29.895000
v -77.865501 0.030502 29.872499
v -77.904602 0.010502 29.886700
v -77.904602 0.010502 29.886700
v -79.534500 -0.535898 30.136801
v -79.001503 -0.435698 30.187901
v -57.060001 -10.587997 40.539001
v -57.040501 -10.597497 40.201401
v -57.060001 -10.587997 40.227402
v -57.035599 -10.586897 40.201401
v -56.966999 -10.605497 40.216000
v -57.006100 -10.585397 40.206799
v -57.006100 -10.585397 40.206799
v 81.307999 -1.555699 16.657499
v -24.943701 -9.924498 33.214001
v -24.948200 -9.928698 33.222401
v 81.908798 -1.480499 12.002900
v 75.634903 -3.241296 48.959900
v 81.910896 -1.480799 12.002000
v -24.948200 -9.928698 33.222500
v 78.440201 -1.491999 17.964199
v -79.060898 -0.044398 29.368000
v 36.509998 1.882803 46.008801
v 36.509998 1.931903 45.988602
v -58.162899 4.029603 40.539001
v -0.085000 -5.126999 12.864000
v -0.731800 -5.183399 13.323200
v -0.828900 -5.183399 15.980300
v -84.003098 -1.378598 29.707399
v 78.664398 -1.559199 18.504801
v -1.299700 -5.183399 16.829100
v 78.074799 -1.491999 17.080900
v 78.079002 -1.673999 17.091000
v -84.036301 -1.384898 29.645201
v 76.771004 -6.396996 45.122002
v 76.521004 -6.396996 45.374001
v 76.430496 -6.396996 45.464500
v -84.239899 -1.383298 29.705000
v -84.269501 -1.369798 29.711901
v -57.988602 3.660003 40.542999
v -57.988701 3.660203 40.542999
v -57.991100 3.659803 40.539001
v 76.771004 -0.085997 45.122002
v 76.521004 -0.085997 45.374001
v 76.430496 -0.085997 45.464500
v 78.257896 -1.583999 17.522499
v -56.604801 -10.622897 37.306801
v 77.301102 -6.383996 45.382900
v 77.210197 -6.383996 45.473801
v 77.301102 -0.098997 45.382900
v 77.210197 -0.098997 45.473801
v 78.257004 -1.583999 17.522400
v 77.184402 -0.136997 45.499599
v 77.184402 -6.345997 45.499599
v 76.771004 -0.296897 45.122002
v 77.184402 -0.270697 45.499599
v 77.184402 -6.212296 45.499599
v 76.771004 -6.186097 45.122002
v -84.604500 -1.217098 29.789700
v -84.627098 -1.206798 29.795000
v 74.435600 -3.330396 47.459400
v 74.435600 -3.152596 47.459400
v 74.435600 -3.019897 47.459400
v 74.435600 -3.462996 47.459400
v 78.991699 -1.438999 16.162001
v -15.326000 1.304003 38.289001
v -15.345800 1.309103 38.278999
v -84.924500 -1.350998 29.721500
v -19.824301 -8.920397 32.027500
v -20.123100 -8.987597 31.734100
v -20.128401 -8.977098 31.734100
v -20.118999 -8.995597 31.734100
v -20.132099 -8.969897 31.734100
v -84.924500 -1.350998 29.368000
v -1.202300 -5.183399 14.171900
v -86.027496 -1.408798 29.368000
v -56.605301 -10.604297 34.397900
v 96.298302 -6.383996 57.518501
v 96.298302 -0.098996 57.518501
v -15.339800 1.308403 38.280399
v -86.075897 -1.504998 29.643000
v -58.459000 3.571403 40.542999
v -59.426102 3.388803 40.542999
v -59.425499 3.388903 40.539001
v 78.980003 -1.491999 16.134001
v -1.849000 -5.126999 14.630000
v -16.099400 1.465303 37.972401
v 78.855003 -1.435699 16.947701
v 34.924999 1.560704 49.529900
v 34.924999 1.500004 49.939999
v 34.924999 0.546004 51.958000
v 34.924999 -1.592396 52.756500
v 34.924999 -1.671996 53.439999
v 34.924999 -2.554996 53.615002
v 34.924999 -4.867396 52.583302
v 34.924999 -6.824996 51.596001
v 34.924999 -7.572496 49.524399
v 34.924999 -7.510996 49.939999
v 34.924999 -4.338996 53.439999
v -19.510900 -9.057798 31.327499
v 6.823100 -5.187999 18.934000
v 5.616000 -5.187999 16.020300
v 4.914500 -5.187999 14.327100
v 12.052100 -5.654999 21.803699
v 10.622800 -5.654999 18.352900
v 9.896000 -5.654999 22.014999
v 8.255000 -5.654999 21.239000
v 11.874900 -5.187999 21.375999
v 10.003400 -5.187999 22.031000
v 10.003400 -5.187999 22.031000
v 8.431300 -5.187999 21.369301
v 7.614900 -5.187999 20.556400
v 10.653000 -5.187999 18.425699
v 10.624900 -5.654999 18.351999
v 12.068000 -5.654999 21.835800
v 11.876900 -5.187999 21.374500
v 10.655300 -5.187999 18.425400
v 79.790802 -1.435699 17.214600
v 10.013700 -5.187999 22.056801
v -61.852501 2.931503 39.280602
v -62.527901 2.804203 39.626801
v -62.025002 3.301403 39.280201
v -19.043501 -8.556198 29.364000
v -18.788799 -8.503498 29.368000
v -18.787100 -8.503098 29.364000
v -62.462799 3.012203 39.018600
v -62.467701 3.022603 39.018600
v -62.459301 3.004503 39.018600
v -62.471001 3.029803 39.018600
v -19.698999 -8.691898 31.328800
v -20.370100 -8.830698 30.788799
v 29.341299 -3.905995 58.544800
v 26.048901 -3.905996 57.695999
v 29.340599 -2.102995 58.543800
v 78.623001 -1.491999 15.272000
v -16.087601 1.662103 37.586201
v -16.067900 1.664303 37.582001
v -20.180901 -9.196298 30.787901
v -20.962000 -9.159098 31.010700
v -20.965401 -9.152498 31.010700
v -20.953199 -9.176398 31.010700
v -20.974199 -9.135098 31.010700
v 79.551598 -1.467699 15.539600
v -21.001900 -9.163698 30.966499
v 79.276398 -1.467699 15.930400
v 30.118900 -3.004495 59.454102
v 29.997499 -3.038195 59.415298
v 29.963499 -3.004495 59.445999
v 29.963499 -3.004495 59.445999
v 29.082701 -3.004695 59.399899
v 29.179199 -2.144095 58.575100
v 79.836403 -1.439199 15.307200
v 79.848000 -1.491999 15.335000
v 7.542800 -5.187998 22.118000
v -63.138000 2.689103 40.361900
v 78.261002 -1.673999 14.398000
v -63.313202 3.058503 40.361401
v -21.010599 -8.963099 29.364000
v -20.938499 -8.948198 29.364000
v -20.974001 -8.955598 29.646000
v -21.011900 -8.963799 29.368000
v -21.011900 -8.963799 29.364000
v -20.789301 -9.322198 29.646601
v 78.257004 -1.491999 14.388000
v 25.996099 -3.004796 58.595299
v -20.821501 -9.328898 29.657000
v 26.032600 -2.147396 57.734600
v -17.987499 2.054303 38.069401
v -17.992901 2.059403 38.062801
v -17.992901 2.059403 38.062698
v -21.582001 -9.283998 29.872499
v -62.700100 3.174203 39.626701
v -17.723400 2.004103 37.987000
v -63.299500 2.837303 39.483601
v -63.307499 2.854603 39.483601
v -63.310699 2.861503 39.483501
v -63.318802 2.879003 39.483501
v -63.348701 2.850603 39.512501
v 78.947098 -1.442599 14.268700
v 27.260900 -2.102996 53.547501
v 27.271999 -2.554996 53.615002
v 27.260900 -3.905996 53.547798
v -64.026001 2.723003 40.539001
v -64.026001 2.723003 40.227402
v -64.006599 2.732403 40.201500
v -64.001602 2.721803 40.201500
v -63.933399 2.740503 40.215900
v -63.972500 2.720503 40.206799
v -63.972599 2.720503 40.206799
v -55.501598 -10.868597 31.734200
v -55.496899 -10.858697 31.734301
v -55.505100 -10.876097 31.734200
v -55.493198 -10.850797 31.734301
v 78.104500 -1.452699 12.572800
v -21.675400 -9.302999 29.851601
v -21.649200 -9.303798 29.895100
v -21.655001 -9.292498 29.895100
v -21.620199 -9.304698 29.886700
v -21.620199 -9.304698 29.886700
v -21.675400 -9.302999 29.368000
v 5.492700 -5.187999 20.301800
v -51.416500 0.170902 23.424801
v -51.397999 0.146502 23.414499
v -51.398102 0.146202 23.414101
v -51.415001 0.114202 23.363300
v -51.397999 0.146402 23.414499
v -22.821899 -9.285898 29.368000
v 6.724400 -5.187999 20.143101
v -22.633900 -9.652898 29.368000
v 5.849700 -5.187999 21.164801
v 6.190900 -5.187999 21.987700
v 6.242500 -5.187998 22.112200
v 6.769900 -5.187999 21.844400
v -50.068401 -11.932298 29.894800
v -50.094002 -11.933498 29.852501
v -50.073601 -11.943398 29.894899
v 5.974300 -5.187999 18.332100
v 6.367700 -5.187999 19.279900
v -50.001400 -11.950498 29.872801
v -50.051998 -11.953798 29.887100
v -50.051998 -11.953798 29.887300
v -64.471199 2.617703 37.467201
v -64.483803 2.585903 37.412701
v -14.720400 1.434003 40.539001
v -14.700400 1.423703 40.201401
v -14.720400 1.434003 40.228699
v -14.694800 1.434703 40.201401
v -14.627000 1.415003 40.216000
v -14.665200 1.435703 40.206902
v -14.665200 1.435703 40.206902
v -64.484001 2.586003 37.412498
v 77.900002 -1.491999 13.525000
v -14.741900 1.581903 37.743599
v -36.761002 -12.084997 40.488998
v -36.732399 -12.078998 40.539001
v -36.761002 -12.084997 40.488998
v -36.761002 -12.084997 40.488998
v -36.761002 -12.084997 40.488998
v -51.549000 -0.526498 22.625000
v -36.652000 -12.235897 40.539001
v 77.882103 -1.435699 12.607300
v -36.811001 -12.094997 40.395000
v 75.893997 -1.444398 20.734900
v -36.544899 -12.445997 40.539001
v -55.734100 -11.020098 30.787901
v 75.823601 -1.631099 20.565100
v 4.594300 -5.187999 21.025200
v -29.777399 -10.691998 40.539001
v 76.667000 -1.491999 19.709999
v 76.309601 -1.491999 18.847099
v -29.589899 -11.058997 40.539001
v 4.816300 -5.187999 15.535200
v -58.034000 3.652003 39.078999
v 4.459300 -5.187999 14.672200
v -54.883701 -10.778098 31.324800
v -29.632000 -11.066998 39.078999
v -55.558102 -10.650898 30.786600
v 76.305000 -1.673999 18.836000
v 3.361700 -5.187999 21.183901
v 3.718700 -5.187999 22.046801
v -1.769400 -0.989997 40.539001
v 77.647102 -1.520399 19.262699
v 77.707802 -1.542799 19.349400
v 77.678001 -1.491999 19.014999
v 3.503800 -5.187999 18.393101
v 77.057297 -1.438099 19.454399
v 3.843700 -5.187999 19.214800
v -56.345299 -10.707198 31.010799
v -56.342602 -10.701698 31.010799
v -56.353401 -10.724798 31.010799
v -56.334099 -10.683298 31.010799
v -12.556200 1.207802 31.327700
v 77.287300 -1.438199 19.270901
v -56.376099 -10.698398 30.974199
v 4.079800 -5.187999 19.784201
v 4.236700 -5.187999 20.162800
v 3.583700 -5.187999 15.693900
v 3.941200 -5.187999 16.557100
v 4.157600 -5.187999 17.079000
v 4.334300 -5.187999 17.505199
v -12.895800 1.175802 31.555799
v 4.065700 -5.187999 13.724800
v -12.890100 1.169502 31.549500
v -57.035000 -10.567798 29.895100
v -57.060001 -10.568998 29.853600
v -57.040100 -10.578698 29.895100
v -56.966999 -10.586498 29.872499
v -57.006100 -10.566398 29.886801
v -57.006100 -10.566398 29.886801
v 77.747902 -1.527199 19.184099
v -13.354600 1.182102 31.562099
v -13.386700 1.165202 31.545200
v -1.880200 -0.967497 40.056099
v -1.957400 -1.356997 40.539001
v -15.296100 1.723202 32.507099
v -15.305300 1.725103 32.510799
v -15.796800 1.421402 31.914499
v -15.802500 1.422802 31.917200
v 75.944000 -1.491999 17.962999
v -51.548698 -7.807698 22.624901
v -50.094002 -11.933498 29.368000
v -51.074299 -11.496498 29.368000
v -51.071201 -11.497098 29.364000
v -51.024502 -11.506198 29.368000
v -51.052299 -11.500698 29.368000
v -51.049099 -11.501298 29.364000
v 76.146599 -1.574099 18.452999
v -33.607800 -11.484097 39.279999
v 3.335800 -5.187999 17.022200
v -51.196499 -11.875598 29.368000
v 3.238400 -5.187999 19.679501
v -33.421001 -11.850797 39.280102
v -2.059700 -1.335897 40.243900
v -18.009800 2.081603 33.210899
v -2.405600 -0.858497 40.000599
v -2.342300 -0.871797 40.007401
v -34.883801 -11.748497 40.361599
v -17.719200 1.818702 32.694698
v -34.695599 -12.114397 40.361801
v -34.278999 -11.623097 39.626301
v -34.090900 -11.989297 39.626598
v -54.344898 -11.502798 28.969000
v 2.685300 -5.187999 16.418100
v 76.861504 -1.439199 17.044901
v 2.730900 -5.187999 18.119400
v -55.529999 -12.380698 28.969000
v 76.849998 -1.491999 17.017000
v -34.874699 -11.945197 39.483601
v -34.871399 -11.951697 39.483601
v -34.862400 -11.969197 39.483601
v -34.883400 -11.927998 39.483601
v 77.660004 -1.435699 18.097300
v -2.254800 -1.295697 40.223301
v 76.724197 -1.435699 17.830400
v 1.230700 -5.187999 22.066799
v -13.226000 1.346302 30.788000
v -13.181900 0.931602 29.368000
v -13.175900 0.930402 29.364000
v -35.584499 -12.095497 40.539001
v -35.559799 -12.096297 40.201401
v -35.584499 -12.095497 40.227600
v -35.565201 -12.085597 40.201401
v -35.491100 -12.076497 40.216202
v -35.529400 -12.097198 40.207001
v -35.529400 -12.097198 40.207100
v -4.876300 -0.753097 40.542999
v -4.878900 -0.752497 40.539001
v 2.463300 -5.187999 21.908100
v 1.373200 -5.187999 19.276100
v 1.713200 -5.187999 20.097000
v -13.412200 0.979202 30.787800
v -34.910400 -11.956197 39.511200
v -26.651899 -10.096597 39.280499
v -57.585602 -10.842798 28.969000
v -56.345699 -10.904799 29.646099
v -56.172501 -10.535198 29.645599
v -56.206902 -10.528698 29.656601
v -57.060001 -10.568998 29.368000
v -60.290001 3.444803 38.091900
v -60.314701 3.422803 38.063000
v -60.314899 3.422803 38.062801
v -26.465900 -10.463798 39.280102
v 1.929600 -5.187999 20.618999
v 2.106300 -5.187999 21.045200
v 1.453600 -5.187999 16.576799
v 76.491997 -1.491999 16.153999
v -27.322300 -10.235197 39.626701
v 30.668800 1.025804 46.844398
v -14.010400 1.302502 31.010700
v -14.007200 1.308602 31.010700
v -13.998200 1.326402 31.010700
v -14.019200 1.285102 31.010700
v -14.044300 1.312902 30.969700
v -7.064000 -0.300397 40.361599
v 33.670502 1.566004 48.592999
v 33.796200 1.571904 48.713902
v 1.810600 -5.187999 17.439899
v 2.203400 -5.187999 18.387100
v -62.165901 3.073603 38.832699
v -7.101900 -0.292197 40.542999
v -7.101900 -0.292197 40.539001
v 1.595200 -5.187999 13.786100
v 1.935200 -5.187999 14.607000
v 2.151600 -5.187999 15.129000
v 2.328300 -5.187999 15.555200
v -27.135799 -10.602297 39.626598
v 76.487999 -1.673999 16.143999
v 33.674900 -7.576996 48.592999
v 77.705498 -1.439099 16.190100
v 77.717003 -1.491999 16.218000
v -13.685700 1.035702 29.364000
v -14.053000 1.111802 29.364000
v -14.016400 1.104202 29.645100
v -14.052700 1.111702 29.656799
v -13.628900 1.024002 29.364000
v -14.053600 1.112102 29.368000
v -14.053600 1.112102 29.364000
v 77.419998 -1.467599 16.423401
v -13.831000 1.471402 29.645700
v 77.146500 -1.467599 16.811600
v -27.087200 -10.375797 39.018600
v -27.078100 -10.393497 39.018600
v -27.083401 -10.383197 39.018600
v -27.074400 -10.400897 39.018600
v 76.126404 -1.491999 15.269900
v 31.514601 -7.248997 47.285999
v 76.130997 -1.673999 15.281000
v -63.572201 2.758003 37.307301
v 30.855101 -7.083597 46.936401
v 31.500500 -7.246197 47.280201
v -27.944799 -10.364197 40.539001
v -27.963499 -10.368097 40.540401
v -27.926300 -10.360197 40.362202
v -27.963499 -10.368097 40.539001
v -27.740499 -10.727397 40.361900
v -0.563300 -1.332897 40.242298
v -0.524800 -1.350297 40.251202
v -14.694000 1.453302 29.895000
v -14.719500 1.452502 29.852800
v -14.699600 1.442302 29.895000
v -14.627000 1.433502 29.872499
v -14.677600 1.431102 29.886900
v -14.677600 1.431102 29.886900
v -14.719500 1.452502 29.368000
v -0.809000 -1.340497 40.539001
v -63.571201 2.776303 34.398102
v -64.484001 2.604903 34.233799
v -64.501900 2.601403 34.228901
v -64.483902 2.604603 34.233799
v -0.809000 -1.340497 40.246201
v -28.629499 -10.708497 40.539001
v -28.604799 -10.709297 40.201401
v -28.629499 -10.708497 40.227600
v -28.610201 -10.698697 40.201401
v -28.536100 -10.689497 40.216202
v -28.574400 -10.710197 40.207001
v -28.574400 -10.710197 40.207100
v -27.919701 -10.558197 39.483601
v -27.916401 -10.564697 39.483601
v 76.404602 -1.536099 15.942600
v -27.907400 -10.582197 39.483601
v 76.309303 -1.584099 15.712300
v -27.928400 -10.540998 39.483601
v -27.955601 -10.569197 39.511398
v 76.309196 -1.584099 15.712200
v -26.781500 -10.326497 38.831402
v -26.122601 -10.162097 38.568600
v -26.173000 -10.200597 38.526402
v -26.173300 -10.200497 38.526199
v -64.483803 2.604503 34.233601
v -64.463402 2.655903 34.097401
v 76.889000 -1.491999 14.220000
v -15.678900 1.802402 29.368000
v -2.020000 0.352503 36.118000
v -36.587002 -12.453998 39.078999
v -6.234400 -0.067197 39.597301
v -15.866900 1.435902 29.368000
v 77.687599 -1.440299 15.355200
v 7.938000 -7.571396 49.525002
v 11.957000 -7.055996 51.209000
v 11.957000 -7.400996 50.376999
v 11.957000 -7.510996 49.939999
v 11.957000 -7.598996 49.043999
v 11.957000 -7.576996 48.592999
v 11.957000 -7.400996 47.709999
v 11.883300 -5.149599 21.396200
v 11.885300 -5.149399 21.394800
v 12.052100 -5.064699 21.803699
v 76.907303 -1.435699 15.137600
v 22.111000 -7.934997 39.724998
v 22.111000 -7.934997 38.493999
v 10.027000 -5.126998 22.089001
v 10.003400 -4.960299 22.031000
v -67.027298 2.102003 33.250999
v -67.110497 2.109203 33.296501
v -67.177002 2.102003 33.250999
v -67.371300 2.060203 33.168999
v 10.651800 -5.182699 18.423000
v 10.654200 -5.182899 18.422701
v 10.651800 -5.182699 18.423000
v 10.654200 -5.182899 18.422701
v 10.637000 -5.145799 18.387199
v 10.644500 -5.149599 18.405399
v 10.646900 -5.149399 18.405001
v 10.639600 -5.145699 18.387300
v -6.875500 0.065403 40.361900
v 10.622800 -5.138699 18.352900
v 10.624900 -5.138399 18.351999
v 10.935500 -5.048099 19.107901
v 10.937700 -5.048398 19.107000
v 10.935500 -5.048099 19.107901
v 10.937700 -5.048398 19.107000
v 77.842499 -1.435699 15.404400
v 20.590000 -14.600197 39.042000
v 20.872499 -14.939697 38.212002
v 19.754000 -14.515597 38.925999
v 22.111000 -14.986697 38.493999
v 22.111000 -14.561398 39.724998
v 20.129000 -14.841997 38.143002
v 22.111000 -15.252997 37.377998
v -6.270800 -0.059697 39.626598
v 7.527400 -5.180299 22.080900
v -6.443600 -0.061297 39.594299
v 7.539000 -5.126998 22.108999
v -7.165600 -0.077197 39.602402
v 7.893300 -5.151299 22.043900
v 76.531998 -1.491999 13.357000
v 20.590000 -11.109997 39.042000
v 19.754000 -11.109997 38.925999
v -60.295399 3.459003 33.186401
v -60.314999 3.441403 33.222099
v -19.012199 2.067703 40.542999
v -60.315201 3.441503 33.222301
v -18.786301 2.020903 40.542999
v 22.111000 -9.522997 37.377998
v -18.788900 2.021503 40.539001
v 20.077000 -15.225597 35.652000
v 19.580000 -15.112497 36.205002
v 22.111000 -15.442797 36.147999
v -19.698999 2.209903 39.279301
v -20.370100 2.348703 39.625999
v -20.132000 2.488203 39.018600
v -20.123199 2.505503 39.018600
v -20.128500 2.495203 39.018600
v 8.362600 -5.151398 22.125200
v -20.974001 2.473603 40.361599
v 20.077000 -11.109997 35.652000
v 19.580000 -11.109997 36.205002
v -21.011000 2.481303 40.542999
v 8.728700 -5.180099 22.088900
v 8.717000 -5.126998 22.061001
v 77.279602 -1.438199 13.964200
v 77.509300 -1.438199 13.780900
v 7.625000 -5.157399 20.569901
v 7.987000 -5.035899 20.995701
v 7.984000 -5.036798 20.993000
v 22.111000 -9.522997 36.147999
v 7.989500 -5.035199 20.997999
v 7.989500 -5.035199 20.997999
v 11.957000 -7.055997 46.877998
v 7.990900 -5.034698 20.999300
v -8.724400 0.397003 40.539001
v -21.011900 2.481803 40.542999
v -21.011900 2.481803 40.539001
v 76.169998 -1.673999 12.484000
v -19.826500 2.439003 38.831402
v 76.166000 -1.491999 12.473000
v 13.510000 -11.900997 41.275002
v 12.504000 -12.483997 39.785000
v -19.510900 2.575803 39.280102
v 18.525000 -13.658397 40.456001
v -20.180901 2.714303 39.626598
v 16.297400 -13.538198 39.785000
v 16.527000 -13.462997 40.014000
v -20.119101 2.513403 39.018600
v -20.789301 2.840203 40.361198
v -20.821501 2.846903 40.354500
v -20.961201 2.677203 39.483601
v -20.964701 2.670203 39.483601
v -20.952499 2.694203 39.483601
v -20.973400 2.653003 39.483601
v -21.003099 2.682003 39.513401
v -22.634399 3.171003 40.539001
v 16.947001 -13.825597 39.401001
v 16.177999 -13.567197 39.639000
v -8.912400 0.030003 40.539001
v 15.989000 -14.148597 37.834999
v 16.691000 -14.247097 38.084000
v 18.347000 -14.752297 37.289001
v 8.247400 -4.958299 21.232100
v -33.736500 -11.713497 38.831402
v -33.127998 -11.587597 38.526402
v -33.077599 -11.549097 38.568600
v 7.347000 -5.183399 20.773399
v -33.128399 -11.587497 38.526199
v 15.989000 -11.109997 37.834999
v 16.691000 -11.109997 38.084000
v 18.347000 -11.109997 37.289001
v 16.947001 -11.109997 39.401001
v 16.177999 -11.109997 39.639000
v -8.994500 0.047303 39.539001
v -9.062300 0.061003 39.532001
v -62.162601 3.093002 32.026402
v 77.083504 -1.439199 11.554800
v -34.042198 -11.762797 39.018600
v -34.033100 -11.780498 39.018600
v -34.038399 -11.770097 39.018600
v -34.029400 -11.787897 39.018600
v -35.178799 -11.960397 37.307201
v -8.986100 0.061003 39.532001
v -8.768800 0.406003 39.187000
v 5.506000 -5.126998 20.334000
v 5.959100 -5.181098 20.238899
v 77.071999 -1.491999 11.527000
v 77.789597 -1.610999 11.812800
v 18.525000 -11.109997 40.456001
v -22.822399 2.804003 40.539001
v 76.945702 -1.435799 12.339800
v 6.257100 -5.181098 20.205200
v -28.223200 -10.573097 37.306702
v 6.711000 -5.126998 20.111000
v 5.868000 -4.945999 21.207001
v 5.863000 -5.126998 21.197001
v 18.280001 -14.842797 36.810001
v 16.490000 -14.641597 35.124001
v 15.956000 -14.483497 35.685001
v 16.018999 -14.482897 35.882000
v 77.505600 -1.468199 11.127300
v 76.714600 -1.491999 10.664100
v 77.368401 -1.467599 11.321700
v 16.508600 -14.539397 33.266998
v 76.531700 -1.584099 10.222000
v -62.025002 3.320402 31.327299
v 6.176100 -5.171299 21.952000
v -62.459000 3.022902 31.734100
v -62.462700 3.030702 31.734100
v -62.467701 3.041602 31.734200
v -62.471100 3.049002 31.734200
v 6.176100 -5.100499 21.952000
v 6.229100 -5.126998 22.079901
v -28.222700 -10.554597 34.398899
v -7.765400 0.047003 40.539001
v -7.745400 0.036703 40.201401
v -7.765400 0.047003 40.228699
v -7.739800 0.047803 40.201401
v -7.671100 0.027503 40.216202
v -7.710200 0.048603 40.206902
v -7.710200 0.048603 40.206799
v 76.348396 -1.491999 9.779900
v 76.531303 -1.584099 10.222000
v -22.677000 3.180003 39.078999
v 6.876200 -5.183399 21.622200
v -35.177700 -11.941597 34.398899
v -61.852600 2.950502 31.326799
v -62.700001 3.193202 30.787800
v 6.225000 -4.945999 22.070000
v -63.308601 2.873702 31.010799
v -63.311401 2.879702 31.010799
v -63.319698 2.897402 31.010799
v -63.300400 2.855902 31.010799
v -63.344700 2.870102 30.971201
v 5.619300 -5.180099 17.473101
v 5.987600 -5.126998 18.364300
v 76.906601 -1.452699 9.681400
v 76.195503 -1.452699 7.964900
v 5.992000 -4.945999 18.375000
v -6.226900 -0.455398 29.368000
v -6.235000 -0.453698 29.364000
v -6.220900 -0.456598 29.364000
v -6.235000 -0.453698 29.364000
v -6.876000 0.084402 29.645700
v 16.490000 -11.109997 35.124001
v 15.956000 -11.109997 35.685001
v 16.018999 -11.109997 35.882000
v 18.280001 -11.109997 36.810001
v 5.985400 -5.151399 17.436800
v 5.631000 -5.126998 17.500999
v 75.990997 -1.491999 8.917000
v 75.973297 -1.435699 7.999400
v -6.752200 -0.346798 30.233200
v 6.188300 -5.134999 17.401699
v 6.188200 -5.134999 17.401501
v 6.219700 -5.150799 17.477501
v -31.903200 -11.315697 33.222401
v -31.898701 -11.311497 33.214001
v -31.903200 -11.315697 33.222500
v -7.097500 -0.275398 29.364000
v -7.064300 -0.282198 29.646200
v 6.503800 -5.007998 18.163200
v 6.818300 -5.166298 18.922501
v 6.170800 -5.035398 18.806200
v -62.527901 2.823202 30.787701
v 6.354400 -5.126998 19.247700
v 6.171200 -5.035398 18.805799
v 75.934502 -1.435699 10.797200
v -7.098600 -0.274898 29.368000
v -7.098600 -0.274898 29.364000
v -63.310200 3.078102 29.645201
v -8.820600 0.435402 30.815399
v -8.823800 0.436302 30.816299
v -8.825300 0.436502 30.816500
v 15.657000 -14.361999 30.839003
v -26.779301 -10.307397 32.027500
v -63.138000 2.708102 29.645399
v 75.768997 -1.491999 14.408000
v 16.698000 -15.093998 30.560001
v 75.797401 -1.439199 11.582300
v 75.808998 -1.491999 11.610000
v -7.739000 0.066302 29.895000
v -7.764500 0.065502 29.852800
v -7.744600 0.055302 29.895000
v -7.672800 0.046402 29.872801
v 5.620700 -5.166298 16.031601
v -7.722600 0.044102 29.886999
v -7.722600 0.044102 29.886900
v -7.764500 0.065502 29.368000
v 75.751602 -1.435699 13.489600
v -7.390500 -0.011698 30.403999
v 5.438300 -5.183399 16.165100
v -9.022900 0.071702 30.451700
v 14.774000 -13.798997 31.638002
v -64.006104 2.751602 29.894899
v -64.026001 2.742002 29.853600
v -64.001099 2.740802 29.894899
v -63.932499 2.759502 29.872400
v -63.971699 2.739402 29.886600
v -63.971699 2.739402 29.886400
v -64.026001 2.742002 29.368000
v 5.341000 -5.183399 18.823400
v 83.169197 -5.149599 15.046000
v 83.171303 -5.149399 15.044600
v 83.395302 -5.036599 15.585500
v 83.337898 -5.064599 15.453400
v -65.004700 2.304802 29.368000
v -65.001701 2.305402 29.364000
v -8.962600 0.061002 30.441000
v 5.216300 -5.183399 21.655100
v -64.956497 2.314202 29.368000
v -64.986099 2.308302 29.368000
v -64.982803 2.308902 29.364000
v -8.723900 0.415402 29.368000
v 14.901000 -13.821997 31.590002
v 4.581000 -5.126998 20.993000
v -8.911900 0.048902 29.368000
v -24.942499 3.441303 38.069401
v -24.948200 3.446703 38.062401
v 4.689500 -5.180099 18.363899
v -24.948299 3.446703 38.062302
v -65.128899 2.683602 29.368000
v 81.476402 -5.045299 16.132999
v 81.496201 -5.035398 16.181000
v -21.582001 2.802003 40.216000
v 14.899700 -13.823397 31.629702
v 81.313004 -5.126999 15.739000
v 81.289398 -4.960299 15.681000
v 81.496300 -5.035398 16.181000
v 16.698000 -13.774998 29.688002
v 4.678000 -5.126998 18.336000
v 15.375000 -13.335999 30.065002
v 4.870200 -5.183399 19.672199
v 14.893800 -13.807597 31.591301
v 14.893800 -13.807597 31.591301
v 14.893700 -13.807097 31.590002
v -21.267401 2.685603 37.306099
v -21.675400 2.821003 40.539001
v 4.803000 -5.126999 15.503000
v 16.675900 -13.345098 29.562002
v 16.675900 -13.345098 29.562002
v 16.685600 -13.344098 29.556202
v 82.326302 -5.183399 16.164101
v 4.967800 -5.183399 17.013800
v 81.679398 -5.126998 16.622700
v 81.623802 -4.971599 16.488501
v -21.675400 2.821003 40.228600
v -21.649799 2.821803 40.201401
v -21.655399 2.810703 40.201401
v -21.620199 2.822603 40.206902
v -21.620199 2.822603 40.206902
v -57.990501 3.678602 29.368000
v -58.162498 4.048203 29.368000
v -21.268600 2.704103 34.397900
v 81.937798 -5.182699 12.072900
v 4.909800 -5.166299 14.315700
v 81.940201 -5.182799 12.072700
v 81.937798 -5.182699 12.072900
v 81.940201 -5.182799 12.072700
v 81.930496 -5.149599 12.055500
v 81.932899 -5.149399 12.055000
v 81.908798 -5.138699 12.002900
v 4.446000 -5.126999 14.640000
v 81.910896 -5.138399 12.002000
v 82.221497 -5.048099 12.757900
v 82.223701 -5.048399 12.757000
v 82.221497 -5.048099 12.757900
v 82.223701 -5.048399 12.757000
v 82.484398 -5.179399 13.392500
v 2.264000 -7.785997 38.289001
v 0.123000 -7.013997 34.987000
v 2.264000 -7.814497 36.583000
v 3.375000 -5.126998 21.216000
v 3.829600 -5.180999 21.121700
v 80.666000 -5.183399 16.198400
v 3.737000 -4.945999 22.090000
v 2.264000 -7.814497 33.266998
v -51.196899 5.393603 40.539001
v -51.070400 5.015203 40.542999
v -51.075199 5.014303 40.539001
v -51.048302 5.019403 40.542999
v -51.024899 5.024103 40.539001
v 78.734398 -5.109798 18.674200
v 78.699997 -5.126998 18.591000
v 3.732000 -5.126998 22.079000
v 79.106003 -5.184099 18.501200
v 4.125700 -5.180999 21.088301
v -51.053299 5.018503 40.539001
v 3.488400 -5.180299 18.355900
v 3.500000 -5.126998 18.384001
v 3.854100 -5.151299 18.318899
v 2.264000 -8.858997 34.987000
v 2.264000 -8.583997 33.250999
v 4.323600 -5.151399 18.400200
v 78.813400 -5.180299 15.730900
v 2.264000 -7.785997 31.684000
v -51.068001 5.016003 39.078999
v 22.561800 -6.997999 12.058001
v 3.857000 -5.126998 19.247000
v 78.824997 -5.126999 15.759000
v 4.079800 -5.055199 19.784201
v 79.179298 -5.151299 15.693900
v 79.648598 -5.151399 15.775200
v 4.223400 -5.126998 20.130699
v 80.014702 -5.180099 15.738900
v 80.002998 -5.126999 15.711000
v -33.423302 0.234802 22.303600
v 4.219000 -4.945999 20.120001
v 3.597000 -5.126999 15.726000
v -19.824301 2.456902 32.027500
v 79.186996 -4.945999 16.632000
v -20.132299 2.506502 31.734100
v -19.510900 2.594802 31.327499
v 79.181999 -5.126998 16.622000
v 4.349200 -5.181099 15.598100
v 4.053100 -5.180999 15.631600
v 3.954600 -5.126998 16.589300
v -49.515999 0.061003 39.532001
v -20.123100 2.524602 31.734100
v -20.128401 2.514102 31.734100
v -20.119200 2.532102 31.734100
v 79.549004 -5.126998 17.506001
v 80.195198 -5.183399 17.047199
v 4.157600 -5.045299 17.079000
v 4.137700 -5.035398 17.031000
v 4.137800 -5.035398 17.031000
v 4.321000 -5.126998 17.473000
v 79.710297 -5.029199 17.896099
v 78.910599 -5.157299 14.219500
v 4.316000 -4.945999 17.462000
v 79.272400 -5.035899 14.646100
v 3.722000 -5.126999 12.894000
v 3.710400 -5.180299 12.865900
v 4.171300 -5.150799 12.843800
v 4.076600 -5.151399 12.828800
v -55.058998 4.665403 39.280201
v 79.274696 -5.035199 14.648200
v 79.275703 -5.034899 14.649100
v 79.275703 -5.034899 14.649100
v -114.300003 -4.892997 40.212002
v -56.345699 4.422803 40.361500
v 4.279200 -5.134999 12.793500
v 4.279200 -5.134899 12.793400
v 79.533401 -4.958299 14.882100
v 23.400999 -3.905996 56.075001
v 23.380100 -3.905996 56.104801
v -93.117996 -3.240997 38.759998
v -93.117996 -2.074997 38.575001
v -55.734100 4.538103 39.626701
v -93.117996 -4.406997 38.575001
v 23.401600 -2.102996 56.074200
v 23.380699 -2.102996 56.104000
v 24.149799 -3.004796 57.701801
v 22.917801 -3.029996 56.765301
v 22.917801 -2.979496 56.765301
v 22.917801 -2.941596 56.765301
v 4.084000 -4.945999 13.767000
v 4.079000 -5.126999 13.757000
v 79.717499 -4.983899 15.019900
v 25.712000 -3.004796 58.497501
v 25.712000 -3.004796 58.497501
v -41.851002 -0.969398 21.093000
v -55.493401 4.369003 39.018501
v -55.501701 4.386603 39.018600
v -55.497002 4.376703 39.018501
v -55.505100 4.393903 39.018600
v 78.632698 -5.183399 14.422900
v -55.199402 4.438203 38.832600
v -54.583801 4.554103 38.526199
v 78.535797 -5.183399 17.079800
v -54.584499 4.554203 38.525799
v -54.502998 4.612803 38.591900
v -48.944302 -1.504998 29.643000
v -56.923000 4.567003 40.542999
v 76.570000 -5.126998 19.474001
v -50.094002 5.451503 40.539001
v -50.069000 5.450303 40.201500
v -50.094002 5.451503 40.228100
v -50.074001 5.461203 40.201500
v -50.001400 5.468503 40.215801
v -50.051998 5.471803 40.206600
v -50.051998 5.471803 40.206501
v 7.938000 -0.838996 53.095001
v 77.321098 -5.181098 19.345200
v 11.957000 -0.452996 52.862999
v 11.957000 -1.246996 53.287998
v 77.023102 -5.181098 19.378901
v 76.810402 -5.006498 20.055401
v 77.769501 -5.184598 19.437700
v 11.957000 -0.838996 53.095001
v 77.775002 -5.126998 19.250999
v 77.833099 -5.167398 19.528400
v 76.694000 -5.126998 16.641001
v 76.682404 -5.180099 16.613100
v 3.432800 -5.183399 14.214800
v -19.696899 2.227602 31.326900
v 77.048599 -5.151399 16.576799
v 3.307700 -5.183399 17.047899
v -20.367300 2.366202 30.787800
v 77.518402 -5.151399 16.658199
v -20.180799 2.733302 30.787901
v 3.210300 -5.183399 19.705099
v 77.884598 -5.180299 16.621201
v -20.965401 2.689502 31.010700
v -20.962200 2.695602 31.010700
v -20.953199 2.713402 31.010700
v -20.974199 2.672102 31.010700
v -20.999300 2.699902 30.969700
v 77.873001 -5.126998 16.593000
v -51.984901 5.056003 37.709499
v -51.984901 5.056103 37.709499
v 77.051598 -5.126998 17.504299
v 77.056000 -4.945999 17.514999
v -51.303398 5.172503 37.556099
v -51.973701 5.069903 37.730499
v 77.254601 -5.045299 17.993999
v 77.234703 -5.035398 17.945999
v 77.234802 -5.035398 17.945999
v 3.059000 -5.183399 12.407200
v 77.417999 -5.126998 18.388000
v -53.098202 4.834103 37.992298
v 2.558700 -5.180299 19.246099
v 2.547000 -5.126998 19.218000
v 78.064796 -5.183399 17.928801
v -20.870899 2.470602 29.368000
v -20.941099 2.485102 29.364000
v -21.007700 2.498702 29.483999
v -21.008499 2.499102 29.364000
v -20.907400 2.478202 29.364000
v -20.971399 2.491202 29.645100
v -21.007700 2.498702 29.656799
v 2.739800 -5.183399 20.553801
v 2.672000 -5.126998 16.386000
v 2.836900 -5.183399 17.896700
v 76.792000 -5.126999 13.984000
v 2.780700 -5.180199 13.756100
v 77.543098 -5.181099 13.855200
v 2.769000 -5.126999 13.728000
v 77.245102 -5.181099 13.888900
v 2.961800 -5.183399 15.063800
v -21.008600 2.499102 29.368000
v -21.008600 2.499102 29.364000
v -20.941099 2.485102 29.364000
v -20.785500 2.858402 29.645500
v 1.244000 -5.126998 22.099001
v 77.997002 -5.126999 13.761000
v 77.148903 -5.126999 14.847100
v 1.699300 -5.180999 22.003700
v -21.582001 2.820502 29.872499
v 1.995300 -5.180999 21.970301
v 77.331902 -5.035499 15.288600
v 77.332001 -5.035499 15.288400
v 2.450000 -5.126998 21.875999
v 1.357400 -5.180099 19.238100
v 77.515099 -5.126999 15.729900
v -21.649200 2.840302 29.895100
v -21.674500 2.839502 29.853201
v -21.654800 2.829402 29.895100
v -21.632601 2.818102 29.886900
v -21.632601 2.818102 29.886900
v 1.723600 -5.151399 19.201900
v 1.369000 -5.126998 19.266001
v -21.674500 2.839502 29.368000
v 78.162003 -5.183399 15.272200
v 1.726600 -5.126998 20.129299
v 1.731000 -4.945999 20.139999
v 2.192600 -5.151399 19.283199
v 77.562202 -5.122399 11.264000
v 77.537201 -5.134999 11.203500
v 77.537201 -5.134999 11.203500
v 77.512802 -5.147199 11.144600
v 76.904404 -5.180099 11.123100
v 77.365303 -5.150799 11.101700
v 1.929600 -5.045299 20.618999
v 1.909700 -5.035398 20.570999
v 77.270599 -5.151399 11.086800
v 76.916000 -5.126999 11.151000
v 1.909800 -5.035398 20.570999
v -22.633900 3.189902 29.368000
v 2.093000 -5.126998 21.013000
v 1.467000 -5.126998 16.608999
v 77.273598 -5.126999 12.014300
v 1.921300 -5.180999 16.513700
v 2.217300 -5.180999 16.480301
v 77.456802 -5.035399 12.456200
v -22.821899 2.822902 29.368000
v 77.457199 -5.035399 12.455800
v 1.823900 -5.126998 17.472099
v 1.828000 -4.945999 17.482000
v 2.006900 -5.035499 17.913601
v 77.640404 -5.126999 12.897700
v 2.007000 -5.035499 17.913401
v 2.190100 -5.126998 18.354900
v -53.304100 4.845002 33.141701
v 2.186000 -4.945999 18.344999
v 1.579400 -5.180099 13.748100
v -53.348202 4.805802 33.221500
v -53.348499 4.805902 33.221901
v 77.636002 -4.945999 12.887000
v 1.945600 -5.151399 13.711800
v 1.591000 -5.126999 13.776000
v 78.104301 -5.166299 12.572400
v 2.415300 -5.151399 13.793200
v 76.906700 -5.166299 9.681600
v 1.948600 -5.126999 14.639300
v 76.724297 -5.183399 9.815100
v 2.151600 -5.045299 15.129000
v 2.131700 -5.035399 15.081000
v 76.626701 -5.183399 12.472900
v 2.131800 -5.035399 15.081000
v 76.502098 -5.183399 15.305300
v 2.315000 -5.126999 15.523000
v 76.404701 -5.183399 17.962900
v -29.589899 4.558003 40.539001
v 75.753502 -5.180099 17.503901
v 75.741997 -5.126998 17.476000
v 75.933899 -5.183399 18.811701
v -29.632000 4.567003 39.078999
v 75.866997 -5.126999 14.643000
v 76.031303 -5.183399 16.154100
v 75.975502 -5.180099 12.013900
v 75.963997 -5.126999 11.986000
v 76.156197 -5.183399 13.322200
v 76.088997 -5.126999 9.153000
v 76.253304 -5.183399 10.664100
v 76.195801 -5.166299 7.965701
v 75.731102 -5.126999 8.289900
v 75.726997 -4.946000 8.280000
v 75.546997 -1.491998 19.898001
v 74.932098 -1.438598 20.332399
v 75.155197 -1.438298 20.154699
v 74.361603 -1.491999 17.037100
v 74.357002 -1.673999 17.025999
v 74.593498 -1.435699 18.712601
v 75.574501 -1.439299 17.072300
v 75.290497 -1.467699 17.304701
v 75.585999 -1.491999 17.100000
v 75.015404 -1.467599 17.694901
v 74.719002 -1.491999 17.899000
v 75.120003 -1.567999 18.316999
v 74.730499 -1.439099 17.927000
v 75.529999 -1.435699 18.980301
v 75.374298 -1.440399 18.930700
v 75.374298 -1.440399 18.930700
v 75.476997 -1.491999 19.179001
v 74.000000 -1.673999 16.163000
v 74.083397 -1.536099 16.364401
v 73.996002 -1.491999 16.153000
v 74.178802 -1.584099 16.594801
v 74.178703 -1.584099 16.594700
v -33.048000 4.867703 40.542999
v -33.023800 4.862703 40.539001
v -33.045898 4.867303 40.539001
v -33.609001 4.983903 39.279301
v 74.759003 -1.491999 15.102000
v 74.776199 -1.435699 16.019699
v 75.711998 -1.435699 16.287300
v 74.401001 -1.491999 14.239000
v 75.150703 -1.438299 14.845300
v 75.377197 -1.438299 14.664700
v 74.035797 -1.491999 13.355900
v 74.040001 -1.673999 13.366000
v 74.218399 -1.583999 13.797500
v 74.218102 -1.583999 13.797500
v 74.348099 -1.447899 14.111000
v 74.348099 -1.518699 14.111000
v 74.952599 -1.439099 12.436900
v 74.941002 -1.491999 12.409000
v 74.815498 -1.435699 13.222600
v 74.584000 -1.491999 11.547000
v 74.580002 -1.673999 11.536000
vn -0.7095 -0.6935 0.1252
vn -0.9240 -0.0002 0.3824
vn -0.0000 -0.0000 -1.0000
vn 0.2776 0.1401 0.9504
vn -0.1826 -0.9767 -0.1125
vn -0.9237 -0.0002 0.3830
vn -0.2800 -0.1302 -0.9511
vn -0.9238 0.0001 0.3828
vn 0.6256 -0.0052 -0.7801
vn 0.3853 0.8396 -0.3830
vn -0.3419 0.8753 0.3419
vn -0.1825 -0.9767 -0.1124
vn 0.9962 -0.0000 -0.0872
vn -0.1125 0.4820 -0.8689
vn -0.1127 0.4807 -0.8696
vn -0.9238 0.0004 0.3828
vn 0.1102 -0.5414 0.8335
vn 0.1684 0.9842 -0.0547
vn -0.2780 0.1406 -0.9502
vn 0.9239 -0.0012 -0.3826
vn -0.9238 -0.0005 0.3828
vn 0.1518 0.9870 -0.0537
vn -0.9241 -0.0025 0.3822
vn -0.2774 0.1419 -0.9502
vn 0.9241 -0.0002 -0.3823
vn -0.9239 0.0001 0.3827
vn 0.4413 0.1403 0.8863
vn 0.1862 0.0842 -0.9789
vn 0.5127 0.5403 0.6672
vn -0.9241 -0.0000 0.3823
vn -0.0000 -0.0000 1.0000
vn -0.9238 -0.0000 0.3828
vn -0.0000 1.0000 -0.0000
vn -0.1127 0.4818 -0.8690
vn -0.1095 -0.5376 -0.8360
vn -0.5250 0.4832 -0.7006
vn 0.5472 -0.4792 0.6863
vn -0.1819 0.9776 -0.1059
vn -0.1247 -0.4719 -0.8728
vn -0.5247 0.4833 -0.7008
vn -0.2236 -0.0686 -0.9723
vn -0.9239 -0.0005 0.3827
vn -0.0000 -0.5539 0.8326
vn 0.1195 0.4832 0.8673
vn 0.9241 -0.0003 -0.3823
vn -0.3827 -0.0000 -0.9239
vn -0.5339 -0.4835 -0.6937
vn -0.0278 -0.9765 0.2138
vn 0.1252 -0.4758 0.8706
vn 0.1127 0.4808 0.8696
vn -0.9237 -0.0001 0.3830
vn -0.0000 0.2995 0.9541
vn -0.1853 0.0859 0.9789
vn 0.9107 -0.3942 0.1231
vn 0.1127 0.4812 0.8693
vn -0.2800 -0.1300 -0.9511
vn 0.1134 0.4832 0.8682
vn -0.9237 -0.0000 0.3830
vn 0.9238 -0.0010 -0.3828
vn -0.1871 0.9823 -0.0000
vn -0.6010 -0.2801 0.7486
vn 0.9239 -0.0010 -0.3827
vn 0.5347 -0.4826 0.6937
vn 0.9238 -0.0002 -0.3828
vn -0.5349 -0.4815 -0.6943
vn -0.4491 -0.2083 -0.8689
vn 0.9237 0.0003 -0.3831
vn 1.0000 -0.0000 -0.0000
vn 0.4084 -0.0000 0.9128
vn -0.0495 0.9765 0.2095
vn -0.5346 0.4833 -0.6932
vn 0.1238 -0.4826 0.8670
vn -0.9238 -0.0016 0.3829
vn -0.5339 -0.4834 -0.6937
vn -0.5373 0.0001 -0.8434
vn -0.3828 -0.0001 -0.9238
vn -0.2176 0.0965 -0.9713
vn 0.1637 -0.9865 0.0014
vn -0.0495 0.9765 0.2097
vn 0.8578 0.5116 -0.0502
vn 0.1598 -0.9858 -0.0517
vn -0.2061 0.9772 -0.0506
vn -0.8192 -0.0000 0.5735
vn 0.7243 -0.0000 0.6895
vn -0.2797 -0.1312 -0.9511
vn -0.5945 -0.3015 0.7454
vn 0.1837 0.0902 -0.9788
vn 0.1850 0.0868 -0.9789
vn -0.5326 -0.4883 -0.6913
vn 0.5125 0.5408 0.6670
vn 0.9241 -0.0016 -0.3822
vn -0.1872 -0.9823 -0.0000
vn -0.9242 -0.0035 0.3818
vn -0.9243 0.0007 0.3818
vn -0.1096 -0.5368 -0.8366
vn -0.0000 0.2338 0.9723
vn -0.4488 0.2095 -0.8687
vn -0.0051 -0.6719 0.7407
vn -0.2778 0.1405 -0.9503
vn 0.5115 0.5410 0.6676
vn -0.1135 0.4832 -0.8681
vn -0.0005 -0.7821 -0.6231
vn 0.5346 -0.4828 0.6936
vn -0.5348 -0.4819 -0.6941
vn -0.1134 0.4819 -0.8688
vn 0.5316 -0.4895 0.6913
vn -1.0000 -0.0000 -0.0000
vn 0.9240 0.0002 -0.3824
vn -0.9237 0.0001 0.3831
vn 0.3288 -0.0000 -0.9444
vn -0.1838 0.0941 0.9785
vn -0.5888 -0.0208 0.8080
vn -0.5373 -0.0001 0.8434
vn 0.0049 0.7004 -0.7137
vn -0.1028 -0.5233 -0.8459
vn -0.6013 0.2795 0.7485
vn 0.3944 -0.0000 0.9189
vn 0.0012 -0.9998 0.0211
vn -0.1851 0.0864 0.9789
vn -0.1207 0.4862 -0.8655
vn 0.1836 -0.0933 -0.9786
vn -0.8672 0.3892 -0.3107
vn -0.5800 -0.3098 0.7534
vn -0.1855 -0.0857 0.9789
vn 0.9241 0.0001 -0.3823
vn -0.9237 -0.0000 0.3832
vn -0.6102 -0.2114 -0.7636
vn 0.2777 0.1417 0.9502
vn 0.2027 0.9792 0.0052
vn -0.4912 -0.8711 -0.0024
vn 0.5329 -0.4844 0.6938
vn -0.2777 -0.1413 -0.9502
vn 0.2807 0.1291 0.9511
vn 0.5466 -0.4815 0.6851
vn 0.1135 0.4830 0.8682
vn -0.5299 -0.4828 -0.6972
vn -0.9239 -0.0003 0.3827
vn 0.7430 0.6291 0.2286
vn -0.2802 0.1297 -0.9511
vn 0.2776 0.1419 0.9502
vn 0.5247 0.4833 0.7008
vn -0.9239 -0.0007 0.3827
vn -0.9239 -0.0011 0.3826
vn 0.0413 0.9991 -0.0000
vn 0.5236 0.4842 0.7010
vn 0.9237 -0.0000 -0.3830
vn -0.1850 0.0797 0.9795
vn 0.1811 -0.9829 0.0326
vn -0.1102 -0.5419 -0.8332
vn -0.1853 -0.0856 0.9789
vn 0.9238 0.0001 -0.3829
vn 0.8959 -0.0000 -0.4442
vn 0.9239 -0.0000 -0.3827
vn -0.2064 -0.9771 -0.0511
vn -0.5248 0.4843 -0.7000
vn 0.5114 0.5422 0.6667
vn -0.8597 -0.0438 0.5089
vn 0.1235 -0.4826 0.8671
vn 0.0537 -0.9777 -0.2029
vn 0.1066 0.9637 -0.2446
vn -0.1102 -0.5416 -0.8334
vn -0.4085 0.1897 0.8928
vn -0.9238 -0.0001 0.3829
vn -0.9238 -0.0002 0.3829
vn 0.2776 -0.1376 0.9508
vn -0.5520 -0.2835 -0.7842
vn 0.9239 -0.0007 -0.3827
vn -0.5519 -0.2836 -0.7842
vn 0.1127 0.4820 0.8689
vn -0.1239 -0.4824 -0.8671
vn 0.5314 -0.4889 0.6918
vn 0.9238 0.0001 -0.3828
vn -0.2059 0.9773 -0.0495
vn 0.1123 0.4878 0.8657
vn -0.0000 -0.8910 0.4540
vn -0.5329 -0.4844 -0.6938
vn 0.9239 -0.0010 -0.3826
vn -0.1127 0.4830 -0.8684
vn -0.0479 0.9985 0.0278
vn -0.9238 0.0001 0.3829
vn 0.1519 -0.9869 -0.0536
vn -0.1133 0.4830 -0.8683
vn -0.0000 0.9487 -0.3162
vn 0.0008 0.9443 0.3292
vn -0.0185 -0.9998 0.0108
vn 0.2581 -0.4692 0.8445
vn -0.1250 -0.9895 0.0722
vn -0.4393 -0.4228 -0.7927
vn 0.1126 0.4830 0.8684
vn -0.5219 0.4847 -0.7019
vn -0.0023 -0.8877 0.4603
vn -0.0982 0.4826 -0.8703
vn -0.4446 0.2257 -0.8668
vn 0.2802 0.1298 0.9511
vn 0.1195 0.4833 0.8673
vn -0.5522 0.2831 -0.7842
vn 0.0668 0.9956 -0.0664
vn 0.0960 0.9943 -0.0469
vn -0.9240 0.0017 0.3824
vn 0.1519 -0.9869 -0.0539
vn 0.3034 0.9019 -0.3075
vn -0.3079 0.8988 0.3121
vn 0.1858 -0.0849 -0.9789
vn 0.3202 0.8931 -0.3160
vn -0.3251 0.8896 0.3208
vn -0.5219 0.4846 -0.7020
vn -0.5525 0.2875 -0.7823
vn 0.1851 -0.0864 -0.9789
vn -0.2800 0.1288 -0.9513
vn -0.5529 -0.2832 -0.7837
vn -0.5377 0.0004 -0.8431
vn -0.9240 -0.0001 0.3824
vn 0.1191 0.4838 0.8670
vn 0.9239 0.0004 -0.3826
vn -0.1135 0.4830 -0.8682
vn 0.1133 0.4832 0.8682
vn -0.2077 -0.9776 0.0347
vn 0.9237 0.0014 -0.3830
vn -0.9238 0.0003 0.3828
vn 0.5474 -0.4790 0.6862
vn -0.1840 -0.0930 0.9785
vn -0.5360 0.4808 -0.6940
vn 0.0600 0.9736 -0.2204
vn -0.0068 0.9831 -0.1828
vn -0.0495 0.9765 0.2096
vn 0.1380 0.9718 -0.1913
vn -0.9239 0.0022 0.3827
vn -0.5279 -0.4842 -0.6978
vn -0.0000 -1.0000 -0.0000
vn 0.5244 0.4837 0.7008
vn -0.4062 0.8658 -0.2923
vn 0.1257 -0.4852 0.8653
vn 0.1123 0.4874 0.8659
vn -0.2501 -0.9681 0.0162
vn -0.1876 -0.9822 0.0087
vn 0.9239 -0.0005 -0.3825
vn -0.5233 0.4838 -0.7015
vn -0.9241 0.0002 0.3823
vn 0.8368 0.3649 -0.4082
vn 0.9240 0.0003 -0.3824
vn -0.5598 -0.2594 -0.7870
vn -0.5293 -0.4840 -0.6968
vn 0.0495 0.9765 -0.2097
vn 0.1820 0.9776 0.1060
vn -0.1627 -0.7014 0.6939
vn -0.6455 0.0391 -0.7628
vn 0.8703 -0.3853 0.3068
vn 0.9237 0.0002 -0.3831
vn 0.9240 -0.0059 -0.3824
vn 0.9240 -0.0001 -0.3824
vn -0.4446 0.2258 -0.8668
vn 0.9241 0.0004 -0.3822
vn 0.9238 -0.0001 -0.3828
vn -0.9240 -0.0000 0.3824
vn -0.9219 0.0002 0.3874
vn -0.5340 -0.4838 -0.6934
vn 0.9238 0.0003 -0.3828
vn -0.9239 -0.0002 0.3826
vn -0.1101 -0.5420 -0.8331
vn -0.1699 0.9764 -0.1335
vn 0.0495 0.9766 -0.2095
vn -0.0036 0.2271 0.9739
vn 0.3644 0.8589 -0.3599
vn -0.3422 0.8760 0.3399
vn -0.9238 -0.0001 0.3828
vn 0.5233 0.4839 0.7014
vn -0.5936 -0.3037 0.7452
vn 0.9239 0.0001 -0.3827
vn -0.9238 -0.0003 0.3828
vn -0.4444 -0.2260 -0.8669
vn -0.9816 -0.0000 0.1908
vn -0.0198 -0.6031 -0.7974
vn -0.4134 0.6931 -0.5905
vn 0.1837 -0.0942 -0.9785
vn -0.8190 0.0003 0.5738
vn 0.9237 -0.0005 -0.3831
vn 0.9237 -0.0003 -0.3830
vn 0.8389 -0.4780 0.2603
vn -0.5592 -0.2652 -0.7855
vn 0.3115 -0.0887 0.9461
vn 0.9946 -0.0000 -0.1042
vn 0.3049 0.8978 -0.3176
vn -0.3007 0.9021 0.3095
vn 0.0001 -0.0000 1.0000
vn 0.1851 0.0911 -0.9785
vn 0.1850 0.0913 -0.9785
vn -0.1129 0.4902 -0.8643
vn -0.5117 0.5408 -0.6677
vn -0.9045 -0.2991 -0.3041
vn 0.1859 0.0852 -0.9789
vn 0.3943 -0.0000 0.9190
vn 0.1131 0.4897 0.8645
vn 0.0008 -0.9473 0.3204
vn 0.2801 0.1333 0.9507
vn 0.0494 0.9766 -0.2095
vn -0.2064 -0.9771 -0.0512
vn -0.4095 0.1874 0.8928
vn -0.5518 0.2839 -0.7841
vn -0.0017 -1.0000 -0.0006
vn -0.9239 -0.0001 0.3827
vn 0.9237 -0.0002 -0.3830
vn 0.8565 -0.5134 -0.0520
vn 0.6396 -0.6732 -0.3711
vn -0.9237 0.0003 0.3830
vn -0.4081 0.1855 0.8939
vn 0.8687 0.4107 -0.2770
vn -0.7042 -0.0000 -0.7100
vn 0.1135 0.4831 0.8682
vn -0.7950 0.0740 0.6020
vn 0.9239 -0.0043 -0.3826
vn -0.6013 0.2794 0.7486
vn -0.9239 -0.0000 0.3827
vn 0.1129 0.4904 0.8642
vn -0.1135 0.4831 -0.8682
vn -0.0437 0.9760 0.2135
vn -0.1135 0.4819 -0.8688
vn -0.2777 -0.1411 -0.9503
vn 0.0484 -0.6114 0.7899
vn 0.8558 0.4384 -0.2747
vn 0.3947 -0.0000 0.9188
vn -0.3710 0.2890 -0.8825
vn 0.2800 0.1250 0.9518
vn -0.0088 0.8232 -0.5677
vn 0.1102 -0.5417 0.8333
vn 0.1835 -0.0937 -0.9785
vn 0.9879 0.0095 0.1549
vn 0.9239 0.0003 -0.3827
vn 0.1581 0.9789 0.1296
vn -0.0000 0.0080 1.0000
vn -0.0634 0.9733 0.2204
vn 0.9238 -0.0002 -0.3829
vn 0.9137 -0.4060 0.0175
vn -0.5123 0.5415 -0.6666
vn 0.1095 -0.5373 0.8363
vn 0.9289 0.1177 -0.3512
vn -0.5577 0.2635 -0.7871
vn -0.0537 -0.9777 0.2030
vn -0.9244 -0.0001 0.3813
vn 0.8947 -0.0000 -0.4467
vn 0.7621 0.6046 0.2316
vn -0.4042 -0.2022 0.8920
vn -0.0000 -1.0000 -0.0004
vn -0.0008 1.0000 0.0057
vn 0.1102 -0.5419 0.8332
vn -0.5120 -0.0537 0.8573
vn -0.5127 0.5382 -0.6690
vn 0.1260 -0.4840 0.8660
vn -0.9237 0.0011 0.3830
vn -0.9237 0.0004 0.3830
vn -0.9613 -0.0001 -0.2755
vn 0.5346 -0.4827 0.6937
vn 0.1124 -0.4824 0.8687
vn 0.9240 -0.0020 -0.3825
vn -0.5935 0.3036 0.7454
vn 0.9397 -0.0000 0.3421
vn -0.1259 -0.4860 -0.8648
vn -0.2101 -0.9769 -0.0398
vn 0.5231 0.4848 0.7010
vn -0.9240 0.0002 0.3824
vn 0.9238 0.0004 -0.3828
vn -0.4440 0.2275 -0.8667
vn -0.9238 0.0005 0.3828
vn -0.5608 0.2579 -0.7867
vn 0.9241 -0.0002 -0.3822
vn 0.9237 0.0027 -0.3831
vn 0.1854 0.0858 -0.9789
vn 0.1853 0.0847 -0.9790
vn 0.3197 0.8929 -0.3171
vn -0.3118 0.8953 0.3181
vn -0.1095 -0.5372 -0.8363
vn 0.1102 -0.5418 0.8332
vn -0.5342 -0.4829 -0.6939
vn 0.9240 0.0001 -0.3823
vn -0.1852 -0.0843 0.9791
vn 0.1238 -0.4831 0.8668
vn 0.2801 -0.1308 0.9510
vn -0.5337 -0.4843 -0.6933
vn -0.1126 0.4829 -0.8684
vn -0.2070 0.9778 0.0336
vn -0.6076 0.6936 0.3871
vn -0.2236 0.9705 -0.0899
vn -0.9238 0.0002 0.3829
vn 0.0262 0.5964 -0.8022
vn 0.1115 -0.4823 0.8689
vn -0.9887 -0.0000 0.1496
vn 0.9606 -0.0000 -0.2778
vn -0.5289 -0.4830 -0.6978
vn -0.8190 -0.0004 -0.5739
vn -0.0376 0.9992 0.0153
vn 0.1135 0.4832 0.8681
vn 0.6142 -0.7865 -0.0645
vn 0.5123 0.5382 0.6693
vn -0.4484 -0.2106 -0.8687
vn 0.0085 -0.7113 -0.7029
vn -0.5127 0.5402 -0.6673
vn -0.2777 0.1404 -0.9503
vn 0.1102 -0.5426 0.8328
vn 0.2770 -0.1425 0.9502
vn 0.7428 0.6293 0.2285
vn 0.9196 -0.3743 -0.1195
vn 0.0942 0.9596 -0.2652
vn 0.5233 0.4838 0.7015
vn -0.1838 -0.0944 0.9784
vn 0.8378 0.4843 -0.2521
vn 0.9238 -0.0000 -0.3829
vn -0.1134 0.4830 -0.8682
vn -0.9237 -0.0002 0.3831
vn -0.1838 -0.0946 0.9784
vn 0.2799 -0.1300 0.9512
vn -0.5595 -0.2619 -0.7864
vn 0.5124 0.5410 0.6669
vn 0.9240 -0.0001 -0.3823
vn -0.2774 -0.1235 -0.9528
vn -0.5341 -0.4826 -0.6942
vn -0.2065 -0.9779 0.0329
vn -0.4488 -0.2098 -0.8687
vn -0.9225 0.0029 0.3860
vn 0.9240 -0.0010 -0.3824
vn 0.9239 -0.0011 -0.3826
vn -0.8192 -0.0002 0.5735
vn -0.5338 -0.4828 -0.6942
vn -0.5251 0.4829 -0.7007
vn -0.2774 -0.1419 -0.9502
vn 0.9239 -0.0003 -0.3826
vn -0.4094 -0.1874 0.8929
vn -1.0000 0.0011 -0.0000
vn 0.1519 0.9869 -0.0541
vn -0.0000 -1.0000 -0.0003
vn 0.1123 0.4866 0.8664
vn -0.2164 0.9761 0.0191
vn -0.6013 -0.2798 0.7484
vn -0.9685 -0.0000 0.2490
vn -0.7071 -0.0000 -0.7071
vn 0.5122 0.5398 0.6681
vn 0.1260 0.4806 0.8678
vn 0.1646 0.9859 0.0314
vn 0.0333 0.9994 0.0127
vn 0.9240 -0.0000 -0.3825
vn -0.1853 -0.0856 0.9790
vn 0.9238 -0.0005 -0.3828
vn -0.0000 -0.8223 0.5690
vn -0.9237 0.0002 0.3830
vn -0.5125 0.5411 -0.6668
vn -0.5319 -0.4891 -0.6913
vn 0.1837 0.0929 -0.9786
vn 0.2725 0.9179 -0.2886
vn -0.3426 0.8656 0.3652
vn -0.9364 -0.0000 -0.3510
vn -0.9238 0.0003 0.3830
vn -0.2064 0.9771 -0.0511
vn -0.5942 0.3021 0.7454
vn -0.0979 0.4825 -0.8704
vn 0.0453 -0.9742 -0.2210
vn -0.0107 -0.9787 0.2051
vn 0.1842 0.0928 -0.9785
vn -0.0859 -0.9960 -0.0257
vn 0.9239 0.0002 -0.3826
vn -0.0047 -0.9998 -0.0167
vn 0.0540 -0.9771 -0.2058
vn -0.1126 0.4819 -0.8690
vn 0.1095 -0.5372 0.8363
vn -0.5316 -0.4895 -0.6913
vn -0.2808 0.1291 -0.9510
vn -0.5346 -0.4827 -0.6937
vn -0.5228 0.4845 -0.7013
vn -0.9239 -0.0006 0.3827
vn -0.1853 0.9827 -0.0003
vn -0.5334 -0.4829 -0.6945
vn -0.9239 -0.0001 0.3828
vn 0.9241 -0.0003 -0.3821
vn -0.9239 0.0003 0.3825
vn -0.5339 -0.4828 -0.6942
vn -0.0981 0.4825 -0.8704
vn -0.5347 -0.4826 -0.6937
vn -0.1734 -0.9761 -0.1310
vn -0.1840 -0.0931 0.9785
vn -0.5228 0.4848 -0.7012
vn -0.1838 0.0934 0.9785
vn -0.2782 0.1406 -0.9502
vn -0.5592 0.2659 -0.7852
vn -0.1548 0.0594 0.9862
vn 0.1844 -0.0879 -0.9789
vn -0.1260 -0.4841 -0.8659
vn 0.1190 0.4832 0.8674
vn -0.0537 -0.9777 0.2029
vn -0.1259 -0.4839 -0.8660
vn 0.1983 0.9744 0.1055
vn 0.9238 -0.0004 -0.3828
vn 0.9525 -0.0000 -0.3046
vn 0.0403 -0.9749 -0.2190
vn 0.1508 -0.5332 0.8324
vn 0.1238 -0.4826 0.8671
vn -0.9240 0.0007 0.3824
vn -0.2803 0.1297 -0.9511
vn 0.9239 -0.0006 -0.3826
vn 0.1825 -0.9768 0.1125
vn 1.0000 0.0014 -0.0000
vn 0.2026 -0.9793 -0.0027
vn -0.2065 0.9779 0.0329
vn 0.9240 0.0001 -0.3824
vn -0.2340 0.9635 0.1299
vn -0.1257 -0.4852 -0.8653
vn -0.4043 0.2128 0.8895
vn 0.9239 -0.0009 -0.3827
vn -0.9239 -0.0003 0.3826
vn 0.5236 0.4841 0.7010
vn -0.2210 -0.6839 -0.6953
vn 0.2775 -0.1386 0.9507
vn -0.4045 -0.2021 0.8919
vn 0.2801 0.1319 0.9508
vn -0.6800 0.0702 0.7298
vn 0.9238 -0.0000 -0.3828
vn 0.5205 -0.4825 0.7045
vn 0.8773 -0.4271 0.2192
vn -0.1820 0.9776 -0.1060
vn -0.1826 -0.9767 -0.1126
vn -0.1825 -0.9768 -0.1125
vn -0.9860 -0.0516 0.1587
vn 0.3269 -0.0494 -0.9438
vn 0.5251 0.4829 0.7007
vn 0.9241 -0.0022 -0.3822
vn -0.5114 0.5414 -0.6673
vn 0.2816 -0.1273 0.9511
vn 0.0210 -0.9720 0.2340
vn -0.3828 0.0001 -0.9238
vn 0.5118 0.5409 0.6675
vn 0.9240 -0.0002 -0.3823
vn 0.5114 0.5414 0.6673
vn 0.9240 -0.0013 -0.3824
vn -0.9241 -0.0002 0.3821
vn -0.1849 0.0872 0.9789
vn -0.5792 0.3089 0.7544
vn 0.9239 -0.0006 -0.3827
vn 0.9240 0.0002 -0.3823
vn -0.2778 -0.1413 -0.9502
vn -0.9240 -0.0003 0.3825
vn -0.5343 -0.4819 -0.6945
vn -0.4007 -0.2115 0.8915
vn -0.5119 0.5403 -0.6679
vn 0.8687 -0.4107 -0.2770
vn 0.3539 0.8712 -0.3403
vn -0.3542 0.8718 0.3383
vn 0.2776 -0.1385 0.9507
vn -0.5114 0.5418 -0.6670
vn 0.2782 -0.1402 0.9502
vn -0.4491 0.2080 -0.8689
vn -0.9242 -0.0005 0.3819
vn -0.3497 0.0143 0.9367
vn 0.2801 -0.1264 0.9516
vn 0.1741 0.8568 0.4853
vn 0.0020 0.5711 0.8209
vn 0.2801 -0.1320 0.9508
vn 0.2776 0.1390 0.9506
vn 0.9543 0.0272 0.2977
vn -0.1101 -0.5422 -0.8330
vn -0.0537 -0.9777 0.2028
vn 0.4519 0.6213 -0.6401
vn 0.2282 -0.0000 -0.9736
vn 0.1630 0.9741 -0.1565
vn -0.6752 -0.0984 -0.7310
vn 0.9955 0.0560 -0.0759
vn 0.9241 0.0008 -0.3821
vn -0.4095 -0.1875 0.8929
vn -0.1841 0.0931 0.9785
vn -0.7071 -0.0001 -0.7071
vn -0.9995 0.0003 0.0314
vn 0.1127 0.4807 0.8696
vn -0.1854 0.0859 0.9789
vn -0.4074 -0.1925 0.8928
vn -0.2803 0.1307 -0.9510
vn -0.5346 0.4839 -0.6928
vn -0.2070 -0.9778 0.0336
vn -0.6335 0.0533 -0.7719
vn -0.4092 0.1881 0.8929
vn -0.2797 0.1311 -0.9511
vn -0.2803 -0.1297 -0.9511
vn 0.1095 -0.5376 0.8360
vn -0.5188 -0.8336 -0.1897
vn -0.1855 -0.0858 0.9789
vn 0.0744 0.9972 -0.0044
vn -0.2777 0.1405 -0.9503
vn 0.8564 -0.4373 -0.2747
vn -0.1238 -0.4828 -0.8669
vn -0.0176 -0.9997 -0.0143
vn 0.9241 0.0006 -0.3822
vn -0.4472 -0.0000 -0.8944
vn -0.1856 0.9826 0.0010
vn -0.3508 -0.5478 -0.7595
vn -0.5979 0.2537 0.7604
vn -0.0438 -0.0524 0.9977
vn -0.0712 -0.0000 0.9975
vn -0.4100 -0.1855 0.8930
vn -0.4035 0.2073 0.8912
vn -0.5528 -0.2837 -0.7835
vn -0.4583 -0.0000 -0.8888
vn 0.8710 -0.4056 -0.2771
vn 0.3259 0.3138 0.8918
vn 0.1055 -0.0212 0.9942
vn -0.9205 -0.0854 0.3813
vn -0.0033 -0.8218 -0.5698
vn -0.4017 -0.8684 -0.2907
vn 0.1983 -0.9736 0.1133
vn 0.7620 -0.6049 0.2313
vn 0.5337 -0.4843 0.6933
vn 0.1640 0.9857 0.0390
vn -0.1870 -0.9824 -0.0020
vn 0.1835 -0.0940 -0.9785
vn 0.8563 -0.4373 -0.2748
vn 0.7176 -0.1511 -0.6799
vn 0.2778 -0.1408 0.9503
vn -0.4328 -0.0000 -0.9015
vn -0.7868 -0.4042 0.4665
vn -0.8187 0.0009 -0.5742
vn 0.0661 -0.9956 -0.0668
vn 0.2028 0.9792 0.0044
vn 0.8563 0.4373 -0.2748
vn -0.8000 -0.3715 0.4711
vn 0.9238 0.0001 -0.3830
vn -0.4063 0.2028 0.8910
vn -0.5253 0.4823 -0.7010
vn 0.1853 -0.9827 -0.0013
vn 0.2801 0.1261 0.9517
vn 0.9418 0.0977 0.3216
vn -0.5526 0.2869 -0.7825
vn 0.7427 0.6295 0.2284
vn 0.7751 -0.3975 -0.4911
vn -0.5129 0.5398 -0.6675
vn 0.9981 -0.0624 -0.0000
vn -0.0363 -0.7117 -0.7016
vn -0.7869 -0.4038 0.4666
vn -0.4492 0.2068 -0.8692
vn 0.2028 -0.9792 0.0037
vn 0.1867 -0.0940 -0.9779
vn -0.2236 0.9730 0.0565
vn -0.6867 0.3497 -0.6373
vn 0.0043 -0.6045 0.7966
vn 0.1819 0.9776 0.1059
vn -0.0000 -0.9320 0.3626
vn 0.2028 -0.9792 -0.0106
vn -0.4083 -0.1909 0.8926
vn -0.2250 -0.9737 0.0348
vn 0.1820 0.0938 -0.9788
vn -0.4462 0.8949 -0.0000
vn 0.1765 0.0520 -0.9829
vn -0.9998 0.0216 0.0003
vn -0.6975 -0.3228 -0.6397
vn 0.8386 0.4785 0.2603
vn 0.9239 0.0014 -0.3826
vn -0.0000 0.8109 0.5852
vn -0.9238 -0.0000 0.3829
vn 0.5244 0.4843 0.7003
vn 0.9240 -0.0007 -0.3824
vn 0.9240 0.0004 -0.3824
vn 0.1837 0.0950 -0.9784
vn 0.7220 0.0156 0.6917
vn 0.1577 -0.9849 0.0713
vn -0.5648 -0.0000 -0.8252
vn -0.6823 -0.0000 -0.7311
vn 0.2013 0.8383 -0.5066
vn 0.1668 -0.0000 0.9860
vn -0.1737 0.0001 -0.9848
vn -0.4134 0.6935 0.5901
vn -0.7094 0.6936 0.1251
vn -0.8420 -0.0000 0.5395
vn -0.7991 -0.3740 0.4706
vn 0.1127 0.4830 0.8684
vn 0.5338 -0.4828 0.6942
vn 0.7065 0.6622 0.2496
vn -0.9241 0.0001 0.3821
vn -0.2457 0.9669 -0.0688
vn -0.4080 -0.1903 0.8929
vn 0.0061 -0.3290 0.9443
vn -0.0718 0.4186 0.9053
vn 0.1126 0.4829 0.8684
vn 0.2807 0.1290 0.9511
vn -0.5113 0.5424 -0.6666
vn -0.4086 0.1900 0.8927
vn -0.5310 -0.4903 -0.6911
vn -0.0000 0.5340 -0.8455
vn 0.2776 0.1389 0.9506
vn 0.1809 0.5531 -0.8133
vn -0.7890 0.3980 0.4681
vn -0.6016 0.2790 0.7485
vn 0.2026 0.9793 0.0028
vn 0.5040 -0.2224 -0.8346
vn 0.1853 0.0858 -0.9789
vn -1.0000 0.0001 -0.0000
vn 1.0000 -0.0008 -0.0000
vn -0.1918 -0.9812 -0.0189
vn 0.2027 0.9792 0.0077
vn -0.5944 -0.3020 0.7453
vn -0.1026 -0.4791 -0.8717
vn -0.5599 0.2588 -0.7871
vn -0.2231 -0.9708 -0.0877
vn -0.4264 -0.6396 0.6396
vn 0.1135 0.4827 0.8684
vn -0.2244 -0.9705 -0.0886
vn -0.0263 -0.9908 -0.1331
vn -0.2431 0.9664 -0.0831
vn -0.4097 0.1874 0.8928
vn -0.5530 -0.2831 -0.7836
vn 0.6990 0.6342 -0.3304
vn 0.1640 -0.9859 0.0325
vn 0.2781 0.1404 0.9502
vn 0.8558 -0.4384 -0.2746
vn 0.1123 -0.4830 0.8684
vn -0.2357 -0.9697 0.0643
vn -0.6880 0.3472 -0.6373
vn 0.7623 0.6044 0.2316
vn -0.1128 0.4904 -0.8642
vn -0.4445 0.2263 -0.8667
vn 0.0008 -0.1052 -0.9944
vn 0.9238 0.0005 -0.3828
vn -0.0023 0.8879 0.4601
vn -0.9936 0.1129 -0.0000
vn 0.1852 -0.0855 -0.9790
vn -0.4062 0.2030 0.8909
vn 0.9219 -0.0460 -0.3848
vn -0.6860 0.5100 0.5190
vn 0.2931 0.1208 -0.9484
vn 0.2651 -0.7811 -0.5654
vn 0.1855 -0.0877 -0.9787
vn 0.9237 -0.0002 -0.3831
vn 0.1127 0.4831 0.8683
vn -0.6449 -0.0399 0.7632
vn -0.4442 -0.2268 -0.8667
vn 0.2017 0.9794 -0.0000
vn 0.0064 -0.9096 0.4155
vn 0.5377 -0.0000 0.8432
vn -0.1333 -0.4185 0.8984
vn 0.5313 -0.4912 0.6902
vn -0.2060 -0.9772 -0.0504
vn -0.5347 0.2431 -0.8093
vn -0.8051 0.5932 -0.0000
vn -0.5349 0.4830 -0.6933
vn -0.5536 0.2806 -0.7841
vn 0.2025 0.9793 0.0003
vn -0.0335 -0.0000 0.9994
vn 0.6044 -0.0526 -0.7949
vn -0.4085 0.1907 0.8926
vn -0.6734 0.0982 -0.7327
vn 0.0959 0.9943 -0.0468
vn -0.0367 0.7110 -0.7022
vn -0.2433 -0.9664 -0.0825
vn 0.9247 0.0014 -0.3807
vn -0.5650 -0.0000 -0.8251
vn 0.7435 -0.6284 0.2286
vn -0.4468 -0.8946 -0.0000
vn -0.0870 -0.9958 0.0300
vn 0.9239 0.0001 -0.3826
vn 0.1502 -0.9748 -0.1648
vn -0.1853 0.0861 0.9789
vn 0.1558 0.9878 0.0010
vn -0.1858 -0.9826 -0.0074
vn 0.1512 0.9870 -0.0550
vn 0.1124 0.4824 0.8687
vn 0.0685 0.7574 0.6493
vn -0.3825 -0.0000 -0.9240
vn -0.5232 0.4844 -0.7012
vn -0.5951 0.0610 0.8013
vn 0.1838 0.0941 -0.9785
vn -0.5113 0.5425 -0.6665
vn -0.4443 -0.2265 -0.8668
vn 0.9442 -0.0000 0.3294
vn -0.0000 -0.9980 0.0628
vn -0.0019 -0.7031 -0.7111
vn -0.9241 0.0008 0.3821
vn -0.5596 -0.2614 -0.7865
vn -0.9249 0.0076 0.3801
vn 0.7247 -0.6856 -0.0690
vn -0.6960 0.3241 -0.6407
vn -0.0673 0.2859 0.9559
vn -0.5316 -0.4894 -0.6913
vn -0.1243 -0.4827 -0.8669
vn 0.2015 -0.9795 0.0016
vn -0.0497 -0.0000 -0.9988
vn 0.2808 -0.1289 0.9511
vn 0.1843 -0.0881 -0.9789
vn -0.7999 0.3707 0.4720
vn 0.2775 -0.1426 0.9501
vn 0.5300 -0.4824 0.6974
vn 0.1634 0.9712 0.1736
vn 0.1260 -0.4841 0.8659
vn -0.5248 0.4842 -0.7001
vn 0.4838 0.2709 -0.8322
vn -0.5353 0.4832 -0.6928
vn 0.1513 -0.9863 -0.0653
vn -0.0088 -0.9986 0.0516
vn -0.5532 -0.2794 -0.7848
vn -0.9115 -0.0000 -0.4113
vn 0.2789 -0.1324 0.9511
vn 0.4678 -0.0000 0.8838
vn -0.4443 -0.2264 -0.8668
vn 0.1154 0.4835 0.8677
vn -0.5517 -0.2841 -0.7842
vn -0.9241 0.0006 0.3822
vn 0.1642 -0.9859 0.0322
vn 0.0903 -0.0000 -0.9959
vn -0.2516 0.9674 -0.0299
vn -0.0321 0.9995 -0.0025
vn -0.0475 0.9989 -0.0030
vn -0.6960 0.3244 -0.6406
vn 0.1133 0.4836 0.8679
vn -0.9241 -0.0007 0.3821
vn -0.2778 0.1419 -0.9501
vn 0.0631 0.9955 -0.0703
vn 0.1629 0.9861 0.0342
vn -0.6871 -0.3501 -0.6367
vn -0.4082 0.1877 0.8934
vn 0.7172 -0.1304 -0.6846
vn -0.5526 0.2870 -0.7825
vn 0.5125 0.5410 0.6669
vn 0.5643 -0.3714 -0.7373
vn -0.2059 -0.9773 -0.0493
vn -0.4380 0.1950 -0.8776
vn -0.4583 -0.6928 0.5567
vn 0.0669 0.9962 -0.0551
vn 0.1854 -0.0841 -0.9791
vn 0.5315 -0.4905 0.6906
vn 0.1517 -0.9870 -0.0538
vn 0.6745 0.2027 -0.7099
vn -0.1851 -0.9827 -0.0013
vn 0.7433 0.6287 0.2286
vn -0.5611 0.2579 -0.7866
vn -0.2797 -0.1311 -0.9511
vn 0.5031 0.6966 -0.5116
vn -0.0337 -0.7172 -0.6961
vn 0.2801 0.1303 0.9511
vn 0.5517 0.5210 -0.6513
vn -0.9239 0.0002 0.3828
vn 0.2775 -0.1418 0.9502
vn 0.0335 -0.9807 -0.1925
vn -0.1103 -0.5407 -0.8339
vn 0.9239 -0.0001 -0.3826
vn 0.9237 0.0001 -0.3830
vn -0.2777 0.1404 -0.9504
vn 0.8369 -0.4837 -0.2563
vn 0.9243 0.0007 -0.3818
vn 0.1837 -0.0923 -0.9786
vn -0.1867 -0.9824 0.0030
vn -0.1837 0.0944 0.9784
vn -0.7996 0.3725 0.4710
vn 0.1693 0.6414 0.7483
vn -0.1726 0.9440 -0.2813
vn 0.1045 0.8197 -0.5631
vn -0.5976 0.2607 0.7582
vn -0.1840 0.0931 0.9785
vn -0.4439 -0.2269 -0.8669
vn -0.1127 0.4831 -0.8683
vn 0.8894 -0.0000 -0.4571
vn 0.9112 0.3935 0.1218
vn -0.5314 -0.2378 -0.8130
vn 0.3594 0.6636 0.6561
vn 0.9239 -0.0007 -0.3826
vn -0.1531 0.0751 -0.9853
vn -0.5596 0.2586 -0.7874
vn -0.0014 0.0002 1.0000
vn -0.1073 0.9624 0.2493
vn 0.1826 -0.9767 0.1125
vn 0.9250 0.3723 -0.0759
vn -0.1319 -0.4792 -0.8678
vn -0.5349 -0.4816 -0.6942
vn 0.1845 0.0879 -0.9789
vn 0.5251 0.4830 0.7007
vn -0.2781 -0.1406 -0.9502
vn 0.5479 -0.4767 0.6875
vn -0.7883 0.4016 0.4661
vn 0.5339 -0.4834 0.6937
vn -0.1854 -0.0856 0.9789
vn -0.4018 0.2098 0.8914
vn -0.7868 -0.4042 0.4666
vn 0.1852 0.0836 -0.9791
vn 0.2028 0.9792 0.0036
vn -0.1126 0.4807 -0.8696
vn -0.6979 0.3218 -0.6398
vn -0.0062 -0.1315 0.9913
vn 0.1634 0.9860 0.0335
vn -0.5373 -0.0000 0.8434
vn 0.1631 0.2028 0.9655
vn -0.5366 -0.0000 -0.8438
vn 0.8744 0.4304 0.2241
vn 0.0001 -0.9988 0.0498
vn -0.1159 -0.4842 -0.8672
vn 0.8841 0.1263 0.4499
vn -0.2356 0.9678 -0.0887
vn -0.0814 0.9965 -0.0209
vn 0.1853 0.9827 0.0020
vn 0.9239 0.0002 -0.3825
vn 0.9237 0.0003 -0.3830
vn -0.7511 -0.0000 -0.6601
vn -0.1740 -0.8541 0.4901
vn 0.2028 -0.9792 -0.0030
vn 0.8711 -0.4054 -0.2773
vn 0.5126 0.5407 0.6670
vn -0.5253 0.4822 -0.7011
vn -0.4085 -0.1877 0.8932
vn 0.7071 0.7071 -0.0000
vn -0.2248 -0.9726 0.0595
vn 0.0537 -0.9777 -0.2030
vn 0.5316 -0.4892 0.6914
vn -0.7071 0.0001 -0.7071
vn 0.9239 0.0003 -0.3825
vn 0.1635 -0.9860 0.0336
vn 0.0472 0.9458 -0.3213
vn 0.1600 0.9858 -0.0519
vn 0.5981 0.2535 0.7603
vn -0.2802 0.1296 -0.9512
vn -0.9904 -0.0000 0.1385
vn 0.8391 -0.3639 -0.4042
vn -0.0165 0.9999 -0.0000
vn 0.0049 0.7004 0.7137
vn -0.4043 0.2098 0.8902
vn 0.9935 -0.0000 -0.1139
vn 0.5349 0.2430 -0.8092
vn 0.1852 -0.0867 -0.9789
vn 0.5339 -0.4828 0.6942
vn -0.5570 -0.2645 -0.7872
vn -0.1456 -0.0000 0.9893
vn -0.5198 -0.2430 -0.8190
vn -0.3653 0.2933 -0.8835
vn 1.0000 0.0001 -0.0000
vn 1.0000 -0.0001 -0.0000
vn -0.1261 -0.4849 -0.8655
vn -0.8577 0.0672 0.5097
vn -0.1838 -0.0945 0.9784
vn 0.9971 -0.0299 -0.0703
vn 0.1853 0.9827 0.0014
vn 0.1788 0.8430 0.5073
vn 0.1238 -0.4828 0.8669
vn -0.6886 -0.3475 -0.6364
vn 0.8707 0.4064 -0.2771
vn -0.1637 -0.6058 0.7786
vn -0.2782 -0.1408 -0.9502
vn -0.1128 0.4808 -0.8696
vn -0.4035 -0.2072 0.8912
vn 0.2027 -0.9792 -0.0085
vn -0.2113 -0.9755 -0.0611
vn -0.6894 -0.3445 -0.6372
vn -0.5838 -0.0211 0.8116
vn -0.4494 -0.2066 -0.8691
vn 0.1979 -0.9783 0.0618
vn -0.8006 0.3706 0.4708
vn 0.1837 -0.0926 -0.9786
vn 0.1675 -0.9843 -0.0562
vn -0.7873 -0.4041 0.4657
vn 0.2813 0.1275 0.9511
vn 0.2777 0.1411 0.9502
vn 0.5339 -0.4828 0.6941
vn -0.6959 -0.3254 -0.6402
vn 0.2019 0.9794 0.0018
vn 0.1639 -0.9857 0.0388
vn -0.4445 0.2264 -0.8667
vn 0.5230 0.4838 0.7017
vn 0.2794 -0.1316 0.9511
vn 0.5840 -0.0211 0.8115
vn -0.7647 0.0012 -0.6443
vn -0.1856 -0.9826 0.0091
vn 0.1101 -0.5420 0.8332
vn -0.2357 0.9697 0.0644
vn 0.1259 -0.4839 0.8660
vn 0.1101 -0.5423 0.8329
vn 0.2027 -0.9792 -0.0094
vn -0.2418 -0.9487 0.2036
vn -0.1856 -0.9826 -0.0040
vn -0.5595 0.2626 -0.7861
vn 0.9238 -0.0003 -0.3828
vn -0.5346 -0.4828 -0.6937
vn -0.0379 0.5348 -0.8441
vn 0.9240 -0.0060 -0.3824
vn 0.6148 0.7860 -0.0648
vn -0.7874 -0.4039 0.4658
vn -0.5797 0.0432 -0.8137
vn -0.5594 -0.2615 -0.7866
vn -0.0191 -0.4212 -0.9068
vn -0.1551 -0.9709 0.1824
vn 0.1852 -0.0860 -0.9789
vn -0.2169 -0.9761 0.0144
vn 0.1603 0.9828 0.0913
vn -0.1853 0.0856 0.9789
vn 0.9336 0.0001 0.3583
vn 0.3855 -0.7496 -0.5381
vn 0.2801 -0.1270 0.9515
vn 0.1513 0.9863 -0.0651
vn 0.6195 -0.2624 -0.7398
vn -0.5561 0.7757 0.2986
vn -0.4084 0.1904 0.8927
vn 0.5810 0.1220 -0.8047
vn 0.0201 0.4209 0.9069
vn -0.5199 0.2416 -0.8194
vn -0.8192 0.0002 0.5735
vn -0.1853 0.0863 0.9789
vn -0.4033 -0.2073 0.8913
vn -0.5349 0.4825 -0.6937
vn -0.9755 0.0007 0.2201
vn -0.6945 0.3282 -0.6403
vn 0.8534 -0.4767 0.2107
vn -0.1857 0.9826 -0.0087
vn -0.1238 -0.4826 -0.8670
vn -0.1851 -0.0865 0.9789
vn 0.7652 -0.0000 0.6438
vn -0.0049 0.7312 -0.6822
vn -0.6877 -0.3469 -0.6378
vn -0.2803 -0.1306 -0.9510
vn -0.7989 -0.3722 0.4725
vn 0.1854 0.0860 -0.9789
vn -0.4043 -0.2052 0.8913
vn -0.0000 -0.8584 -0.5130
vn 0.1532 -0.8979 0.4128
vn -0.0057 0.9887 -0.1495
vn -0.6963 -0.3227 -0.6411
vn -0.0988 0.4786 -0.8724
vn -0.9240 -0.0061 0.3824
vn -0.1867 0.9824 0.0056
vn 0.8708 -0.4062 -0.2770
vn -0.1876 0.9822 0.0087
vn 0.8632 0.4983 0.0812
vn -0.0502 0.9709 -0.2341
vn -0.2781 0.1407 -0.9502
vn -0.5346 -0.4827 -0.6936
vn -0.2356 -0.9678 -0.0886
vn 0.2028 -0.9792 0.0063
vn 0.1258 -0.4848 0.8655
vn 0.1853 -0.0854 -0.9790
vn 0.3300 -0.6887 0.6456
vn 0.8533 0.4757 0.2134
vn -0.2242 0.9731 -0.0527
vn 0.1837 -0.0956 -0.9783
vn -0.5336 -0.4847 -0.6931
vn -0.2782 -0.1407 -0.9502
vn 0.5323 -0.4895 0.6907
vn -0.2806 -0.1292 -0.9511
vn -0.9241 0.0005 0.3822
vn -0.0106 -0.9789 0.2042
vn 0.2804 0.1286 0.9512
vn -0.4063 0.2024 0.8910
vn 0.7063 -0.5380 -0.4601
vn 0.0015 0.9066 0.4219
vn 0.8622 -0.5003 0.0792
vn -0.2536 -0.9673 -0.0102
vn 0.1134 0.4830 0.8682
vn 0.2802 -0.1321 0.9508
vn 0.1677 0.9856 -0.0231
vn 0.1095 -0.5377 0.8360
vn -0.1101 -0.5420 -0.8332
vn 0.4138 0.5037 -0.7584
vn -0.8003 -0.3708 0.4713
vn -0.2257 0.9728 -0.0530
vn -0.4548 0.8906 0.0001
vn -0.6969 0.3225 -0.6405
vn -0.3425 -0.0000 -0.9395
vn 0.1154 0.4836 0.8676
vn 0.1851 0.0908 -0.9785
vn 0.1518 -0.9884 -0.0051
vn 0.5113 0.5423 0.6666
vn -0.0000 0.4540 -0.8910
vn 0.0165 0.9999 -0.0000
vn -0.1856 0.0857 0.9789
vn 0.1628 -0.9744 -0.1551
vn -0.2118 0.9756 -0.0576
vn 0.1837 0.0891 -0.9789
vn 0.7433 -0.6287 0.2286
vn -0.5574 -0.2647 -0.7869
vn 0.1834 -0.0940 -0.9785
vn -0.4711 -0.0564 0.8803
vn -0.2777 -0.1405 -0.9503
vn -0.1856 0.9826 0.0050
vn -0.0669 0.8309 0.5523
vn 0.1840 -0.0926 -0.9786
vn -0.8966 -0.2055 0.3922
vn 0.7077 -0.6623 0.2459
vn -0.4083 -0.1853 0.8939
vn 0.2810 -0.1287 0.9510
vn -0.6010 0.2804 0.7484
vn 0.8714 0.3846 0.3045
vn -0.2806 0.1292 -0.9511
vn -0.5520 -0.2835 -0.7841
vn 0.1837 0.0925 -0.9786
vn -0.4042 0.2047 0.8915
vn 0.2025 0.9793 -0.0000
vn -0.2445 0.9687 0.0425
vn 0.2775 -0.1411 0.9503
vn 0.2774 -0.1415 0.9503
vn 0.1125 0.4820 0.8689
vn 0.2028 -0.9792 -0.0060
vn -0.2800 0.1313 -0.9510
vn 0.7427 -0.6295 0.2284
vn 0.6891 0.7247 -0.0000
vn 0.1830 0.0945 -0.9786
vn -0.6954 -0.3273 -0.6398
vn -0.0231 0.9996 -0.0150
vn -0.9998 -0.0206 -0.0000
vn -0.7869 -0.4039 0.4666
vn 0.1847 -0.0872 -0.9789
vn -0.1122 0.4884 -0.8654
vn 0.1515 0.9884 -0.0071
vn -0.7968 0.3778 0.4715
vn -0.6878 0.3500 -0.6360
vn 0.7144 0.5248 -0.4629
vn 0.1880 -0.9763 0.1070
vn -0.1856 -0.0859 0.9789
vn 0.7753 0.3972 -0.4911
vn 0.1836 0.0952 -0.9784
vn 0.5239 0.4831 0.7016
vn 0.7622 -0.6047 0.2312
vn 0.1666 0.9860 -0.0064
vn -0.7991 0.3740 0.4706
vn -0.2802 -0.1291 -0.9512
vn 0.1259 -0.4840 0.8660
vn 0.1134 0.4821 0.8688
vn 0.9808 -0.0000 -0.1948
vn -0.6876 -0.3471 -0.6377
vn 0.6975 0.1162 -0.7071
vn 0.1675 -0.9843 -0.0563
vn 0.7426 -0.6295 0.2286
vn -0.2341 -0.9609 -0.1479
vn 0.2027 0.9792 0.0075
vn -0.1245 -0.4825 -0.8670
vn -0.4034 -0.2070 0.8913
vn -0.5118 0.5409 -0.6675
vn -0.1215 0.4854 -0.8658
vn 0.5126 0.5406 0.6671
vn 0.2802 -0.1298 0.9511
vn 0.2050 -0.9788 -0.0000
vn -0.5128 0.5398 -0.6675
vn -0.1238 -0.4824 -0.8671
vn -0.7875 0.4008 0.4682
vn -0.2493 -0.0705 0.9658
vn -0.6869 -0.3499 -0.6369
vn 0.1094 -0.5377 0.8360
vn 0.5774 0.1155 -0.8083
vn -0.1621 -0.6932 0.7023
vn -0.1835 0.9830 0.0030
vn 0.1841 0.0924 -0.9785
vn -0.0000 0.4543 0.8909
vn -0.4043 -0.2050 0.8914
vn 0.8711 0.4054 -0.2772
vn 0.5338 -0.4829 0.6942
vn 0.1605 -0.9829 0.0904
vn -0.5105 0.5431 -0.6667
vn 0.7479 0.3364 0.5723
vn -0.5589 0.2620 -0.7868
vn -0.5350 0.8217 -0.1965
vn -0.1873 0.9823 -0.0004
vn -0.5610 -0.2572 -0.7868
vn -0.1622 0.6932 0.7023
vn -0.1015 -0.9606 0.2588
vn 0.2028 0.9792 0.0076
vn 0.5253 0.4823 0.7011
vn 0.9104 0.3225 0.2590
vn -0.5217 0.4855 -0.7015
vn -0.5348 -0.4818 -0.6941
vn -0.6011 -0.2804 0.7484
vn 0.4858 0.2720 -0.8307
vn -0.1850 -0.0798 0.9795
vn 0.9170 0.3985 0.0155
vn -0.4022 -0.2090 0.8914
vn 0.2804 0.1297 0.9511
vn -0.0033 0.8220 -0.5695
vn 0.1748 -0.7854 0.5938
vn 0.8710 0.4056 -0.2771
vn -0.1853 -0.0864 0.9789
vn -0.6889 0.3476 -0.6360
vn 0.1095 -0.5371 0.8364
vn -0.1130 0.4895 -0.8646
vn -0.4043 0.2098 0.8903
vn -0.4083 -0.1885 0.8932
vn -0.3824 -0.9040 0.1912
vn 0.1259 -0.4848 0.8655
vn 0.3027 0.0025 -0.9531
vn 0.5340 -0.4834 0.6936
vn -0.5331 -0.4841 -0.6938
vn -0.9239 0.0008 0.3827
vn 0.1852 0.0867 -0.9789
vn -0.7874 0.4009 0.4682
vn 0.1685 0.9857 -0.0051
vn -0.7999 -0.3711 0.4715
vn -0.2778 -0.1412 -0.9502
vn -0.6014 -0.2795 0.7485
vn -0.5530 0.2832 -0.7836
vn -0.0000 0.5301 -0.8479
vn 0.5114 0.5421 0.6668
vn -0.2235 0.7805 0.5838
vn -0.6879 0.3472 -0.6373
vn 0.9103 -0.0000 -0.4139
vn -0.2527 0.9674 -0.0152
vn 0.1799 0.9831 0.0345
vn 0.9180 0.3773 -0.1220
vn 0.7839 -0.4350 -0.4429
vn 0.2802 0.1287 0.9513
vn 0.1757 -0.7508 -0.6367
vn 0.9239 0.0002 -0.3827
vn -0.5526 0.2872 -0.7824
vn -0.1833 0.0944 0.9785
vn 0.9241 0.0005 -0.3822
vn -0.5349 -0.4817 -0.6942
vn 0.9238 -0.0001 -0.3829
vn 0.5330 -0.4846 0.6936
vn 0.1101 -0.5419 0.8332
vn 0.1836 0.0951 -0.9784
vn 0.0605 -0.9542 -0.2931
vn -0.0001 -0.0000 1.0000
vn 0.9250 0.0083 -0.3799
vn 0.2778 -0.1407 0.9503
vn -0.1834 -0.0944 0.9785
vn 0.5254 0.5235 0.6707
vn 0.1122 0.4904 0.8642
vn 0.5151 0.2254 -0.8270
vn -0.6976 -0.3195 -0.6413
vn -0.2445 -0.9687 0.0425
vn -0.0001 0.7136 0.7006
vn -0.0866 -0.0177 0.9961
vn 0.8882 -0.0000 -0.4595
vn -0.7864 0.4042 0.4671
vn -0.7494 -0.0000 0.6621
vn 0.8064 0.2097 0.5529
vn 0.5463 -0.4824 0.6847
s 0
usemtl color_1650274.001
f 20//2 9//2 8//2 4272//2 4274//2 23//2
f 81//5 90//5 3238//5 3236//5 80//5
f 302//6 307//6 256//6 255//6
f 107//8 106//8 1459//8 1460//8 108//8 117//8
f 3387//9 3386//9 3383//9 3317//9 3382//9 3385//9 3384//9 2117//9 2116//9 2090//9 3372//9 3319//9 3318//9 3320//9 3364//9 1945//9 2132//9
f 108//10 118//10 117//10
f 118//11 73//11 117//11
f 52//12 133//12 198//12 196//12 194//12 3327//12 51//12
f 926//14 1040//14 545//14
f 2946//15 4368//15 705//15
f 152//16 4406//16 2975//16 151//16
f 1023//17 1020//17 909//17 1022//17
f 596//20 764//20 781//20 782//20 598//20
f 2079//21 2940//21 2696//21 766//21 1612//21
f 176//23 196//23 198//23 197//23 175//23
f 238//25 202//25 203//25 191//25 190//25 204//25
f 3640//5 4238//5 4268//5 4316//5 4310//5 4314//5 4311//5 4302//5
f 96//26 211//26 208//26 210//26 209//26 94//26
f 189//23 241//23 240//23 239//23 188//23
f 818//29 819//29 152//29 151//29
f 243//30 244//30 314//30
f 244//31 245//31 314//31
f 246//32 314//32 245//32
f 250//33 249//33 254//33
f 2647//34 3464//34 3822//34
f 3652//35 4320//35 4319//35 4269//35
f 1781//36 1815//36 1782//36
f 4342//37 1988//37 4340//37
f 417//38 420//38 1900//38 1893//38 851//38 830//38 2765//38
f 252//39 254//39 299//39
f 299//31 254//31 300//31
f 1163//40 1192//40 1165//40
f 4352//42 286//42 306//42 304//42 2218//42 4351//42
f 3134//44 3144//44 3158//44 3161//44
f 341//45 338//45 337//45 330//45 331//45 339//45
f 209//47 210//47 135//47
f 371//31 372//31 1492//31
f 370//48 363//48 374//48
f 372//49 375//49 374//49 363//49 362//49
f 777//50 776//50 798//50
f 4355//51 343//51 344//51 342//51 2238//51
f 384//52 382//52 383//52
f 713//55 1259//55 1260//55
f 2640//57 3361//57 3417//57
f 1299//58 1429//58 1430//58 1428//58 588//58 650//58
f 1870//59 1872//59 1911//59 1913//59
f 389//62 453//62 410//62 381//62 377//62
f 393//63 392//63 489//63
f 414//64 417//64 2765//64 2796//64 412//64 346//64
f 1366//65 1164//65 1365//65
f 1020//67 525//67 523//67 415//67 439//67 440//67 441//67 416//67 909//67
f 448//68 4222//68 464//68 449//68
f 2020//70 2693//70 2955//70 2954//70 3012//70
f 310//71 311//71 850//71
f 4230//72 4233//72 4229//72
f 478//73 479//73 455//73
f 1284//74 1785//74 1737//74
f 2007//76 2531//76 2528//76 2006//76
f 767//79 861//79 666//79 775//79 768//79
f 546//31 505//31 504//31
f 582//68 578//68 577//68
f 3592//83 2515//83 2517//83 3591//83
f 495//33 583//33 496//33
f 496//31 583//31 497//31
f 282//6 281//6 285//6 284//6
f 1196//89 1462//89 1467//89 1195//89
f 1484//90 1482//90 1292//90 647//90
f 816//91 707//91 560//91 530//91 682//91
f 712//93 562//93 549//93 694//93 1218//93
f 548//94 1421//94 926//94 545//94
f 898//95 895//95 894//95 899//95
f 75//90 74//90 3987//90 2930//90
f 727//96 724//96 726//96
f 4395//100 4014//100 2944//100 4396//100
f 71//101 154//101 72//101
f 1798//103 1275//103 1764//103
f 1233//2 778//2 722//2 723//2 779//2 780//2 776//2 777//2 1232//2
f 962//104 1155//104 1145//104
f 2374//105 2378//105 2286//105
f 560//106 707//106 738//106 594//106
f 794//108 810//108 825//108 826//108 837//108 836//108 807//108 806//108 788//108
f 797//109 651//109 595//109 762//109 814//109 787//109 600//109 602//109 785//109
f 1871//113 1869//113 2389//113 2388//113
f 300//115 254//115 298//115 291//115 301//115
f 3870//118 3899//118 3542//118 3483//118 961//118 1181//118 1075//118 1072//118 1157//118 409//118 390//118 377//118 381//118 411//118 410//118 453//118 389//118 398//118 380//118 960//118 962//118 1145//118 1155//118 1074//118 3833//118 3835//118 3854//118 3859//118 3440//118 3439//118 3448//118 1069//118 3801//118 1026//118 1046//118 3802//118 3797//118 3795//118 3796//118 301//118 291//118 253//118 255//118 256//118 340//118 307//118 302//118 313//118 258//118 298//118 254//118 249//118 309//118 312//118 360//118 353//118 348//118 243//118 314//118 246//118 247//118 529//118 528//118 525//118 1020//118 1023//118 910//118 912//118 1028//118 1053//118 1050//118 1024//118 1022//118 909//118 416//118 475//118 441//118 440//118 527//118 478//118 455//118 479//118 886//118 817//118 890//118 892//118 893//118 885//118 884//118 371//118 1492//118 1393//118 1441//118 1394//118 1392//118 1417//118 1383//118 3237//118 90//118 81//118 4301//118 4311//118 4314//118 4289//118 4284//118 3664//118 1439//118 1452//118 1361//118 4121//118 1354//118 1416//118 1005//118 602//118 600//118 815//118 787//118 814//118 762//118 756//118 596//118 598//118 742//118 738//118 707//118 816//118 682//118 684//118 549//118 562//118 1229//118 712//118 1218//118 694//118 688//118 530//118 560//118 594//118 781//118 764//118 755//118 595//118 651//118 753//118 797//118 785//118 1295//118 1296//118 1298//118 1283//118 3589//118 1013//118 1476//118 4281//118 4286//118 3677//118 3692//118 3693//118 4268//118 4238//118 4135//118 4144//118 4052//118 4110//118 3588//118 1012//118 1288//118 1352//118 4112//118 4109//118 4123//118 3576//118 3605//118 4069//118 4140//118 4137//118 4126//118 4127//118 4130//118 4056//118 3608//118 3609//118 4080//118 4163//118 4160//118 4162//118 4166//118 3654//118 3594//118 3604//118 3596//118 3640//118 4302//118 4298//118 4297//118 4303//118 4258//118 3707//118 4270//118 4234//118 4153//118 4161//118 4145//118 4151//118 3581//118 3611//118 4231//118 4194//118 4075//118 4152//118 3606//118 3607//118 3638//118 4325//118 4317//118 4320//118 3652//118 3713//118 3714//118 4276//118 4348//118 4343//118 4346//118 4269//118 4319//118 3694//118 3706//118 53//118 3285//118 3303//118 173//118 175//118 197//118 133//118 52//118 4341//118 4344//118 4337//118 4336//118 4339//118 4272//118 8//118 4255//118 9//118 20//118 23//118 136//118 3711//118 3712//118 51//118 3327//118 3315//118 3316//118 185//118 94//118 209//118 135//118 210//118 208//118 211//118 3272//118 3258//118 3260//118 3357//118 3326//118 194//118 196//118 176//118 3305//118 3256//118 183//118 91//118 54//118 4324//118 4326//118 4328//118 4331//118 92//118 3678//118 3679//118 80//118 3236//118 3235//118 137//118 3234//118 3246//118 3360//118 3247//118 3240//118 3273//118 3239//118 3248//118 3251//118 3274//118 3404//118 3415//118 3252//118 3249//118 206//118 3261//118 3356//118 3355//118 205//118 207//118 3250//118 1545//118 1555//118 50//118 1573//118 6//118 1546//118 1512//118 1547//118 1558//118 1557//118 4179//118 4170//118 4178//118 4092//118 4099//118 4193//118 4168//118 4171//118 4169//118 3583//118 3432//118 3431//118 4028//118 4022//118 3991//118 3990//118 3992//118 3998//118 3975//118 3986//118 3985//118 3971//118 3546//118 4038//118 3972//118 4000//118 4003//118 3930//118 3922//118 3530//118 3540//118 3539//118 4046//118 3932//118 3965//118 992//118 973//118 974//118 1282//118 1202//118 1217//118 1184//118 1183//118 1191//118 1197//118 3541//118 3961//118 3949//118 3948//118 3931//118 3921//118 3928//118 3537//118 3547//118 3430//118 3441//118 3903//118 3863//118 3865//118 3864//118 3868//118
f 2585//120 3242//120 3241//120 2577//120
f 2746//68 2775//68 2798//68 2847//68 2812//68 2756//68
f 868//31 872//31 871//31
f 868//31 874//31 872//31
f 2989//122 3218//122 3223//122 3221//122 3017//122
f 3438//125 3802//125 1046//125 1026//125 911//125
f 887//126 817//126 886//126
f 887//31 889//31 817//31
f 993//68 1029//68 843//68 903//68 881//68
f 573//130 1194//130 159//130 155//130 29//130 570//130
f 907//31 913//31 908//31
f 1181//131 961//131 1075//131
f 2015//134 4165//134 4203//134
f 2243//135 2984//135 3014//135
f 4338//136 1987//136 2175//136 4327//136
f 580//137 1019//137 1404//137 1422//137 959//137 547//137
f 1427//131 1426//131 1494//131
f 994//107 882//107 904//107 1042//107 1041//107 914//107
f 933//141 936//141 935//141
f 898//142 899//142 932//142 1007//142 1003//142
f 409//143 1157//143 1072//143 960//143 380//143
f 1022//95 1024//95 910//95 1023//95
f 2941//145 2921//145 2943//145
f 1039//146 1021//146 1033//146 1044//146 1055//146 1051//146 1035//146 1036//146 1037//146 1038//146
f 1024//142 1050//142 1053//142 912//142 910//142
f 1397//149 1371//149 1372//149 1399//149
f 1072//151 1075//151 961//151 3483//151 3831//151 3833//151 1074//151 1155//151 962//151 960//151
f 1102//152 1100//152 1099//152 1103//152
f 3729//155 3656//155 3653//155
f 751//156 1765//156 1761//156 1571//156
f 923//158 924//158 921//158
f 1153//46 1150//46 1143//46 1109//46 1108//46 1158//46 1156//46 1180//46 1179//46 1199//46 1198//46 1104//46 1105//46 1161//46 1160//46 1154//46
f 1170//31 1171//31 1169//31
f 23//159 4274//159 4339//159 4336//159 4332//159 3711//159 136//159
f 622//160 1175//160 1170//160 1169//160
f 398//161 390//161 409//161 380//161
f 1171//31 1170//31 1483//31
f 1165//108 1487//108 1241//108 636//108 634//108 1491//108 1188//108 624//108 1163//108
f 671//163 703//163 4382//163 4385//163 4383//163 2958//163
f 1391//164 1290//164 1143//164 1150//164
f 974//167 973//167 1182//167 1184//167 1217//167 1202//167
f 589//169 1030//169 1034//169
f 4130//170 4067//170 4056//170
f 4324//171 54//171 53//171 3706//171
f 1262//172 1261//172 1309//172 1312//172 1310//172 1276//172 1748//172
f 2980//174 2981//174 3042//174 2994//174
f 3541//176 3949//176 3961//176
f 3414//177 3493//177 2679//177 3394//177
f 808//178 1739//178 1925//178
f 3508//179 3493//179 3414//179 3474//179 3472//179 3481//179 2670//179 2580//179
f 1315//31 1317//31 1316//31
f 2575//180 3199//180 3202//180 2574//180
f 647//32 1292//32 1491//32 634//32
f 828//182 1811//182 1876//182
f 1112//31 1333//31 1119//31
f 1334//183 1118//183 1333//183
f 1119//31 1333//31 1118//31
f 1337//185 1336//185 1142//185 1141//185 1103//185 1099//185 1203//185
f 1114//186 1142//186 1338//186
f 1339//187 1338//187 1142//187
f 1336//188 1339//188 1142//188
f 1329//189 1585//189 1598//189
f 1343//190 1396//190 1360//190
f 3988//192 2534//192 3974//192
f 1291//195 1415//195 1438//195 1286//195
f 1388//31 1679//31 1386//31
f 1395//197 505//197 546//197 2597//197 2753//197 2751//197 900//197
f 3242//198 3348//198 3346//198 3241//198
f 3874//199 3836//199 2805//199 4016//199 4017//199
f 1422//201 1404//201 1423//201
f 1423//202 1403//202 1422//202
f 1433//151 1434//151 1426//151 1427//151 1418//151 1419//151 1425//151 1467//151 1462//151
f 1430//204 1429//204 1431//204
f 1431//205 1994//205 1430//205
f 1398//206 1453//206 1406//206
f 1571//212 1572//212 1435//212 697//212 716//212 751//212
f 636//213 1241//213 1254//213 494//213
f 462//214 1471//214 1473//214 422//214 421//214
f 2027//215 2053//215 2754//215
f 1518//216 1519//216 1237//216
f 1315//31 1316//31 1610//31
f 1463//218 2709//218 1479//218 728//218 720//218
f 836//219 837//219 1302//219 1305//219 824//219
f 1547//220 1557//220 1558//220
f 315//222 367//222 316//222
f 735//223 1496//223 1293//223 1255//223 2705//223
f 4004//225 70//225 31//225 4407//225 2933//225
f 1399//227 1434//227 1433//227 1461//227 1397//227
f 1654//32 1536//32 1537//32 1375//32 665//32 773//32 1653//32
f 2260//228 4363//228 4362//228 1985//228
f 1509//229 1550//229 1510//229
f 1549//31 1510//31 1550//31
f 3718//230 3727//230 3719//230
f 1418//232 1420//232 1419//232
f 801//233 1680//233 1734//233 805//233
f 6//236 1573//236 1555//236 1545//236 1546//236
f 1308//237 1310//237 1312//237
f 1585//238 1329//238 1153//238 1154//238 1586//238 1570//238 1328//238 1330//238 1595//238
f 1664//240 1665//240 1662//240
f 4002//242 3999//242 3430//242 3547//242
f 696//243 1413//243 1311//243 1065//243 1464//243
f 2730//244 3362//244 3719//244 3727//244 3729//244 3653//244 2731//244
f 824//244 1305//244 1304//244 1308//244 1312//244 1309//244 1277//244
f 1659//248 1658//248 1267//248 1156//248 1158//248
f 851//219 1893//219 1894//219 2717//219 1739//219 808//219
f 3781//249 3876//249 2857//249 2804//249 2800//249
f 809//250 803//250 1732//250 2716//250 1766//250 811//250
f 1743//252 1332//252 1331//252 1742//252
f 840//253 1595//253 1330//253 839//253
f 1887//254 1640//254 1638//254 770//254 802//254 1651//254 1680//254 801//254 848//254
f 1524//23 1660//23 1681//23 1269//23 1243//23 1522//23
f 1710//255 1696//255 1707//255 1713//255 1736//255 1711//255
f 1689//31 1694//31 1690//31
f 1498//256 1525//256 1526//256
f 1707//31 1696//31 1706//31
f 1735//31 1733//31 1709//31
f 1650//257 1626//257 1651//257 802//257 1641//257
f 4227//258 4254//258 4252//258 2110//258 2085//258
f 4360//259 2259//259 387//259 388//259
f 1698//260 2071//260 2083//260
f 1709//31 1724//31 1735//31
f 1711//31 1736//31 1725//31
f 1734//261 1597//261 1435//261 1572//261 805//261
f 424//262 443//262 442//262 3509//262 3510//262 3423//262 3422//262 448//262 449//262 464//262 4222//262 4226//262 4219//262
f 1741//263 1748//263 1747//263
f 1748//264 1276//264 1747//264
f 1753//31 1752//31 1754//31
f 1331//265 1160//265 1161//265 1741//265 1747//265 1742//265
f 1460//266 1459//266 1568//266
f 1284//8 1190//8 1189//8 1193//8 1795//8 1783//8 1785//8
f 2726//268 2738//268 1811//268 828//268 1781//268 1782//268
f 2691//269 2737//269 1816//269 829//269 491//269
f 1848//272 1849//272 1851//272 1846//272 1845//272 1853//272 2160//272 1871//272 2388//272 2157//272 2156//272 2510//272 2002//272 2005//272 2512//272 538//272 630//272 552//272 629//272 551//272 628//272 542//272 626//272 541//272 619//272 618//272 644//272 447//272 659//272 1042//272 904//272 882//272 881//272 903//272 843//272 4015//272 4066//272 4076//272 4078//272 1493//272 2212//272 2213//272 1692//272 369//272 2217//272 370//272 374//272 376//272 375//272 372//272 838//272 885//272 893//272 892//272 887//272 886//272 479//272 478//272 527//272 524//272 523//272 525//272 528//272 242//272 529//272 247//272 244//272 243//272 348//272 353//272 360//272 350//272 352//272 248//272 1442//272 2262//272 3174//272 3173//272 3050//272 3051//272 3059//272 3035//272 3036//272 3034//272 3175//272 3037//272 3016//272 3079//272 1822//272 1823//272 1784//272 1760//272 1759//272 1758//272 2698//272 2699//272 2643//272 2678//272 2646//272 1850//272 1844//272 1847//272
f 1847//273 1852//273 1848//273
f 1966//275 1963//275 4228//275 4225//275
f 2507//276 1879//276 2318//276 2298//276 2334//276
f 1878//146 1886//146 170//146 171//146
f 1290//215 1391//215 1458//215
f 2110//277 4252//277 4256//277 2111//277
f 1903//282 1801//282 1906//282
f 1906//283 1907//283 1903//283
f 395//146 472//146 351//146 323//146
f 2668//287 2896//287 2955//287 2693//287
f 4396//288 4391//288 2969//288 4395//288
f 3227//289 3079//289 3016//289 3221//289 3229//289
f 1067//292 1175//292 622//292 603//292
f 1652//295 1677//295 1370//295 1390//295 1538//295 1537//295 1536//295 772//295
f 2240//265 4357//265 4358//265 392//265 393//265
f 2113//288 2210//288 2209//288 2228//288
f 1843//299 1822//299 3079//299 3227//299
f 1698//300 1706//300 1696//300 1709//300 1733//300 2071//300
f 4310//301 4316//301 3693//301 3692//301
f 2118//303 2090//303 2116//303
f 2124//304 2084//304 2112//304 2206//304 1744//304
f 2157//307 2388//307 2158//307
f 1285//16 1354//16 4121//16 3589//16 1283//16
f 2621//308 3271//308 3292//308
f 1991//31 1990//31 2207//31
f 1360//310 1415//310 1291//310 1289//310 1343//310
f 723//101 722//101 1244//101
f 362//312 363//312 370//312 369//312 1692//312 1691//312 1690//312 1694//312 1693//312 361//312 2183//312 2039//312 2184//312 3053//312 3054//312 2977//312 2978//312 2981//312 2980//312 311//312 310//312 317//312 318//312 315//312 316//312 319//312 320//312 321//312 3248//312 3239//312 3240//312 3247//312 3246//312 3234//312 3235//312 3236//312 3238//312 3237//312 1383//312 1392//312 1394//312 1393//312 1492//312
f 665//313 1375//313 1413//313 696//313
f 624//314 1188//314 1297//314
f 2257//315 2253//315 2242//315 2243//315 3014//315 2076//315
f 1740//31 2253//31 2254//31
f 2254//31 2253//31 2257//31
f 2631//316 2768//316 2891//316
f 2275//31 2276//31 2173//31
f 454//321 2938//321 2927//321 423//321
f 2228//146 2076//146 3014//146 2984//146 2113//146
f 596//324 756//324 755//324 764//324
f 2630//58 2766//58 1801//58 1903//58 1873//58 2466//58
f 2375//31 2374//31 2376//31
f 2386//31 2385//31 2288//31
f 2384//326 2386//326 2288//326
f 1745//327 2378//327 2374//327 2375//327 2379//327 1800//327
f 2415//330 2276//330 2416//330 2414//330
f 2275//31 2416//31 2276//31
f 2504//331 2334//331 2487//331
f 1889//333 395//333 323//333 391//333
f 1371//334 1369//334 1368//334 1372//334
f 2505//31 2334//31 2504//31
f 2506//335 2334//335 2505//335
f 2334//31 2506//31 2507//31
f 1328//101 1570//101 1634//101
f 2069//337 4249//337 4229//337 4233//337 4236//337 4239//337 2107//337
f 3099//339 1509//339 1510//339 3100//339
f 523//342 524//342 415//342
f 2585//343 2577//343 3205//343 3206//343
f 530//344 688//344 684//344 682//344
f 2645//31 1850//31 2646//31
f 765//346 1606//346 1633//346 3018//346 2991//346
f 2580//31 2670//31 2581//31
f 4125//347 4127//347 4126//347
f 1546//46 1545//46 3250//46 3249//46 3252//46 3251//46 3248//46 321//46 2695//46 322//46 2691//46 491//46 2684//46 3133//46 3102//46 1512//46
f 3104//31 2681//31 3143//31
f 2680//31 2700//31 2682//31
f 2702//31 3143//31 2681//31
f 1661//348 2701//348 2589//348 2595//348 2748//348
f 2702//31 2681//31 2700//31
f 2682//31 2700//31 2681//31
f 752//349 1580//349 1582//349 2708//349 1485//349 733//349
f 340//351 256//351 307//351
f 879//352 880//352 883//352
f 2028//353 2017//353 2029//353 1351//353 502//353
f 1823//355 1822//355 1843//355 1842//355 1809//355
f 3810//356 3809//356 3812//356 3813//356
f 1814//358 1582//358 1580//358
f 935//359 1914//359 2725//359 2592//359 2606//359 1915//359 2750//359 2597//359 546//359 933//359
f 1912//360 1915//360 2606//360 2591//360 2706//360
f 2751//31 2752//31 900//31
f 2752//31 2751//31 1944//31
f 1087//362 623//362 625//362 1121//362 1090//362
f 1984//364 2072//364 4211//364 4224//364
f 1948//365 2768//365 2631//365 2258//365 2261//365
f 2792//368 2796//368 2795//368
f 2796//369 2765//369 2795//369
f 2813//107 2848//107 2799//107 2777//107 2767//107 2769//107
f 3922//370 3930//370 3537//370 3928//370
f 2847//31 2849//31 2812//31
f 3928//371 3921//371 3530//371 3922//371
f 2812//68 2849//68 2851//68
f 2848//31 2813//31 2850//31
f 2895//31 2894//31 2893//31
f 1185//372 1401//372 1402//372
f 2668//268 2663//268 2869//268 2871//268 1994//268 1431//268 2896//268
f 3250//373 207//373 205//373 206//373 3249//373
f 2917//31 2918//31 2916//31
f 2915//31 2916//31 2918//31
f 4120//375 2031//375 4122//375
f 4356//377 304//377 306//377
f 1198//301 1199//301 1552//301 1551//301
f 4284//35 4289//35 3677//35 4286//35
f 806//378 807//378 1353//378
f 739//382 3133//382 2684//382 1505//382
f 2901//58 2902//58 1946//58 1947//58 2772//58 2773//58 2633//58
f 3239//384 3273//384 3240//384
f 3016//31 3017//31 3221//31
f 3029//386 3030//386 3031//386
f 3432//387 3583//387 4099//387 4092//387
f 2994//261 3042//261 3043//261 2940//261 2079//261
f 1455//389 1406//389 1453//389 1432//389 1300//389 653//389 645//389 1317//389 1315//389 1465//389 1466//389
f 811//390 1766//390 1802//390
f 3059//391 3051//391 3031//391 3030//391
f 2945//392 4367//392 4366//392 4365//392
f 3108//394 2982//394 3869//394 3121//394 3119//394 3109//394 3080//394
f 3108//107 3080//107 3109//107
f 3142//31 3104//31 3143//31
f 3142//33 3099//33 3100//33 3104//33
f 351//308 472//308 419//308
f 700//395 678//395 680//395 701//395
f 501//6 1349//6 2053//6 2027//6
f 3274//301 3251//301 3252//301 3415//301
f 3185//31 3188//31 3184//31
f 3184//31 3195//31 3185//31
f 2850//107 2813//107 2852//107
f 2893//31 2894//31 3197//31
f 739//101 1505//101 1543//101
f 3694//397 4319//397 4320//397 4317//397
f 3207//31 3206//31 3203//31
f 3204//401 3203//401 3206//401
f 3204//31 3206//31 3205//31
f 1655//402 1654//402 1653//402
f 3266//405 3271//405 2621//405 2572//405
f 728//406 1479//406 1584//406
f 3289//31 3290//31 3288//31
f 3289//31 3343//31 3290//31
f 911//407 1026//407 3801//407 3448//407
f 848//411 1889//411 391//411 1887//411
f 3321//31 3322//31 3320//31
f 3319//31 3322//31 3321//31
f 3327//412 194//412 3326//412 3260//412 3258//412 3307//412 3315//412
f 1441//414 1393//414 1394//414
f 2959//390 4384//390 4392//390
f 715//417 714//417 1260//417 1259//417 1258//417 1257//417 1519//417 1518//417 1517//417 1515//417 1554//417 1553//417 1105//417 1104//417 1520//417 1521//417 1526//417 1525//417 1358//417 1357//417 1366//417 1365//417 880//417 879//417 1863//417 1864//417 2160//417 1853//417 1845//417 1846//417 1851//417 1849//417 1848//417 1852//417 1847//417 1844//417 1854//417 1857//417 1858//417
f 3303//418 3285//418 184//418 183//418 3256//418
f 3350//67 2637//67 2526//67 3359//67 3381//67
f 3921//419 3931//419 3948//419 3943//419 3540//419 3530//419
f 3404//421 3274//421 3415//421
f 745//422 748//422 763//422
f 1295//424 785//424 602//424 1005//424 1294//424
f 3419//68 3420//68 3422//68 3423//68 3428//68 3425//68 3427//68 3426//68 3424//68 3421//68 3418//68
f 3438//31 3448//31 3439//31
f 2934//426 452//426 2937//426 2935//426
f 911//428 3448//428 3438//428
f 733//429 1485//429 1496//429 735//429
f 3535//432 3532//432 3533//432
f 3390//433 3365//433 3366//433 3393//433
f 2640//58 3718//58 3719//58 3362//58 3375//58 3361//58
f 599//434 1066//434 1064//434 1019//434 580//434
f 2533//435 2711//435 3572//435
f 2174//437 2943//437 2921//437 2922//437 2923//437 2694//437 2122//437 1740//437 2254//437 2252//437
f 2713//438 2712//438 3578//438 3587//438 3628//438 2727//438 2729//438 3636//438 3579//438
f 1439//440 3664//440 4281//440 1476//440 1488//440
f 3572//442 2711//442 2945//442 4365//442 3575//442
f 725//79 153//79 172//79 798//79 776//79 780//79
f 74//443 75//443 68//443 67//443
f 2250//444 342//444 344//444 4359//444
f 2944//8 4014//8 3736//8 3771//8 3734//8 2776//8
f 3771//446 3736//446 3774//446
f 3774//447 3716//447 3771//447
f 4082//449 4065//449 4081//449 2023//449 1999//449
f 493//452 1255//452 1293//452
f 3807//31 3809//31 3810//31
f 3807//31 3810//31 3808//31
f 3812//453 3811//453 3816//453 3817//453 3814//453 3813//453
f 3818//454 3442//454 3446//454 3819//454
f 3819//31 3821//31 3820//31
f 3819//31 3820//31 3818//31
f 3820//456 3821//456 3445//456 3437//456
f 4126//457 4137//457 3604//457 3594//457 4125//457
f 3867//31 3868//31 3864//31
f 330//458 337//458 511//458 569//458 1035//458 1051//458 661//458 1055//458 1044//458 1033//458 1027//458 623//458 1087//458 1144//458 1195//458 1467//458 1425//458 1138//458 1190//458 1284//458 1737//458 1785//458 1783//458 1763//458 1180//458 1156//458 1267//458 1722//458 1658//458 1659//458 1158//458 1108//458 1201//458 1502//458 1516//458 1681//458 1660//458 1524//458 1657//458 1639//458 1637//458 1085//458 663//458 1092//458 1081//458 1239//458 1243//458 1269//458 1242//458 1497//458 4362//458 4363//458 422//458 1473//458 1474//458 1471//458 462//458 1204//458 465//458 1475//458 4364//458 4360//458 388//458 385//458 396//458 4361//458 418//458 386//458 387//458 2259//458 2260//458 1985//458 1992//458 1991//458 2207//458 1990//458 1989//458 1988//458 4342//458 4340//458 4307//458 4306//458 4309//458 4305//458 4304//458 4338//458 4327//458 4323//458 4321//458 4313//458 4312//458 4308//458 2161//458 4345//458 4359//458 344//458 343//458 4355//458 273//458 271//458 282//458 284//458 533//458 285//458 281//458 283//458 272//458 275//458 2238//458 342//458 2250//458 4335//458 4282//458 4275//458 2130//458 2134//458 4347//458 4283//458 4287//458 4271//458 4273//458 2131//458 2175//458 1987//458 2015//458 4203//458 4300//458 4291//458 4288//458 4245//458 4236//458 4233//458 4230//458 2109//458 4349//458 4248//458 4253//458 4249//458 2069//458 2107//458 2148//458 2149//458 4180//458 4195//458 4142//458 4139//458 4138//458 4131//458 2035//458 4159//458 4158//458 4147//458 2030//458 2033//458 2014//458 2000//458 2021//458 2022//458 4111//458 4063//458 4059//458 4060//458 4064//458 4042//458 4039//458 4040//458 4041//458 1999//458 2023//458 4079//458 4081//458 4065//458 4082//458 1983//458 2034//458 4206//458 4150//458 4164//458 4122//458 2031//458 1982//458 4225//458 4228//458 4224//458 4211//458 4220//458 2085//458 2110//458 2111//458 4260//458 4256//458 4252//458 4254//458 4227//458 4223//458 2072//458 1984//458 1913//458 1911//458 174//458 188//458 239//458 4353//458 240//458 241//458 238//458 204//458 2208//458 2218//458 304//458 4356//458 306//458 286//458 4352//458 195//458 193//458 191//458 203//458 537//458 565//458 1863//458 879//458 883//458 880//458 1365//458 1164//458 1366//458 1357//458 1359//458 1358//458 1525//458 1498//458 1526//458 1521//458 1523//458 1520//458 1104//458 1198//458 1551//458 1501//458 1795//458 1193//458 1424//458 1420//458 1418//458 1427//458 1494//458 1426//458 1434//458 1399//458 1372//458 1368//458 1401//458 1185//458 1402//458 1369//458 1371//458 1397//458 1461//458 1433//458 1462//458 1196//458 1121//458 625//458 1031//458 1021//458 1039//458 1147//458 1038//458 1037//458 610//458 925//458 923//458 921//458 928//458 930//458 1149//458 931//458 927//458 929//458 932//458 899//458 894//458 891//458 905//458 568//458 916//458 888//458 895//458 898//458 1003//458 616//458 512//458 338//458 341//458 339//458 2194//458 2240//458 393//458 489//458 392//458 4358//458 335//458 332//458
f 3899//459 3860//459 3854//459 3835//459 3831//459 3483//459 3542//459
f 697//460 1435//460 1597//460
f 888//17 891//17 894//17 895//17
f 173//461 3303//461 3256//461 3305//461
f 1269//462 1681//462 1516//462 1242//462
f 770//101 1638//101 1891//101
f 4268//464 3693//464 4316//464
f 417//465 414//465 420//465
f 3959//167 3938//167 2900//167 2858//167 3913//167 3923//167
f 3941//466 3958//466 2911//466 2930//466 3987//466
f 1197//58 1200//58 3965//58 3932//58 3539//58 3540//58 3943//58 3948//58 3949//58 3541//58
f 9//468 4255//468 8//468
f 466//469 349//469 322//469 2695//469 2792//469 2795//469
f 3971//470 3986//470 3975//470 4000//470 3972//470 3546//470
f 4289//471 4314//471 4310//471 3692//471 3677//471
f 661//472 1051//472 1055//472
f 1354//159 1285//159 1298//159 1296//159 1294//159 1005//159 1416//159
f 2566//473 3523//473 3570//473
f 4361//474 396//474 418//474
f 3975//475 3998//475 3999//475 4002//475 4003//475 4000//475
f 4002//93 3547//93 3537//93 3930//93 4003//93
f 4374//477 4375//477 4377//477
f 2940//460 3043//460 2696//460
f 1657//483 1524//483 1522//483
f 3965//159 1200//159 1191//159 1183//159 1182//159 973//159 992//159
f 2911//484 3958//484 3973//484 2563//484
f 4138//485 4139//485 4141//485 2033//485 2030//485 4147//485 4136//485
f 4051//31 4070//31 4071//31
f 3874//244 4017//244 14//244 15//244 4403//244 2974//244 2973//244
f 1637//72 1639//72 1643//72
f 4077//31 4076//31 4066//31
f 1197//486 1191//486 1200//486
f 3937//487 3939//487 3913//487 2858//487 2867//487 3924//487
f 2035//488 4131//488 4136//488 4147//488 4158//488
f 4091//31 4094//31 4095//31
f 4091//31 4095//31 4093//31
f 549//370 684//370 688//370 694//370
f 4100//490 4097//490 4096//490 4098//490
f 4102//31 4104//31 4103//31
f 4102//31 4103//31 4101//31
f 726//491 724//491 727//491 383//491 382//491 384//491 994//491 914//491 664//491
f 4308//492 4312//492 4313//492
f 3485//493 3464//493 2647//493 2685//493 3561//493
f 1227//495 1355//495 1356//495 1228//495
f 4335//496 2250//496 4359//496 4345//496 4318//496 4321//496 4323//496
f 4140//109 3605//109 3576//109 4052//109 4144//109 4135//109 3596//109 3604//109 4137//109
f 2031//500 4120//500 4119//500 1982//500
f 4239//502 4236//502 4245//502
f 3607//504 3606//504 4145//504 4161//504 4153//504
f 610//505 1037//505 1036//505 1035//505 569//505 607//505
f 3714//464 4348//464 4276//464
f 4174//31 4175//31 4173//31
f 1300//506 1432//506 1301//506
f 4178//507 4170//507 4179//507
f 2928//107 2929//107 424//107 4219//107 572//107 574//107 573//107 570//107 423//107 2927//107 3788//107
f 284//351 285//351 533//351
f 4275//344 4273//344 4271//344 2130//344
f 4331//159 4259//159 4303//159 4297//159 4290//159 3678//159 92//159
f 4229//512 4249//512 4253//512 4248//512 2109//512 4230//512
f 2018//513 4040//513 4039//513 2013//513
f 1471//347 1474//347 1473//347
f 1626//515 1650//515 1635//515 1655//515 1653//515 773//515 747//515
f 54//516 91//516 184//516 3285//516 53//516
f 1102//33 1117//33 1287//33 1100//33
f 4234//517 4270//517 4329//517 4328//517 4326//517 4325//517 3638//517
f 2749//395 2706//395 2591//395 2707//395
f 4038//351 3546//351 3972//351
f 1894//520 1893//520 1900//520
f 4287//521 4283//521 2134//521 2130//521 4271//521
f 1363//522 1374//522 1326//522 660//522
f 2107//349 4239//349 4245//349 4288//349 4291//349 2148//349
f 4298//172 4302//172 4311//172 4301//172 3679//172 3678//172 4290//172
f 2093//525 2529//525 2530//525 2094//525
f 1232//526 1221//526 1220//526 1233//526
f 4306//31 4305//31 4309//31
f 4313//504 4321//504 4318//504 2161//504 4308//504
f 2801//237 2837//237 2803//237
f 4326//527 4324//527 3706//527 3694//527 4317//527 4325//527
f 1363//528 1299//528 650//528 1374//528
f 1401//529 1368//529 1369//529 1402//529
f 4331//2 4328//2 4329//2 3707//2 4258//2 4259//2
f 4282//530 4335//530 4323//530 4327//530 2175//530 2131//530
f 4341//533 3712//533 3711//533 4332//533 4337//533 4344//533
f 4064//534 4060//534 4059//534 2021//534 2000//534
f 4160//536 3608//536 4056//536 4067//536 4166//536 4162//536
f 1183//492 1184//492 1182//492
f 753//537 651//537 797//537
f 2802//429 2776//429 3734//429 3798//429
f 4363//51 2260//51 2259//51 4360//51 4364//51 1475//51 1204//51 462//51 421//51 422//51
f 4366//539 4367//539 1886//539 1878//539
f 4375//172 4369//172 4386//172 4368//172 2946//172 2956//172 4377//172
f 2108//212 2191//212 2503//212 2488//212
f 4371//265 4373//265 3636//265 2729//265
f 3656//331 3716//331 3774//331 3769//331 2797//331 2731//331 3653//331
f 4379//31 4380//31 4376//31
f 4381//31 4380//31 4379//31
f 4385//541 4382//541 4386//541
f 4386//542 4369//542 4385//542
f 4397//32 2971//32 760//32 761//32 4398//32 4399//32
f 803//544 1761//544 1765//544 1732//544
f 2014//547 2033//547 4141//547 4142//547 4195//547
f 1502//220 1201//220 1499//220
f 3420//551 578//551 582//551 572//551 4219//551 4226//551 4221//551 4222//551 448//551 3422//551
f 2072//344 4223//344 4220//344 4211//344
f 3655//31 3651//31 3683//31
f 2387//554 2390//554 2383//554 2215//554
f 188//555 174//555 177//555 189//555
f 339//556 331//556 332//556 335//556 4357//556 2240//556 2194//556
f 2770//562 2632//562 2633//562 2773//562 2772//562
f 581//68 576//68 575//68 579//68
f 175//149 173//149 3305//149 176//149
f 2084//567 2124//567 2277//567
f 714//571 715//571 718//571
f 2112//100 2209//100 2210//100 2206//100
f 930//6 928//6 927//6 931//6
f 4080//464 3609//464 4163//464
f 4111//103 2022//103 4063//103
f 298//577 258//577 253//577 291//577
f 303//578 413//578 394//578 305//578
f 271//577 273//577 275//577 272//577
f 3636//580 4373//580 4372//580 4374//580 4377//580 2956//580 2950//580 4376//580 4380//580 4378//580 3579//580
f 338//106 512//106 511//106 337//106
f 3854//583 3860//583 3859//583
f 1500//584 1552//584 1199//584 1179//584 1274//584 1275//584 1798//584 1764//584 1762//584 1763//584 1783//584 1795//584 1501//584
f 4384//585 2959//585 2958//585 4383//585
f 2857//135 3876//135 3927//135
f 454//588 423//588 570//588 29//588
f 158//68 145//68 157//68
f 916//257 905//257 891//257 888//257
f 2274//522 2261//522 2258//522 2263//522
f 250//599 254//599 252//599 251//599 3444//599
f 1242//602 1516//602 1502//602 1499//602 1497//602
f 2161//604 4318//604 4345//604
f 2914//614 2915//614 2918//614 2917//614 2893//614 3197//614 2894//614 2892//614 3198//614 3184//614 3188//614 3185//614 3183//614 3182//614 3178//614 3180//614 3027//614 3020//614 3024//614 3028//614 3033//614 3050//614 3173//614
f 1423//618 1421//618 548//618 2801//618 2803//618 1403//618
f 839//620 1569//620 840//620
f 1032//627 591//627 1064//627 1066//627
f 3428//636 451//636 452//636 2934//636 2935//636 2937//636 2929//636 2928//636 2936//636 2931//636 2932//636 3425//636
f 2023//47 4081//47 4079//47
f 2035//104 4158//104 4159//104
f 4398//637 761//637 744//637 745//637 763//637 746//637 743//637
f 2713//215 3579//215 4378//215
f 1//644 3421//644 3424//644 21//644
f 2923//648 2939//648 2020//648 3012//648 2983//648 2694//648
f 890//650 817//650 889//650
f 2903//651 2902//651 2901//651
f 666//652 861//652 862//652 700//652 701//652
f 847//653 2991//653 3018//653 1874//653
f 2177//156 2176//156 2191//156 2108//156
f 21//659 3424//659 3426//659 3717//659 3735//659 3739//659 119//659
f 1149//351 930//351 931//351
f 2655//666 2859//666 2872//666
f 465//667 1204//667 1475//667
f 440//669 439//669 415//669 524//669 527//669
f 1179//534 1180//534 1763//534 1762//534 1274//534
f 2022//407 2021//407 4059//407 4063//407
f 598//47 782//47 742//47
f 829//674 1816//674 1859//674
f 1762//407 1764//407 1275//407 1274//407
f 2017//676 2045//676 2060//676 2029//676
f 2148//678 4291//678 4300//678 2149//678
f 347//390 467//390 471//390
f 3568//681 2291//681 2300//681 2301//681 470//681 3531//681 3535//681 3533//681 3534//681
f 4093//692 2019//692 2012//692 4091//692
f 3054//696 3053//696 2229//696
f 3180//702 3178//702 3182//702 3183//702 3179//702 3181//702 3026//702 3025//702 3028//702 3024//702 3027//702
f 3789//107 2932//107 2931//107 2936//107
f 3235//706 3234//706 137//706
f 2900//710 3938//710 4004//710 2933//710
f 385//440 386//440 418//440 396//440
f 1012//713 3588//713 4109//713 4112//713 1352//713
f 3611//58 3581//58 4075//58 4194//58
f 2971//390 4397//390 4405//390
f 4403//206 15//206 4404//206
f 4104//718 2018//718 2013//718 4105//718 1997//718 4103//718
f 3791//107 3790//107 3792//107
f 3629//721 3651//721 3655//721 2300//721 2291//721
f 4160//723 4163//723 3609//723 3608//723
f 3576//259 4123//259 4110//259 4052//259
f 2727//724 3628//724 3663//724
f 4336//72 4337//72 4332//72
f 3679//731 4301//731 81//731 80//731
f 1517//735 1514//735 1515//735
f 2632//390 2770//390 2806//390
f 896//742 897//742 902//742 901//742
f 2085//370 4220//370 4223//370 4227//370
f 932//749 929//749 924//749 923//749 925//749 607//749 569//749 511//749 512//749 616//749 1007//749
f 1118//46 1117//46 1102//46 1103//46 1141//46 1142//46 1114//46 1338//46 1339//46 1336//46 1337//46 1203//46 1098//46 1107//46 1106//46 1097//46 1287//46 1334//46 1333//46 1112//46 1119//46
f 2983//390 3012//390 2954//390
f 373//31 303//31 305//31
f 2802//753 3798//753 3787//753 3485//753 3561//753 3861//753 2823//753
f 487//756 320//756 319//756
f 2777//757 2799//757 2798//757 2775//757 2746//757 543//757 544//757 860//757 649//757 737//757 652//757 620//757 769//757 784//757 795//757 721//757 719//757 796//757 783//757 672//757 646//757 1250//757 1225//757 1605//757 668//757 604//757 1607//757 1608//757 621//757 648//757 2870//757 2774//757 2793//757 2548//757 2549//757 2396//757 2469//757 2513//757 2635//757 2767//757
f 1489//759 1531//759 1495//759
f 1464//212 1065//212 597//212 601//212 653//212 1300//212 1301//212
f 1228//762 1220//762 1221//762 1227//762
f 4193//146 4099//146 3583//146 4169//146 4168//146
f 4403//648 4404//648 4407//648 31//648 32//648 2974//648
f 1513//765 1510//765 1549//765 1548//765 1556//765
f 2839//766 2838//766 413//766 303//766 373//766 305//766 394//766 2783//766 308//766 2758//766 2039//766 2183//766 361//766 1578//766 919//766 877//766 878//766 934//766 1807//766 2554//766 2351//766 2350//766 2349//766 1132//766 1133//766 1078//766 1068//766 1060//766 1059//766 954//766 978//766 953//766 982//766 1057//766 981//766 1014//766 1016//766 946//766 950//766 1449//766 2810//766 2344//766 2345//766 2535//766 2542//766 2301//766 2300//766 3655//766 3683//766 3651//766 3629//766 844//766 845//766 831//766 4198//766 1159//766
f 1370//767 662//767 695//767 1389//767 1390//767
f 3913//36 3939//36 3923//36
f 1657//337 1522//337 1243//337 1239//337 1081//337 1643//337 1639//337
f 1552//773 1500//773 1501//773 1551//773
f 1283//774 1298//774 1285//774
f 3261//407 206//407 205//407 3355//407
f 3200//405 2576//405 2573//405 3201//405
f 3355//351 3356//351 3261//351
f 3445//781 3796//781 3795//781 3437//781
f 2771//101 3695//101 4393//101
f 862//724 861//724 767//724
f 1417//352 1392//352 1383//352
f 332//783 331//783 330//783
f 2869//784 2897//784 2871//784
f 2978//786 2977//786 2995//786
f 3735//788 3717//788 3793//788 3794//788 3792//788 3790//788 3791//788 3427//788 3425//788 2932//788 3789//788 2936//788 2928//788 3788//788 3121//788 3869//788 2982//788 3738//788 3739//788
f 1855//792 1841//792 1856//792 2516//792 2514//792 2391//792 2394//792 2525//792 2524//792 2523//792 1840//792 1969//792 1971//792 1970//792 2390//792 2387//792 1962//792 1965//792
f 2582//794 2679//794 3493//794 3508//794
f 4394//796 2970//796 2972//796 4401//796 4402//796
f 2610//212 2615//212 2670//212 3481//212 3482//212 3269//212 3244//212
f 3937//800 3973//800 3958//800 3941//800 3987//800 74//800 67//800 115//800 72//800 154//800 71//800 116//800 118//800 108//800 1460//800 1568//800 1459//800 106//800 1362//800 107//800 117//800 73//800 68//800 75//800 2930//800 2911//800 2563//800 2562//800 2561//800 1106//800 2534//800 3988//800 3974//800 1438//800 1415//800 1360//800 1396//800 1343//800 1289//800 1291//800 1286//800 1109//800 1143//800 1290//800 1458//800 1391//800 1150//800 1153//800 1329//800 1598//800 1585//800 1595//800 840//800 1569//800 839//800 1330//800 1328//800 1634//800 1570//800 1586//800 1154//800 1160//800 1331//800 1332//800 1757//800 1743//800 1742//800 1747//800 1276//800 1310//800 1308//800 1304//800 1302//800 837//800 826//800 841//800 825//800 810//800 794//800 818//800 151//800 2975//800 153//800 725//800 748//800 745//800 744//800 760//800 2971//800 4405//800 4397//800 4399//800 4398//800 743//800 746//800 779//800 723//800 1244//800 722//800 778//800 1233//800 1220//800 1228//800 1356//800 1350//800 1355//800 1227//800 1221//800 1232//800 777//800 798//800 172//800 4406//800 152//800 819//800 788//800 806//800 1353//800 807//800 836//800 824//800 1277//800 1309//800 1261//800 1506//800 1262//800 1748//800 1741//800 1161//800 1105//800 1553//800 1806//800 1554//800 1515//800 1514//800 1517//800 1518//800 1237//800 1519//800 1257//800 1256//800 1258//800 1259//800 713//800 1260//800 714//800 718//800 715//800 1858//800 1888//800 1857//800 1854//800 1902//800 1890//800 3575//800 4365//800 4366//800 1878//800 171//800 4370//800 170//800 1886//800 4367//800 2945//800 2711//800 2533//800 3592//800 3591//800 3619//800 3593//800 3595//800 2712//800 2713//800 4378//800 4380//800 4381//800 4379//800 4376//800 2950//800 2956//800 2946//800 705//800 4368//800 4386//800 4382//800 703//800 678//800 700//800 862//800 767//800 768//800 4394//800 4402//800 4400//800 4391//800 4396//800 2944//800 2776//800 2802//800 2823//800 2800//800 2804//800 2857//800 3927//800 3876//800 3781//800 3862//800 2685//800 2647//800 3822//800 3464//800 3485//800 3787//800 3798//800 3734//800 3771//800 3716//800 3656//800 3729//800 3727//800 3718//800 2640//800 3417//800 3361//800 3375//800 3362//800 2730//800 2731//800 2797//800 2771//800 4393//800 3695//800 3769//800 3774//800 3736//800 4014//800 4395//800 2969//800 2972//800 2970//800 775//800 666//800 701//800 680//800 671//800 2958//800 2959//800 4392//800 4384//800 4383//800 4385//800 4369//800 4375//800 4374//800 4372//800 4371//800 2729//800 2727//800 3663//800 3628//800 3587//800 3578//800 3602//800 2714//800 2527//800 2526//800 2637//800 3661//800 3350//800 3381//800 3359//800 2572//800 2621//800 3292//800 3271//800 3266//800 3343//800 3289//800 3288//800 3290//800 3291//800 3202//800 3199//800 2581//800 2670//800 2615//800 2610//800 3447//800 3244//800 3269//800 3482//800 3472//800 3474//800 3394//800 2679//800 2582//800 2560//800 2566//800 3570//800 3523//800 3924//800 2867//800 2858//800 2900//800 2933//800 4407//800 4404//800 15//800 14//800 4016//800 2805//800 4026//800 3836//800 3874//800 2973//800 2974//800 32//800 70//800 4004//800 3938//800 3959//800 3923//800 3939//800
f 318//803 317//803 397//803
f 2527//804 2714//804 3593//804 3619//804
f 2915//806 2914//806 3175//806 3034//806 3036//806 3033//806 3028//806 3025//806 3023//806 3026//806 3181//806 3179//806 3183//806 3185//806 3195//806 3184//806 3198//806 2892//806 2894//806 2895//806 2893//806 2917//806 2916//806
f 662//101 1370//101 1677//101
f 680//812 678//812 703//812 671//812
f 170//135 4370//135 171//135
f 3712//731 4341//731 52//731 51//731
f 1034//817 1030//817 1428//817 1430//817 1994//817 2871//817 2897//817 2903//817 2901//817 2633//817 2632//817 2806//817 2770//817 2772//817 1947//817 1946//817 2665//817 2663//817 2668//817 2693//817 2020//817 2939//817 2922//817 2921//817 2941//817 2653//817 2106//817 2252//817 2254//817 2257//817 2076//817 2228//817 2209//817 2112//817 2084//817 2277//817 2124//817 1744//817 2206//817 2210//817 2113//817 2984//817 2243//817 2242//817 2253//817 1740//817 2122//817 2694//817 2983//817 2954//817 2955//817 2896//817 1431//817 1429//817 1299//817 1363//817 660//817 695//817 662//817 1677//817 1652//817 1874//817 3018//817 1633//817 766//817 2696//817 3043//817 3042//817 2981//817 2978//817 2995//817 2977//817 3054//817 2229//817 3053//817 2184//817 1708//817 1235//817 1236//817 2082//817 2377//817 2376//817 2374//817 2286//817 2378//817 1745//817 1800//817 2416//817 2275//817 2173//817 2276//817 2415//817 2414//817 2503//817 2191//817 2176//817 2086//817 2104//817 2655//817 2872//817 2859//817 2172//817 2177//817 2108//817 2488//817 2487//817 2334//817 2298//817 2363//817 2318//817 1879//817 1880//817 2520//817 1905//817 1906//817 1801//817 2766//817 2263//817 2258//817 2631//817 2891//817 2768//817 1948//817 2261//817 2274//817 2630//817 2466//817 2361//817 2484//817 2362//817 1873//817 1903//817 1907//817 1972//817 2564//817 1664//817 1662//817 1665//817 2068//817 2055//817 2045//817 2017//817 2028//817 502//817 501//817 2027//817 2754//817 2053//817 1349//817 1395//817 900//817 2752//817 1944//817 2751//817 2753//817 2750//817 1915//817 1912//817 2706//817 2749//817 2595//817 2589//817 2032//817 2701//817 1661//817 2748//817 2707//817 2591//817 2606//817 2592//817 2809//817 2725//817 1914//817 935//817 936//817 933//817 546//817 504//817 975//817 959//817 1422//817 1403//817 2803//817 2837//817 2801//817 548//817 545//817 1040//817 926//817 1421//817 1423//817 1404//817 1019//817 1064//817 591//817 603//817 622//817 1169//817 1171//817 1483//817 1170//817 1175//817 1067//817 1032//817 1066//817 599//817 580//817 547//817 506//817 497//817 583//817 1025//817 995//817 1254//817 1241//817 1487//817 1165//817 1192//817 1163//817 624//817 1297//817 1188//817 1491//817 1292//817 1482//817 720//817 728//817 1584//817 1479//817 2709//817 1463//817 1484//817 647//817 634//817 636//817 494//817 493//817 1293//817 1496//817 1485//817 2708//817 1582//817 1814//817 1815//817 1781//817 828//817 1876//817 1811//817 2738//817 2726//817 740//817 752//817 733//817 735//817 2705//817 3161//817 3158//817 1495//817 1531//817 1489//817 3144//817 3134//817 3102//817 3133//817 739//817 1543//817 1505//817 2684//817 491//817 829//817 1859//817 1816//817 2737//817 2691//817 322//817 349//817 347//817 471//817 467//817 466//817 2795//817 2765//817 830//817 851//817 808//817 1925//817 1739//817 2717//817 1894//817 1900//817 420//817 414//817 346//817 488//817 412//817 2796//817 2792//817 2695//817 321//817 320//817 487//817 319//817 316//817 367//817 315//817 318//817 397//817 317//817 310//817 850//817 311//817 2980//817 2994//817 2079//817 1612//817 1606//817 765//817 2991//817 847//817 772//817 1536//817 1654//817 1655//817 1635//817 1641//817 802//817 770//817 1891//817 1638//817 1640//817 1887//817 391//817 323//817 351//817 419//817 472//817 395//817 1889//817 848//817 801//817 805//817 1572//817 1571//817 1761//817 803//817 809//817 811//817 1802//817 1766//817 2716//817 1732//817 1765//817 751//817 716//817 697//817 1597//817 1734//817 1680//817 1651//817 1626//817 747//817 773//817 665//817 696//817 1464//817 1301//817 1432//817 1453//817 1398//817 717//817 1466//817 1465//817 1315//817 1610//817 1316//817 1317//817 645//817 653//817 601//817 597//817 1311//817 1413//817 1375//817 1537//817 1538//817 1326//817 1374//817 650//817 588//817 589//817
f 3607//819 4153//819 4234//819 3638//819
f 755//161 756//161 762//161 595//161
f 2298//135 2318//135 2363//135
f 2106//215 2174//215 2252//215
f 3932//667 4046//667 3539//667
f 4075//833 3581//833 4151//833 4152//833
f 3374//433 3373//433 3391//433 3392//433
f 1495//835 3158//835 3144//835 1489//835
f 588//838 1428//838 1030//838 589//838
f 1420//485 1424//485 1189//485 1190//485 1138//485 1425//485 1419//485
f 2610//849 3244//849 3447//849
f 4343//723 4348//723 3714//723 3713//723
f 717//854 1398//854 1406//854 1455//854
f 3316//783 3315//783 3307//783
f 616//377 1003//377 1007//377
f 1144//859 1090//859 1121//859 1196//859 1195//859
f 3808//861 3446//861 3442//861 3807//861
f 90//862 3237//862 3238//862
f 4371//864 4372//864 4373//864
f 3431//866 4022//866 4028//866
f 1081//360 1092//360 1085//360 1637//360 1643//360
f 381//868 410//868 411//868
f 625//35 623//35 1027//35 1031//35
f 1506//874 1261//874 1262//874
f 2929//876 2937//876 452//876 450//876 451//876 3428//876 3423//876 3510//876 3511//876 446//876 445//876 437//876 444//876 443//876 424//876
f 1902//878 2392//878 2393//878 1890//878
f 2838//880 4143//880 1043//880 2783//880 394//880 413//880
f 3792//882 3793//882 3717//882 3426//882 3427//882 3791//882
f 4097//883 4095//883 4094//883 4096//883
f 1362//50 106//50 107//50
f 854//886 535//886 503//886 856//886 1351//886 2029//886 2060//886 1993//886 1387//886 1386//886 1679//886 1388//886 1385//886
f 924//888 929//888 927//888 928//888 921//888
f 4391//889 4400//889 4402//889 4401//889 2972//889 2969//889
f 2749//894 2707//894 2748//894 2595//894
f 1635//895 1650//895 1641//895
f 3272//899 211//899 96//899 185//899 3316//899 3307//899 3258//899
f 3596//900 4135//900 4238//900 3640//900
f 255//902 253//902 258//902 313//902 302//902
f 2086//544 2176//544 2177//544 2172//544
f 1520//384 1523//384 1521//384
f 4139//583 4142//583 4141//583
f 2091//913 2090//913 2118//913 2121//913 2120//913 2119//913 2154//913 2150//913 2151//913 2152//913 2133//913 2073//913 2096//913 2095//913 2092//913
f 1573//916 50//916 1555//916
f 452//107 451//107 450//107
f 711//68 710//68 709//68
f 4339//923 4274//923 4272//923
f 695//835 660//835 1326//835 1538//835 1390//835 1389//835
f 124//928 119//928 3739//928 3738//928 327//928 1697//928 2294//928
f 2637//105 3350//105 3661//105
f 3985//929 3986//929 3971//929
f 346//934 412//934 488//934
f 2361//838 2466//838 1873//838 2362//838
f 2385//941 2395//941 2394//941 2391//941 2288//941
f 4275//370 4282//370 2131//370 4273//370
f 4231//948 3611//948 4194//948
f 744//953 761//953 760//953
f 4248//604 4349//604 2109//604
f 3029//956 3031//956 3051//956 3050//956 3033//956 3036//956 3035//956
f 4226//68 4222//68 4221//68
f 4281//958 3664//958 4284//958 4286//958
f 3833//960 3831//960 3835//960
f 1872//961 177//961 174//961 1911//961
f 912//377 1053//377 1028//377
f 1032//966 1067//966 603//966 591//966
f 4256//967 4260//967 2111//967
f 2172//969 2859//969 2655//969 2104//969 2086//969
f 3030//970 3029//970 3035//970 3059//970
f 993//975 881//975 882//975 994//975 384//975 383//975 727//975 726//975 664//975 914//975 1041//975 1042//975 659//975 447//975 644//975 639//975 640//975 3848//975 3829//975 290//975 289//975 977//975 976//975 3824//975 3846//975 3934//975 3935//975 3936//975 3847//975 3828//975 3825//975 3893//975 3897//975 3898//975 3933//975 3896//975 3894//975 3882//975 3878//975 3877//975 1240//975 1115//975 2433//975 2435//975 2434//975 3170//975 2432//975 1178//975 1245//975 4108//975 4113//975 3940//975 4062//975 4070//975 4051//975 4071//975 4072//975 4011//975 1029//975
f 1492//229 372//229 362//229
f 2381//985 2365//985 2364//985 2380//985
f 3707//472 4329//472 4270//472
f 2922//206 2939//206 2923//206
f 1257//993 1258//993 1256//993
f 2914//994 3173//994 3174//994 3175//994
f 1424//998 1193//998 1189//998
f 3020//1000 3027//1000 3024//1000
f 148//1001 157//1001 145//1001 158//1001 159//1001 1194//1001 711//1001 709//1001 710//1001 1384//1001
f 1194//1009 573//1009 574//1009 581//1009 579//1009 575//1009 3419//1009 3418//1009 3705//1009 3704//1009 3697//1009 1384//1009 710//1009 711//1009
f 495//1011 995//1011 1025//1011 583//1011
f 2174//1012 2106//1012 2653//1012 2941//1012 2943//1012
f 1069//351 3448//351 3801//351
f 1858//696 1857//696 1888//696
f 663//1019 1085//1019 1092//1019
f 1983//6 4164//6 4150//6 2034//6
f 193//1022 190//1022 191//1022
f 3326//916 3357//916 3260//916
f 2592//101 2725//101 2809//101
f 1443//3 2828//3 1095//3 1093//3
f 1332//390 1743//390 1757//390
f 3360//1028 3246//1028 3247//1028
f 1361//1030 1013//1030 3589//1030 4121//1030
f 1358//706 1359//706 1357//706
f 3695//1032 2771//1032 2797//1032 3769//1032
f 4102//1033 4101//1033 2012//1033 2019//1033
f 71//1032 72//1032 115//1032 116//1032
f 3419//1037 575//1037 576//1037 581//1037 574//1037 572//1037 582//1037 577//1037 578//1037 3420//1037
f 1350//1040 1356//1040 1355//1040
f 385//1043 388//1043 387//1043 386//1043
f 2238//1044 275//1044 273//1044 4355//1044
f 1288//1019 1012//1019 1352//1019
f 3568//1050 2366//1050 845//1050 844//1050 3629//1050 2291//1050
f 4258//483 4303//483 4259//483
f 506//1051 547//1051 959//1051 975//1051
f 3593//1054 2714//1054 3602//1054 3595//1054
f 3793//107 3792//107 3794//107
f 2364//1064 2365//1064 400//1064 2899//1064 878//1064 877//1064 2898//1064 399//1064
f 1482//443 1484//443 1463//443 720//443
f 2362//1083 2484//1083 2361//1083
f 2630//528 2274//528 2263//528 2766//528
f 3218//1090 2989//1090 2993//1090 2992//1090 1809//1090 1842//1090
f 787//916 815//916 600//916
f 2975//1094 4406//1094 172//1094 153//1094
f 3588//1043 4110//1043 4123//1043 4109//1043
f 1334//31 1287//31 1117//31 1118//31
f 4180//1099 2149//1099 4300//1099 4203//1099 4165//1099 4167//1099 4173//1099 4175//1099
f 2034//916 4150//916 4206//916
f 32//390 31//390 70//390
f 14//1103 4017//1103 4016//1103
f 4138//1108 4136//1108 4131//1108
f 2589//1109 2701//1109 2032//1109
f 4269//471 4346//471 4343//471 3713//471 3652//471
f 4127//159 4125//159 3594//159 3654//159 4166//159 4067//159 4130//159
f 1229//464 562//464 712//464
f 195//1117 4352//1117 4351//1117
f 2712//1119 3595//1119 3602//1119 3578//1119
f 535//1120 897//1120 896//1120 503//1120
f 1090//63 1144//63 1087//63
f 1633//1121 1606//1121 1612//1121 766//1121
f 819//1124 818//1124 794//1124 788//1124
f 185//1125 96//1125 94//1125
f 377//1129 390//1129 398//1129 389//1129
f 3318//1131 3321//1131 3320//1131
f 1039//131 1038//131 1147//131
f 4283//1137 4347//1137 2134//1137
f 3862//1139 3781//1139 2800//1139 2823//1139 3861//1139
f 3105//1142 3106//1142 3107//1142 3119//1142 3121//1142 3788//1142 2927//1142 2938//1142
f 3318//1145 3319//1145 3321//1145
f 594//516 738//516 742//516 782//516 781//516
f 1302//1148 1304//1148 1305//1148
f 2726//515 1782//515 1815//515 1814//515 1580//515 752//515 740//515
f 3474//1150 3414//1150 3394//1150
f 197//1151 198//1151 133//1151
f 475//131 416//131 441//131
f 272//888 283//888 281//888 282//888 271//888
f 4297//158 4298//158 4290//158
f 2897//244 2869//244 2663//244 2665//244 1946//244 2902//244 2903//244
f 3606//1163 4152//1163 4151//1163 4145//1163
f 2970//1164 4394//1164 768//1164 775//1164
f 717//135 1455//135 1466//135
f 2805//178 3836//178 4026//178
f 2753//1040 2597//1040 2750//1040
f 905//104 916//104 568//104
f 826//390 825//390 841//390
f 607//483 925//483 610//483
f 1296//1168 1295//1168 1294//1168
f 38//1169 124//1169 2294//1169 2278//1169 2279//1169 2280//1169 2281//1169 2282//1169 2283//1169 2284//1169 2285//1169
f 974//1170 1202//1170 1282//1170
f 1863//1171 565//1171 1864//1171
f 335//1125 4358//1125 4357//1125
f 1553//756 1554//756 1806//756
f 1488//517 1476//517 1013//517 1361//517 1452//517
f 3861//1181 3561//1181 2685//1181 3862//1181
f 4168//1108 4169//1108 4171//1108
f 3418//1190 3421//1190 1//1190 37//1190 3705//1190
f 202//1137 537//1137 203//1137
f 4069//537 3605//537 4140//537
f 466//1194 467//1194 347//1194 349//1194
f 239//1195 240//1195 4353//1195
f 73//1196 118//1196 116//1196 115//1196 67//1196 68//1196
f 1267//1197 1658//1197 1722//1197
f 1439//104 1488//104 1452//104
f 1027//1198 1033//1198 1021//1198 1031//1198
f 91//47 183//47 184//47
f 3023//1000 3025//1000 3026//1000
f 1905//1202 1907//1202 1906//1202
f 1993//1205 2060//1205 2045//1205 2055//1205
f 772//1206 847//1206 1874//1206 1652//1206
f 779//713 746//713 763//713 748//713 725//713 780//713
f 597//849 1065//849 1311//849
f 3472//506 3482//506 3481//506
f 3391//1214 2530//1214 2529//1214 2532//1214 2528//1214 2531//1214 3390//1214 3393//1214 3347//1214 3392//1214
f 3903//1216 3441//1216 3863//1216
f 204//556 190//556 193//556 195//556 4351//556 2218//556 2208//556
usemtl color_2829873.002
f 853//557 855//557 812//557
f 907//31 908//31 864//31
f 869//68 870//68 867//68
f 874//558 868//558 873//558
f 980//566 93//566 853//566 812//566 855//566 906//566 907//566 864//566 908//566 913//566 915//566 869//566 867//566 870//566 873//566 868//566
f 93//107 980//107 868//107 871//107 3105//107 2938//107 454//107 29//107 155//107 913//107 907//107 906//107 855//107 853//107
f 124//68 38//68 37//68 1//68 21//68 119//68
usemtl color_10988977.002
f 357//3 1211//3 1322//3 1323//3 1327//3 1212//3 1230//3 4387//3 65//3 64//3
f 2920//3 2821//3 2815//3 2814//3 2819//3 359//3 1834//3 1835//3 1837//3 1576//3
f 2819//3 2960//3 2920//3 1576//3 1808//3 2024//3 1979//3 359//3
f 3709//3 357//3 3841//3 3843//3 3253//3 3193//3 3264//3 182//3 1129//3 1130//3 3675//3
f 2364//107 399//107 2898//107 877//107 919//107 1578//107 1593//107 1589//107 1587//107 1592//107 804//107 1236//107 1235//107 2400//107 2380//107
f 3675//3 1136//3 1140//3 1148//3 357//3 3709//3
f 2779//31 2816//31 361//31 1693//31 2249//31 2042//31 1278//31 3216//31 2654//31 2649//31 2648//31 3996//31 4006//31 3979//31 2082//31 1236//31 364//31 326//31 366//31 201//31 222//31 219//31 804//31 1592//31 1768//31 1593//31 1578//31 3491//31 3487//31 3488//31 4262//31 4264//31 4278//31 4279//31 4265//31 3452//31 3454//31 3721//31 3726//31 3667//31 3724//31 2780//31
f 166//3 4210//3 3094//3 3088//3 3090//3 3091//3 2536//3 2537//3 354//3 27//3
f 1128//550 182//550 1230//550 1231//550 1127//550
f 277//31 2508//31 276//31
f 1111//31 1116//31 1113//31
f 1131//31 3675//31 1130//31
f 1136//31 3675//31 1135//31
f 1140//31 1139//31 1148//31
f 1135//3 3675//3 1131//3 1134//3
f 1278//31 1279//31 3216//31
f 1210//68 1207//68 1209//68 1213//68 1614//68 1613//68 514//68 1576//68 359//68 355//68 354//68
f 1210//3 354//3 4115//3 4117//3 1718//3 1614//3 1213//3 1908//3
f 2051//586 2052//586 2554//586
f 2350//31 2351//31 2047//31 2048//31 2050//31 2051//31 2554//31 3166//31 3167//31 1671//31 1674//31 1670//31 3165//31 3049//31 2341//31
f 2249//31 2255//31 2042//31
f 1707//31 1706//31 1713//31
f 1618//31 2141//31 2202//31 2205//31 2201//31 875//31
f 201//31 366//31 364//31 1236//31 804//31 219//31 218//31
f 3091//3 3093//3 4210//3 3411//3 3412//3 354//3 2537//3 2539//3 2536//3
f 357//3 64//3 63//3 4387//3 1230//3 617//3 669//3 667//3 612//3
f 3093//591 3094//591 4210//591
f 1110//3 3123//3 3154//3 257//3 1186//3 276//3 2508//3 358//3 1177//3 1148//3 1139//3 1116//3 1111//3
f 3369//3 3370//3 3411//3 4210//3 1718//3 4117//3 4115//3 354//3 3412//3
f 3535//595 3531//595 3532//595
f 3488//31 3452//31 4265//31 4262//31
f 3872//3 3858//3 3841//3 357//3 612//3 617//3 1230//3 182//3 3264//3 3253//3 3843//3
f 2554//31 4044//31 4049//31 3049//31 3165//31 3169//31 3166//31
f 3720//31 3721//31 3454//31 3491//31 1578//31 361//31 2816//31 2820//31 2807//31 2780//31 3724//31
f 2351//31 2554//31 2052//31 2047//31
f 2764//31 147//31 132//31 2141//31 3049//31 4049//31 4044//31 2554//31 1807//31 3635//31 3632//31 2784//31 2790//31 2587//31
f 1808//891 1576//891 514//891 30//891 82//891 77//891
f 2844//107 1231//107 1230//107 1212//107 1208//107 1206//107 1211//107 357//107 356//107 358//107 1577//107
f 2508//3 277//3 278//3 257//3 3154//3 2522//3
f 1376//3 1378//3 1377//3 359//3 1979//3 1980//3 2024//3 1808//3 77//3 55//3
f 2312//3 2264//3 2306//3 358//3 2508//3 2545//3 2546//3 2522//3 3154//3 3070//3 3066//3
f 3216//31 1279//31 1281//31 2042//31 2255//31 1713//31 1706//31 1698//31 2083//31 2082//31 3979//31 3978//31 3977//31 3996//31 2648//31
f 1613//1067 1614//1067 1718//1067 4210//1067 166//1067 165//1067 167//1067 163//1067 2990//1067 2947//1067 2742//1067 2882//1067 2883//1067 2741//1067 2501//1067 2491//1067 2498//1067 2421//1067 2425//1067 2745//1067 2424//1067 2423//1067 2420//1067 2419//1067 2418//1067 2451//1067 2460//1067 2422//1067 2463//1067 2464//1067 2456//1067 2455//1067 2450//1067 2454//1067 2453//1067 2461//1067 2462//1067 2465//1067 2459//1067 2404//1067 2403//1067 2448//1067 2447//1067 2482//1067 24//1067 25//1067 26//1067
f 1376//3 55//3 359//3 1377//3
f 359//3 1576//3 1837//3 1834//3
f 1671//1201 3167//1201 3165//1201 1670//1201
f 1591//68 1588//68 1590//68 1594//68 1807//68 934//68 878//68 2899//68 400//68 2365//68 2381//68 2401//68 1616//68 1618//68 875//68
f 1594//31 2193//31 1591//31 875//31 2201//31 2202//31 2141//31 132//31 131//31 129//31 147//31 2764//31 2791//31 2784//31 3632//31 3635//31 1807//31
f 1577//3 358//3 2306//3 2312//3 3066//3 3067//3 3070//3 3154//3
usemtl color_16448250.002
f 436//1 445//1 446//1 426//1 434//1 433//1
f 2863//4 2865//4 2824//4 2822//4
f 4089//3 4088//3 4037//3
f 2998//7 2996//7 3060//7
f 2825//13 2302//13 1575//13 2826//13
f 4073//18 4055//18 4057//18 677//18 702//18 698//18 655//18 731//18 699//18 729//18 734//18 823//18 704//18 821//18 820//18 813//18 3892//18 3960//18
f 4235//19 4243//19 4240//19
f 1896//22 1892//22 1897//22 1976//22 1937//22 1973//22 1977//22 2225//22 1943//22 2226//22 2227//22 2224//22 2223//22 2221//22 1746//22 1778//22 3376//22 3299//22 3300//22 1883//22 1884//22 1932//22 1933//22 1926//22
f 2142//24 1541//24 2145//24
f 165//27 2990//27 167//27
f 3008//28 2942//28 3009//28
f 2485//41 2588//41 2486//41
f 2590//43 4106//43 3152//43 2373//43 2511//43 2578//43 2565//43 2579//43 2521//43 2370//43 2845//43 2477//43 2478//43 2490//43
f 2736//3 2662//3 2586//3 2789//3
f 1548//46 1549//46 1508//46 1511//46 3101//46 3098//46 3143//46 2702//46 2700//46 2680//46 2682//46 2681//46 3104//46 3100//46 1510//46 1513//46 1556//46
f 1346//53 1344//53 1335//53
f 2048//54 2065//54 1803//54 2081//54 2049//54 2050//54
f 2230//56 2236//56 2235//56
f 2200//60 2204//60 2205//60 2202//60
f 2126//61 2128//61 2125//61 2129//61 2127//61 2234//61 2233//61 2237//61 2235//61 2236//61
f 2877//66 2855//66 2856//66 2879//66 2853//66 2854//66 2876//66 2874//66 2878//66 2875//66
f 2359//3 2360//3 2357//3
f 3984//69 3905//69 3896//69 3933//69
f 429//75 2269//75 2271//75 432//75
f 3466//77 3465//77 3502//77
f 2439//78 2320//78 2623//78 2622//78 2295//78 2321//78 2629//78 2626//78 2602//78 2627//78 2611//78 2598//78 2613//78 2619//78 2620//78 2590//78 2490//78
f 2439//80 2490//80 2478//80 2452//80
f 3167//81 3166//81 3011//81 3280//81 3279//81 3243//81 3331//81 3309//81 3310//81 3333//81 3330//81 3329//81 3312//81 3164//81 3165//81
f 2715//82 2720//82 2719//82 2718//82 3231//82 3737//82 3552//82 3551//82 3560//82 3324//82 3323//82 3325//82 2879//82 2856//82 2840//82 2855//82 2877//82 2843//82 2875//82 2878//82 2722//82 2723//82 2724//82
f 289//31 637//31 633//31 3800//31 3826//31 977//31
f 3981//84 3982//84 3935//84 3934//84
f 407//85 69//85 406//85
f 121//86 114//86 112//86 125//86 111//86 113//86 120//86 122//86 102//86 123//86
f 3170//87 2434//87 2432//87
f 293//88 297//88 294//88 292//88 4177//88
f 3632//92 3635//92 3634//92 3631//92
f 1248//97 1347//97 1345//97 1348//97 1344//97 1346//97 1247//97 1246//97 1272//97 1249//97
f 1620//98 1457//98 1472//98 4106//98 2590//98 2620//98 2476//98 2477//98 2845//98 1678//98 1715//98 1716//98 1940//98 1941//98 1942//98 1910//98 1901//98 78//98 1123//98 1480//98 1539//98 1540//98 1627//98
f 483//99 480//99 482//99
f 2138//102 1794//102 1804//102 2043//102 1952//102 1581//102 1579//102 1567//102 1604//102 2010//102 2688//102 2732//102 2728//102 2787//102 2763//102 2785//102 2794//102 2863//102 2822//102 2824//102 2864//102 2862//102 2861//102 2866//102 2703//102 2666//102 2689//102 2674//102 2675//102 2664//102 2677//102 2676//102 2673//102 2672//102 2687//102 3210//102 3192//102 1490//102 4132//102 2739//102 2735//102 2734//102 2692//102 2690//102 4129//102 2342//102 1273//102 2347//102 2346//102 2343//102 1124//102 2307//102 2479//102 2147//102 2162//102 2153//102 2904//102 2064//102 2114//102 2135//102 2136//102 2139//102 2137//102
f 2548//107 2558//107 2557//107 2550//107 2549//107
f 834//110 784//110 769//110 835//110
f 3293//111 3283//111 3295//111
f 978//112 954//112 955//112 970//112 971//112 979//112
f 947//114 4176//114 7//114 1071//114 1070//114 951//114 965//114 966//114 964//114 1001//114 1002//114 1000//114
f 749//116 750//116 757//116 792//116 790//116 793//116 789//116 791//116 758//116 759//116
f 902//117 507//117 500//117 901//117
f 1935//119 1974//119 1975//119
f 822//121 821//121 704//121 823//121 658//121
f 2785//123 2787//123 2728//123 2732//123 2788//123 2786//123 2794//123
f 2843//124 2877//124 2875//124
f 371//127 884//127 838//127
f 214//128 181//128 213//128 180//128 179//128
f 1280//129 2041//129 2042//129 1281//129
f 5//132 18//132 16//132
f 4007//133 4031//133 4033//133 4036//133
f 2025//138 2040//138 2239//138 2056//138
f 2496//139 2495//139 2413//139
f 2197//140 2196//140 1793//140 2198//140 2186//140
f 1018//144 1054//144 1009//144 948//144 947//144 1000//144
f 692//147 691//147 685//147
f 274//148 3962//148 1730//148 476//148 1731//148 1770//148 1776//148 1772//148 1774//148 2181//148 1773//148 2179//148 2182//148 2198//148 1793//148 2196//148 2195//148 2199//148
f 3450//150 3504//150 3503//150
f 2471//107 2475//107 2456//107 2464//107
f 618//107 619//107 541//107 540//107 539//107 522//107 521//107 609//107
f 1997//153 1996//153 4103//153
f 3002//154 706//154 2846//154 3336//154 3338//154 3337//154 3015//154 3340//154 3281//154 3277//154 3019//154 3278//154 3039//154 3006//154 3040//154 3044//154 3003//154 2985//154
f 4165//157 2015//157 1987//157 4338//157 4304//157 4305//157 1986//157 1998//157 4174//157 4173//157 4167//157
f 1542//162 1540//162 1539//162
f 224//165 223//165 2963//165
f 2//166 11//166 13//166
f 104//168 121//168 123//168
f 1628//173 1960//173 1953//173 1954//173 1955//173 1956//173 1957//173 1959//173 1958//173 1796//173 1860//173 1861//173 1862//173 1881//173 1868//173 1812//173 1867//173 1702//173 1675//173 1700//173 1704//173 4216//173 1684//173 4218//173 4217//173 4215//173 4214//173 4212//173
f 2483//175 2449//175 2445//175 1472//175 1470//175 2486//175
f 1960//181 1723//181 1619//181 4212//181 4214//181 4213//181 1666//181 4217//181 4218//181 4216//181 1704//181 1701//181 1668//181 1703//181 1866//181 1799//181 1865//181 1881//181 1862//181 1860//181 1796//181 1956//181 1955//181 1953//181
f 2502//184 2757//184 2759//184 2760//184 3416//184 3465//184 3466//184 3502//184 3498//184 3499//184 3875//184 3884//184 3879//184 3852//184 3889//184 3881//184 3887//184 3891//184 4061//184 3885//184 3886//184 4086//184 4084//184 4083//184 4074//184 3306//184 3562//184 3409//184 3396//184 3395//184 1253//184 1265//184 3302//184 3301//184 2886//184 2887//184 2881//184 2743//184 2781//184 3052//184 2686//184 3055//184 3073//184 3076//184 3046//184 3075//184 3077//184 3145//184 3057//184 3058//184 3147//184 3146//184 3151//184 3149//184
f 3172//191 2890//191 2889//191 2744//191 3157//191 3159//191 3160//191 2962//191 1264//191 3171//191
f 61//193 101//193 99//193 126//193 98//193 100//193 60//193 103//193 42//193 59//193
f 459//194 469//194 461//194 164//194 457//194
f 940//196 938//196 917//196
f 1882//200 4133//200 4118//200 4124//200 4117//200 4115//200 4116//200 192//200 295//200 294//200 297//200 263//200 262//200 293//200 270//200 267//200 264//200 269//200 4201//200 237//200 4199//200 4204//200 4207//200 4205//200 4257//200 4250//200
f 1779//203 1941//203 1940//203
f 2502//31 3149//31 2538//31 2541//31 2540//31
f 3232//32 2567//32 2584//32 3207//32
f 4157//207 4149//207 4155//207
f 3342//208 3340//208 3015//208 3337//208 3339//208
f 790//209 792//209 786//209
f 122//210 120//210 105//210
f 431//211 2273//211 2272//211 430//211
f 1166//3 1172//3 1205//3 3153//3 1469//3 4186//3 4183//3 4184//3 2841//3 187//3
f 641//217 758//217 791//217 771//217 789//217 793//217 3548//217 846//217 3550//217 3549//217 3545//217 3544//217 3630//217 2220//217 2105//217 749//217 759//217
f 3649//221 3660//221 3657//221
f 3647//224 3627//224 3803//224 3804//224 3757//224 3756//224 3780//224 3779//224 3755//224 4058//224 3162//224 3137//224 3136//224 3120//224 3141//224 3139//224 3000//224 2997//224 2988//224 2999//224 2966//224 2987//224 2967//224 2951//224 3806//224 3805//224 2905//224 2909//224 2908//224 2906//224 2881//224 2887//224 2888//224 3304//224 3302//224 1265//224 1270//224 3625//224 3624//224 3782//224 4299//224 4293//224 4292//224 4280//224 4285//224 4244//224 4241//224 4237//224 4242//224 4155//224 4149//224 4157//224 4146//224 3643//224
f 128//18 161//18 235//18 1381//18 1382//18 1454//18 1412//18 1407//18 1410//18 1918//18 1408//18 1916//18 1920//18 1930//18 1414//18 1928//18 1927//18 1924//18
f 1709//226 1696//226 231//226 227//226 224//226 2963//226 223//226 2187//226
f 1271//231 1268//231 1266//231 1226//231 1225//231 1250//231 646//231 657//231 857//231 859//231 858//231 741//231 754//231 737//231 649//231 860//231 544//231 543//231 2746//231 2756//231 1162//231 1167//231 3095//231
f 4006//234 3996//234 3977//234 3978//234 3976//234 265//234 233//234 287//234 3989//234 4027//234 4021//234 3997//234 4023//234 4024//234 4020//234 4019//234 4025//234 4005//234
f 1836//235 1839//235 1837//235 1835//235
f 2964//239 138//239 139//239 2976//239
f 402//241 36//241 33//241
f 3461//245 3475//245 3477//245 3476//245 3478//245 3479//245 3494//245 4197//245 3462//245
f 2499//246 2491//246 2501//246 2884//246 3156//246 2842//246 2500//246
f 2153//247 2162//247 2147//247 2440//247 2441//247
f 3219//251 3213//251 3212//251 3296//251 3294//251 3297//251 3293//251 3295//251 3211//251 3284//251
f 1774//267 1776//267 1770//267 1777//267 1775//267 2178//267 2180//267 2182//267 2179//267 2181//267
f 2611//270 2627//270 2626//270 2629//270 2625//270 2628//270 2612//270 2614//270 2619//270 2613//270
f 3908//271 3906//271 3897//271 3893//271
f 3745//274 186//274 3746//274
f 4212//31 1619//31 1628//31
f 3571//278 3567//278 3569//278 3573//278 3784//278 3918//278
f 47//128 46//128 334//128 48//128 336//128
f 3945//279 3963//279 3944//279
f 978//280 979//280 969//280 1008//280 983//280 953//280
f 799//281 795//281 784//281 834//281
f 2329//284 2332//284 2333//284 2292//284 2290//284 2315//284 2316//284 2331//284 2330//284
f 3227//31 3229//31 4134//31 1094//31 1096//31 1314//31 3223//31 3218//31 1842//31 1843//31
f 3763//285 3742//285 3766//285 3761//285
f 2322//286 2309//286 2308//286 2321//286
f 783//271 796//271 800//271 833//271
f 2372//3 2397//3 2399//3 3405//3
f 3145//290 3148//290 3058//290 3057//290
f 3443//291 3817//291 3816//291 3434//291
f 1400//293 1789//293 1791//293 1790//293 1544//293 1786//293 1625//293 1622//293 1504//293 1624//293 1627//293 1540//293 1542//293 1539//293 1480//293 1123//293 1077//293 1083//293 1082//293 2641//293 2651//293 4128//293 4106//293 1472//293 2445//293 2446//293 2638//293 2402//293 3127//293 3129//293 3128//293 3096//293 3110//293 3125//293 3115//293 3056//293 3116//293 3062//293 3013//293 3064//293 3126//293 3032//293 3022//293 2588//293 2485//293 2486//293 1470//293 1456//293
f 2241//294 88//294 83//294 85//294
f 2040//296 1560//296 1562//296 1561//296 1263//296 1564//296 1348//296 1345//296 1223//296 1347//296 1248//296 1222//296 1249//296 1272//296 1215//296 1216//296 1214//296 2099//296 2098//296 2101//296 2102//296 2239//296
f 3006//297 3039//297 3040//297
f 456//298 510//298 508//298
f 3910//302 3919//302 3920//302 3871//302 3895//302
f 2453//68 2468//68 2467//68 2461//68
f 584//305 585//305 534//305
f 129//306 131//306 130//306 127//306 1961//306
f 492//309 497//309 506//309 975//309 504//309 499//309
f 3222//311 3522//311 3520//311 3600//311 3598//311 3603//311 3597//311 3599//311 3519//311 3521//311
f 1773//317 2181//317 2179//317
f 1063//318 1056//318 2844//318 1577//318 3154//318 3123//318 1110//318 1111//318 1116//318 1139//318 1146//318 1251//318 1238//318 1101//318 1187//318 279//318 2433//318 1115//318 1240//318 3877//318 3878//318 3882//318 3883//318 3880//318 3823//318 3824//318 976//318 977//318 3826//318 3827//318 635//318 637//318 289//318 290//318 638//318 639//318 644//318 618//318 609//318 521//318 608//318 520//318 606//318 519//318 611//318 518//318 605//318 477//318 2436//318 1978//318 1951//318 2008//318 2596//318 2559//318 2608//318 1656//318 1615//318 1632//318 1636//318 328//318 327//318 3738//318 2982//318 3108//318 3109//318 3119//318 3107//318 3106//318 3105//318 871//318 872//318 874//318 873//318 870//318 988//318 869//318 915//318 913//318 155//318 159//318 158//318 157//318 148//318
f 1746//31 2221//31 1769//31
f 3536//319 3270//319 3538//319
f 3346//320 3348//320 2583//320 2568//320
f 3139//322 3140//322 3112//322 3111//322
f 2952//323 3163//323 3312//323 3329//323 3328//323 3308//323 3331//323 3243//323 2957//323 2912//323 2755//323 2905//323 3805//323 3806//323 3803//323 3627//323 3626//323 3624//323 3625//323 1270//323 1313//323 4010//323 3610//323 3612//323 3620//323 3621//323 4029//323 4045//323 3280//323 3011//323
f 230//325 95//325 232//325 43//325 228//325
f 1137//328 1234//328 1252//328 1152//328 3746//328 186//328 3745//328 3759//328 3754//328
f 49//329 1910//329 1942//329 1936//329 1939//329 1824//329 1678//329 2845//329 2370//329 2335//329 2367//329 2373//329 3152//329 1178//329 2432//329 2434//329 2435//329 259//329 280//329 1173//329 1177//329 358//329 356//329 357//329 1148//329 1151//329 220//329 216//329 3759//329 3745//329 3746//329 1152//329 160//329 3645//329 3622//329 3642//329 3662//329 4154//329 3122//329 3007//329 3001//329 3010//329 3008//329 3009//329 3117//329 2948//329 168//329 2976//329 139//329 149//329 27//329 354//329 355//329 359//329 55//329 56//329
f 1604//332 1567//332 1699//332 1672//332
f 2412//336 2411//336 2409//336
f 499//33 498//33 500//33 507//33 532//33 2066//33 2067//33 490//33 3098//33 3101//33 492//33
f 3810//338 3813//338 3814//338
f 1789//31 1400//31 1379//31 1367//31
f 736//340 827//340 4354//340 4350//340
f 3731//341 3733//341 3691//341
f 3439//345 3440//345 3859//345 3860//345 3899//345 3870//345 3868//345 3436//345 3435//345
f 1166//107 187//107 1264//107 2962//107 2036//107 2037//107 2038//107 1364//107 4107//107 3153//107 1205//107 1172//107
f 1174//350 2827//350 2830//350 2303//350 2825//350 2826//350 1446//350 1445//350 1436//350 248//350 352//350 1503//350 490//350 2067//350
f 1527//354 1533//354 1532//354 2144//354 2143//354 2146//354 2142//354 2145//354 1534//354 1535//354
f 1699//357 1567//357 1579//357 1574//357 1581//357 1952//357 2061//357 2003//357 2004//357 2062//357 2059//357 2058//357 2054//357
f 1410//361 1412//361 1454//361 1409//361 1411//361 1919//361 1917//361 1920//361 1916//361 1918//361
f 1306//363 1321//363 1320//363
f 2924//366 3001//366 3007//366
f 296//367 293//367 262//367 263//367
f 518//107 517//107 477//107 605//107
f 604//68 668//68 673//68 674//68
f 2669//3 1663//3 2667//3
f 3078//374 3045//374 3074//374 3072//374
f 3616//376 3685//376 3686//376 3617//376
f 2214//379 89//379 84//379 83//379 88//379 87//379 2244//379 86//379 2237//379 2233//379 2231//379 2234//379 2127//379 2123//379 2129//379 2125//379 2089//379 2087//379 2088//379 1964//379
f 2272//380 427//380 438//380 430//380
f 1006//107 1010//107 996//107 998//107
f 2949//381 3230//381 3777//381 3776//381 3778//381 3775//381 3730//381 3682//381 3732//381 3772//381 3696//381 3767//381 3773//381 3764//381 3765//381 3766//381 3742//381 3763//381 3762//381 3760//381 3743//381 3741//381 3740//381
f 2885//383 2884//383 2501//383 2741//383 2883//383 2882//383 2926//383 2340//383 2341//383 3049//383 2141//383 1618//383 1616//383 2401//383 2381//383 2380//383 2400//383 1235//383 1708//383 2184//383 2039//383 2758//383 308//383 2783//383 1043//383 4143//383 2838//383 2839//383 1159//383 4198//383 831//383 845//383 2366//383 3568//383 3534//383 3533//383 3532//383 3531//383 470//383 2301//383 2542//383 2535//383 2345//383 2344//383 2810//383 2833//383 2406//383 2404//383 2459//383 2465//383 2462//383 2480//383 2463//383 2422//383 2442//383 2443//383 2424//383 2745//383 2910//383 2913//383
f 620//385 652//385 679//385 686//385
f 4188//388 4187//388 4191//388 4192//388
f 1477//68 1082//68 1083//68 1084//68 1088//68 1086//68
f 1868//393 1881//393 1865//393 1866//393 1703//393 1701//393 1704//393 1700//393 1702//393 1867//393
f 4241//396 4242//396 4237//396
f 3751//398 3723//398 3722//398 3750//398
f 1769//399 3376//399 1778//399 1746//399
f 1631//400 1667//400 1716//400 1715//400
f 3040//97 3039//97 3278//97 3277//97 3281//97 3276//97 3275//97 3038//97 3041//97 3044//97
f 3650//403 3658//403 3659//403
f 2325//404 2367//404 2335//404 2319//404
f 1819//408 1683//408 1818//408
f 2136//409 2135//409 2115//409
f 2965//410 2986//410 2968//410
f 246//413 245//413 247//413
f 1245//68 1178//68 3152//68 4106//68 4128//68 4129//68 4132//68 1490//68 2211//68 2212//68 1493//68 4113//68 4108//68
f 2409//415 2411//415 2496//415 2413//415 2495//415 2497//415 2659//415 2660//415 2661//415 2607//415 2657//415 2656//415 2662//415 2736//415 3406//415 2267//415 2268//415 2270//415 2408//415 2412//415
f 3455//416 3503//416 3504//416 3507//416 3505//416 3506//416 3456//416 3458//416 3708//416 3457//416
f 3905//281 3909//281 3894//281 3896//281
f 1968//420 1967//420 1971//420 1969//420
f 1780//423 2180//423 2178//423
f 3451//425 3458//425 3456//425
f 1836//427 1835//427 1834//427 1837//427 1839//427 1838//427 1875//427 2103//427 2075//427 531//427 563//427 571//427 627//427 584//427 534//427 585//427 692//427 685//427 691//427 693//427 3085//427 3086//427 3087//427 683//427 3084//427 3083//427 3081//427
f 3103//430 3118//430 3117//430 3009//430 2942//430 3008//430 3010//430 3005//430
f 33//431 36//431 22//431 35//431 34//431 407//431 406//431 408//431 405//431 404//431
f 876//69 721//69 795//69 799//69
f 1663//436 1645//436 1644//436 1649//436 1648//436 1642//436 1647//436 1603//436 1599//436 1630//436 1601//436 1319//436 1596//436 1318//436 1303//436 1273//436 2342//436 2338//436 2299//436 2287//436 2667//436
f 2836//439 2874//439 2876//439
f 3190//3 1690//3 1691//3
f 2159//68 2489//68 2469//68 2396//68 2097//68 2074//68
f 3353//441 1721//441 1617//441
f 2457//3 2440//3 2147//3 2479//3
f 2601//445 2605//445 2553//445 2599//445
f 566//3 567//3 2171//3
f 1094//448 1758//448 1759//448 1738//448 1096//448
f 329//450 3689//450 3688//450 3690//450 3708//450 3458//450 3451//450 3456//450 3506//450 3501//450 3505//450 3507//450 3516//450 3517//450 3518//450 3486//450 3514//450 3513//450 3512//450 3354//450
f 4243//451 4156//451 4148//451 4146//451 4157//451 4155//451 4242//451 4241//451 4244//451 4240//451
f 3131//455 3069//455 3110//455
f 2830//31 2827//31 2829//31 3097//31
f 1581//463 1574//463 1579//463
f 2964//467 2976//467 168//467 169//467
f 3048//476 3124//476 3114//476
f 100//478 98//478 97//478
f 463//479 484//479 481//479
f 1596//480 1319//480 1318//480
f 2642//107 2644//107 2652//107 2651//107 2641//107 2609//107
f 737//481 754//481 741//481 863//481 679//481 652//481
f 2224//482 2227//482 1934//482 2222//482
f 621//68 675//68 676//68 648//68
f 3982//489 3983//489 3936//489 3935//489
f 1307//494 1602//494 1600//494
f 2436//497 477//497 1978//497
f 3071//498 3068//498 3066//498 3070//498
f 4089//499 4037//499 4032//499 4031//499 4007//499 4036//499 4035//499 4034//499 3970//499 3967//499 3964//499 3968//499 3946//499 3942//499 3947//499 3912//499 3842//499 3839//499 3840//499 345//499
f 2648//501 2649//501 2654//501 2650//501 2687//501 2672//501 2671//501 2639//501 2676//501 2677//501 2675//501 2674//501 3191//501 3208//501 3215//501 3216//501
f 76//503 103//503 60//503
f 1788//482 1786//482 1544//482 1790//482 1792//482
f 1097//153 1923//153 1922//153 1921//153 1098//153
f 558//508 557//508 526//508
f 3917//509 3641//509 3915//509
f 485//510 474//510 461//510 468//510
f 3159//511 3157//511 2909//511 2905//511 2755//511
f 1400//514 1456//514 1470//514 1472//514 1457//514 1437//514 1377//514 1378//514 1379//514
f 44//31 57//31 79//31 1877//31
f 3846//518 3824//518 3823//518 3837//518 3856//518
f 3894//519 3909//519 3925//519 3880//519 3883//519 3882//519
f 2336//68 2399//68 2397//68 2398//68 2368//68 2369//68 2458//68 2457//68 2479//68 2307//68 1124//68 1077//68 1123//68 78//68 79//68 57//68 56//68 55//68 77//68 82//68 1122//68 1076//68 1125//68 1132//68 2349//68 2350//68 2341//68 2340//68 2926//68 2882//68 2742//68 2947//68 2990//68 165//68 166//68 27//68 149//68 150//68 169//68 168//68 2948//68 2743//68 2881//68 2906//68 2919//68 2925//68
f 2661//523 2658//523 2657//523 2607//523
f 2906//524 2908//524 2907//524 2747//524 2427//524 2431//524 2417//524 2429//524 2430//524 2426//524 2444//524 2470//524 2472//524 2428//524 2474//524 2475//524 2471//524 2481//524 2467//524 2468//524 2473//524 2405//524 2407//524 2925//524 2919//524
f 2356//3 2354//3 2353//3
f 1622//531 1624//531 1504//531
f 3700//532 3699//532 3702//532 3698//532 3701//532 3621//532 3620//532
f 3005//31 3089//31 3092//31 3103//31
f 2763//535 2787//535 2785//535
f 1687//538 1676//538 1688//538
f 2736//540 2789//540 2790//540 2784//540 3406//540
f 1045//543 990//543 989//543
f 1929//121 1928//121 1414//121 1930//121 1904//121
f 1096//33 1738//33 2697//33 1095//33 2828//33 2829//33 2827//33 1174//33 1176//33 1314//33
f 2170//545 2165//545 2167//545 2163//545
f 1899//546 1898//546 1975//546 1974//546 1977//546 1973//546 1976//546 1897//546 1896//546 1926//546
f 2324//476 2628//476 2625//476
f 2338//548 2337//548 2299//548
f 1642//549 1648//549 1647//549
f 2636//552 2660//552 2659//552
f 1373//553 3187//553 3186//553
f 3155//3 2886//3 3301//3 3783//3
f 4285//398 4295//398 4267//398 4266//398
f 3463//33 3509//33 442//33 428//33 427//33 2272//33 2273//33 4187//33 4188//33
f 2047//559 2046//559 2140//559 2139//559 2136//559 2115//559 2135//559 2114//559 2064//559 2065//559 2048//559
f 2189//560 2248//560 2249//560 1693//560 1694//560 2190//560
f 3825//561 3828//561 3847//561 3857//561 3838//561
f 2840//563 2856//563 2855//563
f 3895//31 3871//31 3553//31 3254//31 3194//31
f 730//564 732//564 631//564
f 1252//68 1268//68 1271//68 3095//68 2247//68 2187//68 2070//68 1313//68 1270//68 1265//68 1253//68 160//68 1152//68
f 3380//565 3379//565 3385//565 3382//565
f 1937//568 1976//568 1973//568
f 1868//569 1867//569 1812//569
f 2618//570 2494//570 2493//570
f 3639//572 708//572 3225//572 3224//572 3226//572 3222//572 3521//572 3228//572 3519//572 3599//572 3574//572 3597//572 3603//572 3616//572 3684//572 3615//572 3614//572 3687//572
f 1468//573 1481//573 1080//573 1073//573 1070//573 1071//573
f 1222//574 1248//574 1249//574
f 771//575 791//575 789//575
f 2999//576 2988//576 2997//576
f 3844//68 3829//68 3848//68 3866//68
f 268//579 266//579 4185//579
f 3760//31 2953//31 2949//31 3740//31 3743//31
f 942//581 943//581 922//581
f 567//582 566//582 261//582
f 127//3 130//3 146//3 473//3
f 146//587 130//587 131//587 132//587 147//587
f 2463//589 2480//589 2481//589 2471//589 2464//589
f 1447//590 1478//590 1120//590 1122//590 82//590 30//590 514//590 1613//590 26//590 25//590 24//590 2482//590 2447//590 2448//590 2403//590 2832//590 1448//590
f 3052//592 3055//592 2686//592
f 1405//593 1411//593 1409//593
f 3399//594 3429//594 3401//594
f 708//596 3639//596 3633//596
f 2442//597 2422//597 2460//597 2470//597 2444//597 2443//597
f 3797//598 3802//598 3438//598 3435//598 3433//598
f 3156//600 2744//600 2889//600 3155//600 3783//600 3171//600 1264//600 187//600 2841//600 2842//600
f 3940//601 4113//601 1493//601 4078//601 4076//601 4068//601 4077//601 4066//601 4015//601 843//601 1029//601 4011//601 4072//601 4071//601 4030//601 4070//601 4062//601
f 3577//603 3580//603 3585//603 3929//603
f 3406//605 2784//605 2791//605 2764//605 2587//605 2586//605 2662//605 2656//605 2658//605 2661//605 2660//605 2636//605 2659//605 2497//605 2494//605 2618//605 2493//605 2410//605 2617//605 2492//605 2408//605 2270//605 2267//605
f 1981//606 2026//606 2024//606 1980//606
f 3558//607 3557//607 3245//607 3554//607 3556//607
f 1091//608 401//608 842//608
f 41//609 40//609 39//609
f 554//610 556//610 515//610 559//610
f 796//611 719//611 832//611 800//611
f 45//612 46//612 47//612
f 4190//613 4181//613 4182//613
f 66//615 65//615 4387//615 4389//615
f 378//616 3950//616 379//616
f 83//617 84//617 85//617
f 615//619 656//619 654//619
f 139//621 138//621 150//621 149//621
f 4013//622 4034//622 4035//622
f 2358//623 2359//623 2357//623 2315//623 2290//623 2353//623 2354//623 2355//623 1813//623 1826//623
f 143//31 140//31 142//31
f 140//31 143//31 141//31
f 1533//624 1529//624 1532//624
f 143//31 142//31 144//31
f 2009//625 2103//625 1875//625 1838//625
f 143//626 134//626 141//626
f 142//31 140//31 144//31
f 134//31 143//31 144//31
f 140//31 156//31 144//31
f 163//628 167//628 2990//628
f 4250//629 4257//629 4247//629 4246//629
f 178//630 179//630 180//630
f 692//631 585//631 584//631 627//631 587//631 586//631 690//631 689//631 693//631 691//631
f 200//632 221//632 222//632 201//632
f 199//3 378//3 379//3 225//3 221//3 200//3
f 216//633 220//633 217//633
f 219//634 222//634 221//634 225//634 178//634 180//634 213//634 181//634 125//634 112//634 109//634 114//634 121//634 104//634 123//634 102//634 3995//634 3994//634 3993//634 3950//634 378//634 199//634 200//634 201//634 218//634
f 228//635 229//635 230//635
f 245//31 244//31 247//31
f 3444//638 249//638 250//638
f 278//639 279//639 1187//639 1186//639 257//639
f 4199//640 237//640 4201//640
f 2192//3 1767//3 226//3 274//3 2199//3
f 1091//641 842//641 333//641 510//641 456//641 508//641 484//641 463//641 481//641 513//641 557//641 558//641 559//641 515//641 556//641 555//641 561//641
f 260//642 280//642 259//642
f 276//31 279//31 277//31
f 278//643 277//643 279//643
f 1079//645 1080//645 1481//645 1126//645 1486//645
f 296//31 263//31 297//31
f 294//646 295//646 292//646
f 296//31 297//31 293//31
f 156//647 235//647 161//647 128//647 134//647 144//647
f 350//312 309//312 249//312 3444//312
f 300//31 3444//31 299//31
f 309//649 350//649 312//649
f 350//312 360//312 312//312
f 3744//654 3765//654 3764//654
f 858//655 859//655 865//655 863//655 741//655
f 226//616 3962//616 274//616
f 366//632 326//632 325//632 365//632
f 3090//656 3088//656 3089//656 3005//656 3010//656 3001//656 2924//656 3007//656 3122//656 3113//656
f 2217//657 369//657 370//657
f 371//31 838//31 372//31
f 375//658 376//658 374//658
f 3908//660 3893//660 3825//660 3838//660
f 437//661 445//661 436//661 444//661
f 431//662 4191//662 4187//662 2273//662
f 442//663 443//663 444//663 436//663 433//663 435//663 428//663
f 433//664 434//664 435//664
f 457//665 458//665 459//665
f 461//31 469//31 468//31
f 2251//668 2402//668 2638//668 2446//668
f 2190//670 1689//670 1690//670 3190//670 3189//670 2188//670 2189//670
f 468//31 469//31 485//31
f 4172//671 4202//671 4200//671
f 2352//672 2369//672 2368//672 2398//672 2438//672 2336//672 2925//672 2407//672 2834//672 2811//672 2304//672
f 4041//26 4040//26 2018//26 4104//26 2016//26 1995//26
f 496//31 497//31 492//31
f 856//673 498//673 499//673 505//673 1395//673 1349//673 501//673 502//673 1351//673
f 500//153 498//153 856//153 503//153 896//153 901//153
f 499//31 504//31 505//31
f 567//641 261//641 1527//641 1535//641 1528//641 1534//641 2145//641 1541//641 2142//641 2146//641 2168//641 2169//641 2170//641 2163//641 2167//641 2166//641 2171//641
f 3333//675 3331//675 3308//675 3328//675 3330//675
f 586//677 587//677 536//677
f 528//679 529//679 242//679
f 2675//680 2677//680 2664//680
f 554//682 555//682 556//682
f 2408//683 2492//683 2410//683 2493//683 2494//683 2497//683 2495//683 2496//683 2411//683 2412//683
f 3979//684 4006//684 4005//684 3976//684 3978//684
f 564//685 571//685 563//685
f 4215//686 4217//686 1666//686 4213//686
f 3294//564 3296//564 3267//564
f 519//687 606//687 520//687 516//687
f 608//68 521//68 520//68
f 519//688 518//688 611//688
f 1670//689 1674//689 1673//689 1669//689
f 626//68 542//68 541//68
f 675//33 2557//33 2558//33 676//33
f 669//690 617//690 612//690 614//690 670//690
f 552//68 551//68 629//68
f 10//691 12//691 4012//691 13//691 11//691 19//691 17//691 28//691 16//691 18//691
f 635//107 632//107 633//107 637//107
f 2410//693 2492//693 2617//693
f 2778//3 2704//3 2703//3 2866//3 2818//3
f 667//694 669//694 670//694 813//694 820//694 822//694 658//694 823//694 734//694 730//694 631//694 732//694 656//694 615//694 654//694 677//694 4057//694 4054//694 4055//694 4073//694 3926//694 613//694 614//694 612//694
f 1503//153 1508//153 3098//153 490//153
f 632//229 3799//229 3800//229 633//229
f 3086//695 593//695 3087//695
f 1927//697 1929//697 1904//697 1930//697 1920//697 1917//697 1440//697 1919//697 1411//697 1405//697 1409//697 1454//697 1382//697 1380//697 1381//697 235//697 156//697 140//697 141//697 1324//697 1325//697 1323//697 1322//697 1211//697 1206//697 1207//697 1210//697 1908//697 1909//697 1924//697
f 1306//698 1320//698 1602//698 1307//698 1600//698 1603//698 1647//698 1648//698 1649//698 1629//698 1646//698 1645//698 1663//698 2669//698 2287//698 2299//698 2337//698 2338//698 2342//698 4129//698 4128//698 2651//698 2652//698 1084//698 1083//698 1077//698 1124//698 2343//698 2346//698 2348//698 2347//698 1273//698 1303//698 1321//698
f 3850//564 3888//564 3890//564
f 2446//699 2445//699 2449//699 2483//699 2486//699 2588//699 3022//699 3021//699 3032//699 3126//699 3061//699 3047//699 3063//699 3124//699 3048//699 3114//699 3125//699 3110//699 3069//699 3131//699 3127//699 3071//699 3070//699 3067//699 3066//699 3068//699 2251//699
f 783//660 833//660 687//660 672//660
f 1899//700 1895//700 1898//700
f 4//701 12//701 10//701
f 642//229 3844//229 3866//229 643//229
f 4013//703 4035//703 4036//703 4033//703 4032//703 4037//703 4088//703 345//703 3840//703 3842//703 3912//703 3944//703 3963//703 3945//703 3969//703 4001//703 3966//703 3970//703 4034//703
f 2673//704 2676//704 2639//704 2671//704
f 4322//705 4315//705 4090//705
f 3721//707 3720//707 3724//707 3667//707 3666//707 4053//707 4029//707 3621//707 3701//707 3680//707 3698//707 3702//707 3750//707 3722//707 3723//707 3752//707 3749//707 3748//707 3753//707 3725//707 3726//707
f 820//708 821//708 822//708
f 3960//709 3892//709 3926//709 4073//709
f 3875//711 3851//711 3853//711 3890//711 3888//711 3891//711 3887//711 3889//711 3852//711 3884//711
f 3630//3 2216//3 2220//3
f 854//300 1385//300 1388//300 532//300 507//300 902//300 897//300 535//300
f 2458//712 2369//712 2352//712 3177//712 3257//712 2339//712 2437//712 2371//712 3410//712 4209//712 287//712 233//712 234//712 288//712 2070//712 2187//712 223//712 224//712 227//712 2185//712 2188//712 3189//712 3186//712 3187//712 2211//712 1490//712 3192//712 3191//712 2674//712 2689//712 2688//712 2010//712 2011//712 2043//712 1804//712 1794//712 1803//712 2065//712 2064//712 2904//712 2153//712 2441//712
f 1451//714 1486//714 1126//714 1086//714 1088//714 2644//714 2642//714 4107//714 1364//714 1450//714
f 1082//3 1477//3 2609//3 2641//3
f 884//715 885//715 838//715
f 3082//716 3084//716 683//716 3087//716
f 887//31 892//31 889//31
f 3849//717 3853//717 3851//717
f 731//111 729//111 699//111
f 870//719 869//719 988//719
f 966//720 963//720 997//720 1004//720 964//720
f 1787//722 1611//722 1786//722
f 3827//3 3799//3 632//3 635//3
f 985//682 986//682 987//682
f 1451//725 1062//725 1061//725 1060//725 1068//725 1079//725 1486//725
f 364//634 366//634 365//634 368//634 45//634 47//634 336//634 48//634 28//634 17//634 3//634 19//634 11//634 2//634 13//634 4012//634 3349//634 3344//634 3345//634 3270//634 3536//634 324//634 325//634 326//634
f 640//31 643//31 3866//31 3848//31
f 3731//726 3770//726 3768//726 3773//726 3767//726 3772//726 3732//726 3730//726 3775//726 3733//726
f 401//3 1091//3 561//3
f 1048//727 1052//727 1047//727
f 949//728 946//728 1016//728 1014//728 981//728 1015//728 1017//728 999//728 998//728 996//728 982//728 953//728 983//728 997//728 963//728 957//728 955//728 954//728 1059//728 956//728 958//728 1073//728 1080//728 1079//728 1068//728 1078//728 1133//728 1132//728 1125//728 1076//728 1122//728 1120//728 1478//728 1447//728
f 434//729 426//729 425//729 438//729 427//729 428//729 435//729
f 1148//68 1177//68 1173//68 1238//68 1251//68 1151//68
f 1997//730 4042//730 4064//730 2000//730 2014//730 4195//730 4180//730 4175//730 1998//730
f 1934//732 2227//732 2226//732 2225//732 1977//732 1974//732 1935//732 1975//732 1898//732 1895//732 1899//732 1926//732 1933//732 1931//732 1932//732 1884//732 1885//732 1883//732 3300//732 3298//732 3299//732 3376//732 1769//732 2221//732 2223//732 2222//732
f 999//733 1002//733 1001//733 1006//733 998//733
f 1224//31 1131//31 1130//31
f 1128//734 1127//734 162//734
f 1136//31 1135//31 1137//31
f 1139//31 1140//31 1146//31
f 1535//736 1534//736 1528//736
f 4277//737 4261//737 4265//737 4279//737 4278//737
f 1207//738 1206//738 1208//738 1209//738
f 1215//739 1214//739 1216//739
f 1247//740 1219//740 1246//740
f 2248//741 2245//741 2246//741 1712//741 1725//741 1736//741 1713//741 2255//741
f 2075//743 2077//743 2078//743 531//743
f 3872//744 3873//744 4074//744 4083//744 4085//744 3855//744 4061//744 3891//744 3888//744 3850//744 3890//744 3853//744 3849//744 3851//744 3875//744 3499//744 3497//744 3498//744 3502//744 3465//744 3416//744 3396//744 3409//744 3313//744 3845//744 3843//744 3841//744 3858//744
f 3812//745 3809//745 3811//745
f 835//746 769//746 620//746 686//746
f 3268//747 3737//747 3231//747 3209//747
f 1279//31 1278//31 1280//31
f 1281//748 1279//748 1280//748
f 3233//750 3203//750 3204//750 2570//750
f 3399//691 3401//691 3398//691 3402//691 3400//691 3471//691 3469//691 3473//691 3468//691 3470//691
f 1691//751 1692//751 2213//751 2212//751 2211//751 3187//751 1373//751 3186//751 3189//751 3190//751
f 1347//752 1223//752 1345//752
f 1376//754 1367//754 1379//754 1378//754
f 1382//609 1381//609 1380//609
f 1560//755 1981//755 1980//755 1979//755 2024//755 2026//755 2025//755 2056//755 2239//755 2102//755 2100//755 2099//755 1214//755 1215//755 1272//755 1246//755 1219//755 1247//755 1346//755 1335//755 1344//755 1348//755 1564//755 1340//755 1341//755 1565//755 1342//755 1566//755 1563//755 1562//755
f 1386//31 532//31 1388//31
f 1100//758 1287//758 1097//758 1098//758 1203//758 1099//758
f 1442//229 248//229 1436//229 1444//229 1443//229 1093//229 2698//229 1758//229 1094//229 4134//229
f 2424//760 2443//760 2444//760 2426//760 2423//760
f 2624//761 2323//761 2321//761 2295//761 2622//761
f 1071//107 7//107 2500//107 2842//107 2841//107 4184//107 4183//107 4186//107 1469//107 1468//107
f 3974//300 2534//300 1106//300 1107//300 1986//300 1991//300 1992//300 1985//300 4362//300 1497//300 1499//300 1201//300 1108//300 1109//300 1286//300 1438//300
f 3061//763 3126//763 3064//763 3062//763 3116//763 3115//763 3125//763 3114//763 3124//763 3063//763
f 957//107 967//107 970//107 955//107
f 2262//764 1442//764 4134//764 1314//764 1176//764
f 642//107 643//107 640//107 639//107 638//107
f 2126//768 2219//768 2128//768
f 252//769 299//769 3444//769 251//769
f 1508//31 1549//31 1550//31
f 3786//770 3782//770 3624//770 3626//770
f 1566//31 1342//31 1565//31
f 1561//771 1562//771 1563//771
f 1565//31 1564//31 1566//31
f 1263//772 1566//772 1564//772
f 2193//775 1594//775 1590//775 1589//775 1593//775 1768//775 1767//775 2192//775
f 1587//776 1589//776 1590//776 1588//776
f 1649//777 1644//777 1646//777 1629//777
f 592//778 593//778 3086//778 3085//778
f 1644//779 1645//779 1646//779
f 3667//129 3726//129 3725//129 3666//129
f 4296//780 4285//780 4280//780 4292//780 4294//780
f 1669//3 1673//3 1672//3 1699//3 2054//3
f 1608//3 2550//3 2557//3 675//3 621//3
f 1689//31 2190//31 1694//31
f 3352//68 1719//68 1697//68 327//68 328//68 1695//68 1705//68 1720//68 1721//68 3353//68
f 1711//31 1725//31 1712//31
f 1825//782 1936//782 1942//782 1938//782 1631//782 1715//782 1678//782 1824//782 1939//782
f 1727//785 1729//785 1728//785
f 379//148 3950//148 3993//148 3994//148 3995//148 102//148 122//148 105//148 120//148 113//148 110//148 111//148 125//148 181//148 214//148 179//148 178//148 225//148
f 1724//31 2256//31 1735//31
f 3582//787 3369//787 3412//787 3413//787 3512//787 3513//787 3515//787 3518//787 3517//787 3484//787 3516//787 3507//787 3504//787 3450//787 3503//787 3455//787 3449//787 3457//787 3708//787 3690//787 3689//787 329//787
f 1776//789 1774//789 1772//789
f 1752//31 1756//31 1754//31
f 1750//790 1749//790 1755//790
f 1805//791 2138//791 2137//791
f 3916//793 3914//793 3900//793 3917//793 3915//793 3659//793 3658//793 3681//793 3657//793 3660//793
f 1771//795 1775//795 1777//795
f 3881//111 3889//111 3887//111
f 4043//797 4044//797 4049//797 4048//797 4047//797 3755//797 3779//797 3758//797 3757//797 3804//797 3803//797 3806//797 2951//797 2968//797 2986//797 2965//797 2998//797 3060//797 2996//797 3000//797 3139//797 3111//797 3112//797 3141//797 3138//797 3137//797 3162//797
f 3857//798 3847//798 3936//798 3983//798
f 2508//799 2509//799 2319//799 2335//799 2370//799 2521//799 2579//799 2603//799 2543//799 2544//799 2605//799 2601//799 2600//799 2594//799 2547//799 2545//799
f 1786//31 1788//31 1787//31
f 1787//31 1788//31 1791//31
f 1792//801 1791//801 1788//801
f 1790//802 1791//802 1792//802
f 2143//805 2144//805 1530//805
f 3630//807 3544//807 3543//807 852//807 3549//807 3550//807 3548//807 793//807 790//807 786//807 792//807 757//807 774//807 750//807 749//807 2105//807 2216//807
f 1828//808 1829//808 1830//808
f 1896//809 1897//809 1892//809
f 1862//810 1861//810 1860//810
f 460//811 486//811 509//811
f 1885//813 1884//813 1883//813
f 2009//814 3081//814 3083//814 3082//814 3087//814 593//814 592//814 3085//814 693//814 689//814 590//814 690//814 586//814 536//814 587//814 627//814 571//814 564//814 563//814 531//814 2078//814 2080//814 2077//814 2075//814 2103//814
f 1880//815 1879//815 2507//815
f 4191//816 431//816 430//816 438//816 425//816 2269//816 429//816 432//816 2271//816 4181//816 4190//816 4182//816 3462//816 4196//816 4189//816 4192//816
f 1936//818 1825//818 1939//818
f 3268//820 3209//820 2718//820 2719//820 2721//820 2724//820 2723//820 2710//820 2722//820 2878//820 2874//820 2836//820 2876//820 2854//820 2835//820 2853//820 2879//820 3325//820 3324//820 3560//820 3552//820 3737//820
f 1927//708 1928//708 1929//708
f 1931//821 1933//821 1932//821
f 78//822 1901//822 1877//822 79//822
f 4114//173 1882//173 4250//173 4246//173 4251//173 4247//173 4257//173 4205//173 4208//173 4207//173 4204//173 4202//173 4172//173 4200//173 268//173 4185//173 266//173 270//173 293//173 4177//173 292//173 295//173 192//173
f 2846//823 706//823 2868//823 2814//823 2815//823 2817//823
f 759//824 758//824 641//824
f 3968//825 3964//825 3967//825
f 1955//826 1954//826 1953//826
f 1958//827 1957//827 1956//827 1796//827
f 3138//828 3141//828 3120//828 3136//828
f 1958//829 1959//829 1957//829
f 947//107 948//107 2811//107 1449//107 950//107 946//107 949//107 1447//107 1448//107 2832//107 2403//107 2404//107 2406//107 2833//107 2834//107 2407//107 2405//107 2831//107 4176//107
f 4305//31 4306//31 1986//31
f 1988//830 1989//830 1990//830 1986//830 4306//830 4307//830 4340//830
f 1991//31 1986//31 1990//31
f 4020//831 4024//831 3980//831 4018//831
f 532//312 1386//312 1387//312 1993//312 2055//312 2068//312 2066//312
f 2356//832 2353//832 2290//832 2292//832 2296//832 2297//832 2164//832 539//832 540//832 541//832 542//832 550//832 551//832 552//832 553//832 538//832 2005//832 2001//832 2002//832 2155//832 2158//832 2388//832 2389//832 1869//832 1871//832 2160//832 1864//832 565//832 537//832 202//832 238//832 241//832 189//832 177//832 1872//832 1870//832 1913//832 1984//832 4224//832 4228//832 1963//832 1966//832 4225//832 1982//832 4119//832 4120//832 4122//832 4164//832 1983//832 4082//832 1999//832 4041//832 1995//832 2016//832 1996//832 1997//832 1998//832 1986//832 1107//832 1098//832 1921//832 1922//832 1841//832 1855//832 1965//832 1962//832 2387//832 2215//832 2383//832 2390//832 1970//832 1971//832 1967//832 1968//832 1969//832 1840//832 1813//832 2355//832 2354//832
f 3081//31 2009//31 1838//31 1839//31 1836//31
f 4101//834 1996//834 4091//834 2012//834
f 4105//834 2013//834 4039//834 4042//834 1997//834
f 4102//312 2019//312 4093//312 2016//312
f 4095//31 2016//31 4093//31
f 3665//836 3699//836 3700//836
f 3642//837 3622//837 3590//837 3623//837
f 3286//839 3557//839 3559//839 3287//839
f 1560//31 2040//31 2025//31 2026//31 1981//31
f 2041//3 1280//3 231//3 1696//3 1710//3
f 2052//840 2051//840 2050//840 2049//840 2046//840 2047//840
f 1408//841 1918//841 1916//841
f 2063//31 2062//31 2004//31
f 2057//842 2058//842 2059//842
f 2062//31 2063//31 2061//31
f 2062//843 2061//843 2044//843
f 2339//844 3257//844 3259//844 3405//844 2399//844 2336//844 2438//844 2437//844
f 2634//845 2769//845 2767//845 2635//845 2513//845 2469//845 2489//845 1797//845 1756//845 1752//845 1751//845 1750//845 1755//845 1749//845
f 2747//846 2907//846 2885//846 2913//846 2910//846
f 99//847 101//847 58//847
f 1726//848 1686//848 1685//848 1819//848 1818//848 1821//848 1817//848 1820//848 1687//848 1688//848
f 2077//850 2080//850 2078//850
f 3335//851 3311//851 3351//851 3217//851
f 890//852 889//852 892//852
f 2087//853 2089//853 2088//853
f 1938//31 1667//31 1631//31
f 3680//19 3701//19 3698//19
f 2098//855 2099//855 2100//855
f 750//856 774//856 757//856
f 1140//857 1136//857 1137//857 3754//857 215//857 1146//857
f 2317//858 2330//858 2331//858 2316//858 2315//858 2357//858 2360//858 2326//858 2327//858 2232//858 2074//858 2097//858 2593//858 2532//858 2529//858 2093//858 2094//858 2530//858 3391//858 3373//858 3374//858 3392//858 3347//858 3322//858 3319//858 3372//858 2090//858 2091//858 2092//858 2095//858 2096//858 2073//858 2133//858 2152//858 2151//858 2150//858 2154//858 2119//858 2120//858 2121//858 2118//858 2116//858 2117//858 3384//858 3385//858 3379//858 3380//858 3382//858 3317//858 3314//858 3408//858 2328//858
f 2740//860 2880//860 2873//860 2733//860 2683//860
f 2081//3 2140//3 2046//3 2049//3
f 2720//863 2715//863 2724//863 2721//863
f 19//865 3//865 17//865
f 2165//867 2166//867 2167//867
f 2297//68 2296//68 2164//68
f 269//869 264//869 267//869
f 3213//870 3196//870 3212//870
f 2188//68 2185//68 2245//68 2248//68 2189//68
f 1591//634 2193//634 2192//634 2199//634 2195//634 2197//634 2186//634 2198//634 2182//634 2180//634 1780//634 2178//634 1775//634 1771//634 1777//634 1770//634 1731//634 476//634 1730//634 3962//634 226//634 1767//634 1768//634 1592//634 1587//634 1588//634
f 2195//871 2196//871 2197//871
f 3484//872 3517//872 3516//872
f 3194//873 3254//873 3253//873 3264//873 3193//873
f 2222//875 2223//875 2224//875
f 708//877 3633//877 3634//877 3635//877 3632//877 3631//877 3687//877 3614//877 3613//877 3618//877 3686//877 3685//877 3616//877 3603//877 3598//877 3586//877 3600//877 3520//877 3584//877 3522//877 3222//877 3226//877 3225//877
f 2283//879 2282//879 2281//879 2280//879 2279//879 2278//879 2294//879 1697//879 1719//879 2285//879 2284//879
f 89//3 2214//3 2203//3 2204//3 2200//3
f 2327//68 2326//68 2232//68
f 3907//229 3906//229 3908//229 3838//229 3857//229 3983//229 3982//229 3981//229 3856//229 3837//229 3925//229 3909//229 3905//229 3984//229
f 1724//31 1709//31 2187//31
f 2249//31 2248//31 2255//31
f 2540//881 2616//881 2762//881 2761//881 2760//881 2759//881 2757//881 2502//881
f 3829//3 3844//3 642//3 638//3 290//3
f 3469//865 3471//865 3460//865
f 2270//884 2268//884 2267//884
f 2312//885 2306//885 2264//885 2265//885 2452//885 2478//885 2477//885 2476//885 2620//885 2619//885 2614//885 2266//885 2612//885 2628//885 2324//885 2625//885 2629//885 2321//885 2308//885 2309//885 2323//885 2624//885 2623//885 2320//885 2313//885
f 49//887 56//887 57//887 44//887
f 1507//890 1575//890 2302//890 3097//890 2829//890 2828//890 1443//890 1444//890
f 2312//892 2313//892 2265//892 2264//892
f 2322//31 2323//31 2309//31
f 2321//31 2323//31 2322//31
f 2325//31 2319//31 2509//31 2547//31 2594//31
f 2220//893 2216//893 2105//893
f 2314//3 2293//3 2332//3 2329//3 2330//3 2317//3 2328//3
f 1865//896 1799//896 1866//896
f 2347//897 2348//897 2346//897
f 2552//107 2551//107 2556//107 2555//107
f 2386//31 2382//31 2385//31
f 4090//898 849//898 940//898 917//898 938//898 944//898 918//898 941//898 945//898 989//898 990//898 991//898 1049//898 987//898 986//898 1089//898 1052//898 1048//898 1047//898 4322//898
f 2402//31 2251//31 3068//31 3071//31 3127//31
f 1018//68 1017//68 1015//68 1054//68
f 3386//901 3377//901 3378//901 3383//901
f 1951//107 1978//107 1949//107
f 1950//68 2008//68 1951//68
f 2289//31 2375//31 2376//31
f 1964//903 2088//903 2089//903 2125//903 2128//903 2219//903 2126//903 2236//903 2230//903 2235//903 2237//903 86//903 87//903 88//903 2241//903 85//903 84//903 89//903 2200//903 2202//903 2201//903 2205//903 2204//903 2203//903
f 2799//904 2848//904 2847//904 2798//904
f 1604//905 1672//905 1673//905 1674//905 1671//905 1670//905 1669//905 2054//905 2058//905 2057//905 2044//905 2061//905 1952//905 2043//905 2011//905 2010//905
f 2481//906 2480//906 2462//906 2461//906 2467//906
f 2320//31 2439//31 2452//31 2265//31 2313//31
f 3586//907 3598//907 3600//907
f 3907//908 3984//908 3933//908 3898//908
f 1910//909 49//909 44//909 1877//909 1901//909
f 2451//68 2472//68 2470//68 2460//68
f 1004//910 1008//910 969//910 1011//910 1010//910 1006//910 1001//910 964//910
f 2811//911 948//911 1009//911 1058//911 1011//911 969//911 979//911 971//911 952//911 1061//911 1062//911 2304//911
f 698//912 702//912 655//912
f 1070//914 1073//914 958//914 968//914 951//914
f 2226//915 1943//915 2225//915
f 2967//917 2987//917 2966//917
f 3846//918 3856//918 3981//918 3934//918
f 2001//687 2005//687 2002//687
f 3074//919 3077//919 3075//919 3076//919 3073//919 3072//919
f 2505//31 2504//31 1880//31
f 2506//31 1880//31 2507//31
f 2505//920 1880//920 2506//920
f 2512//68 2005//68 538//68
f 2156//921 2157//921 2510//921
f 2157//107 2158//107 2510//107
f 2155//922 2002//922 2510//922 2158//922
f 4025//3 236//3 265//3 3976//3 4005//3
f 2604//31 2605//31 2544//31
f 2561//924 2562//924 2563//924 3973//924 3937//924 3924//924 3523//924 2566//924 2560//924 2582//924 3508//924 2580//924 2571//924
f 2626//925 2627//925 2602//925
f 687//926 681//926 657//926 646//926 672//926
f 3241//153 3346//153 2568//153 2570//153 3205//153 2577//153
f 2441//927 2440//927 2457//927 2458//927
f 2571//31 2580//31 2581//31
f 3242//300 2585//300 3206//300 2584//300 2583//300 3348//300
f 2599//930 2600//930 2601//930
f 4047//931 4058//931 3755//931
f 2604//31 2603//31 2605//31
f 2553//932 2605//932 2603//932
f 112//933 114//933 109//933
f 2266//935 2614//935 2612//935
f 2508//936 2522//936 2546//936 2545//936 2547//936 2509//936
f 1794//937 2138//937 1805//937 2137//937 2139//937 2140//937 2081//937 1803//937
f 2622//938 2623//938 2624//938
f 1057//939 982//939 996//939 1010//939 1011//939 1058//939
f 269//940 267//940 270//940 266//940 268//940 4200//940 4202//940 4204//940 4199//940 4201//940
f 3823//746 3880//746 3925//746 3837//746
f 630//107 538//107 553//107 552//107
f 2646//31 2678//31 2645//31
f 2656//942 2657//942 2658//942
f 3885//943 4061//943 4087//943 3886//943
f 3929//944 3585//944 3580//944 3668//944 3670//944 3669//944 3674//944 3673//944 3648//944 3672//944 3681//944 3658//944 3650//944 3659//944 3915//944 3641//944 3917//944 3900//944 3904//944 3901//944
f 2671//945 2672//945 2673//945
f 127//499 473//499 458//499 457//499 164//499 461//499 408//499 406//499 69//499 407//499 34//499 62//499 35//499 22//499 4334//499 4330//499 4333//499 1961//499
f 2016//291 4100//291 4098//291 1996//291
f 3389//946 3388//946 3255//946
f 1436//31 1445//31 1507//31 1444//31
f 2864//947 2863//947 2808//947 2860//947 2862//947
f 551//107 550//107 542//107 628//107
f 2719//949 2720//949 2721//949
f 1325//950 1909//950 1908//950 1213//950 1209//950 1208//950 1212//950 1327//950 1323//950
f 129//951 1961//951 4333//951 4334//951 22//951 36//951 402//951 33//951 404//951 403//951 405//951 408//951 461//951 474//951 485//951 469//951 459//951 458//951 473//951 146//951 147//951
f 677//952 654//952 656//952 732//952 730//952 734//952 729//952 731//952 655//952 702//952
f 2061//954 2063//954 2004//954 2003//954
f 1057//955 1058//955 1009//955 1054//955 1015//955 981//955
f 2587//957 2790//957 2789//957 2586//957
f 668//3 1605//3 1583//3 2552//3 2555//3 673//3
f 2807//959 2820//959 2818//959 2866//959 2861//959 2860//959 2808//959 2863//959 2794//959 2786//959 2782//959 2788//959 2732//959 2688//959 2689//959 2704//959 2778//959 2779//959 2780//959
f 2833//107 2810//107 1449//107 2811//107 2834//107
f 2816//962 2779//962 2778//962 2818//962 2820//962
f 1280//963 1278//963 2042//963 2041//963 1710//963 1711//963 1712//963 2246//963 2245//963 2185//963 227//963 231//963
f 2920//964 2960//964 2961//964 2817//964 2815//964 2821//964
f 3231//31 2718//31 3209//31
f 3584//965 3520//965 3522//965
f 2848//31 2850//31 2849//31
f 2848//31 2849//31 2847//31
f 2851//968 2849//968 2850//968 2852//968 2813//968 2769//968 2634//968 1749//968 1750//968 1751//968 1752//968 1753//968 1754//968 1756//968 1797//968 2489//968 2159//968 2645//968 2678//968 2643//968 2699//968 2697//968 1738//968 1759//968 1760//968 1784//968 1823//968 1809//968 2992//968 2979//968 2993//968 2989//968 3017//968 3037//968 3175//968 3174//968 2262//968 1176//968 1174//968 2067//968 2066//968 2068//968 1665//968 1664//968 2564//968 1972//968 1907//968 1905//968 2520//968 1880//968 2504//968 2487//968 2488//968 2503//968 2414//968 2416//968 1800//968 2379//968 2375//968 2289//968 2376//968 2377//968 2082//968 2083//968 2071//968 1733//968 1735//968 2256//968 2247//968 3095//968 1167//968 1162//968 2756//968 2812//968
f 2860//971 2861//971 2862//971
f 2864//31 2865//31 2863//31
f 2865//31 2864//31 2824//31
f 957//972 963//972 966//972 965//972 967//972
f 2127//973 2129//973 2123//973
f 2880//3 3529//3 3490//3 3453//3 2873//3
f 2890//68 2888//68 2887//68 2886//68 3155//68 2889//68
f 2500//974 7//974 4176//974 2831//974 2405//974 2473//974 2468//974 2453//974 2454//974 2450//974 2455//974 2456//974 2475//974 2474//974 2428//974 2472//974 2451//974 2418//974 2419//974 2420//974 2430//974 2429//974 2417//974 2431//974 2421//974 2498//974 2491//974 2499//974
f 1324//31 141//31 134//31 128//31 1924//31 1909//31 1325//31
f 1565//976 1341//976 1340//976 1564//976
f 958//68 956//68 972//68 968//68
f 1940//977 1716//977 1667//977 1938//977 1942//977 1941//977 1779//977
f 3622//978 3645//978 3644//978 3785//978 3832//978 3830//978 3834//978 3955//978 3815//978 3957//978 3956//978 3954//978 3953//978 3951//978 3590//978
f 3275//979 3276//979 3265//979
f 2699//980 2698//980 1093//980 1095//980 2697//980
f 2961//31 3336//31 2846//31 2817//31
f 138//31 2964//31 169//31 150//31
f 876//908 832//908 719//908 721//908
f 2993//981 2979//981 2992//981
f 852//982 3543//982 3545//982 3549//982
f 2814//983 2868//983 706//983 3002//983 3003//983 3044//983 3041//983 3004//983 3038//983 3275//983 3265//983 3276//983 3281//983 3340//983 3262//983 3263//983 3342//983 3339//983 3338//983 3336//983 2961//983 2960//983 2819//983
f 3003//984 3002//984 2985//984
f 3038//986 3004//986 3041//986
f 3022//987 3032//987 3021//987
f 3099//758 3142//758 3098//758 1508//758 1550//758 1509//758
f 3353//988 1617//988 1721//988 1720//988 1705//988 1695//988 328//988 1636//988 1632//988 1615//988 1656//988 2608//988 2559//988 2596//988 2593//988 2097//988 2396//988 2549//988 2550//988 1608//988 1607//988 604//988 674//988 2556//988 2551//988 2552//988 1583//988 1605//988 1225//988 1226//988 1266//988 1268//988 1252//988 1234//988 1137//988 1135//988 1134//988 1131//988 1224//988 1130//988 1129//988 182//988 1128//988 162//988 1127//988 1231//988 2844//988 1056//988 1063//988 148//988 1384//988 3697//988 3352//988
f 1621//989 1623//989 1620//989 1627//989 1624//989 1622//989 1625//989
f 2524//990 2518//990 2519//990 2523//990
f 3277//991 3278//991 3019//991
f 4148//196 4156//196 4232//196
f 3047//992 3061//992 3063//992
f 3016//31 3037//31 3017//31
f 3082//995 3083//995 3084//995
f 234//996 233//996 265//996 236//996
f 3089//997 3088//997 3094//997 3093//997 3091//997 3092//997
f 1702//999 1700//999 1675//999
f 3110//31 3132//31 3131//31
f 657//798 681//798 866//798 857//798
f 3140//31 3141//31 3112//31
f 3128//1002 3129//1002 3130//1002
f 3132//31 3127//31 3131//31
f 403//1003 404//1003 405//1003
f 3136//1004 3137//1004 3138//1004
f 3140//31 3139//31 3141//31
f 3146//1005 3147//1005 3145//1005 3065//1005 3150//1005
f 1686//1006 1682//1006 1685//1006
f 3143//1007 3098//1007 3142//1007
f 2371//1008 2437//1008 2438//1008 2398//1008 2397//1008 2372//1008
f 3148//31 3145//31 3147//31
f 3148//31 3147//31 3058//31
f 3150//1010 3151//1010 3146//1010
f 3169//1013 3165//1013 3164//1013 3168//1013
f 2667//1014 2287//1014 2669//1014
f 4115//1015 4117//1015 4124//1015 4116//1015
f 3160//107 3159//107 2755//107 2912//107 3176//107 3177//107 2352//107 2304//107 1062//107 1451//107 1450//107 2305//107 2310//107 2311//107
f 2666//1016 2703//1016 2704//1016 2689//1016
f 2326//1017 2360//1017 2359//1017 2358//1017 1826//1017 1813//1017 1840//1017 2523//1017 2519//1017 2518//1017 2524//1017 2525//1017 2394//1017 2395//1017 2385//1017 2382//1017 2386//1017 2384//1017 2288//1017 2391//1017 2514//1017 2516//1017 1856//1017 1841//1017 1922//1017 1923//1017 1097//1017 1106//1017 2561//1017 2571//1017 2569//1017 2570//1017 2568//1017 2583//1017 2584//1017 2567//1017 3232//1017 3207//1017 3203//1017 3233//1017 3200//1017 3201//1017 2573//1017 2576//1017 2575//1017 2574//1017 3202//1017 3291//1017 3290//1017 3343//1017 3266//1017 2572//1017 3359//1017 2526//1017 2527//1017 3619//1017 3591//1017 2517//1017 2515//1017 3592//1017 2533//1017 3572//1017 3575//1017 1890//1017 2393//1017 2392//1017 1902//1017 1854//1017 1844//1017 1850//1017 2645//1017 2159//1017 2074//1017 2232//1017
f 918//1018 944//1018 941//1018
f 3207//31 2584//31 3206//31
f 3253//1020 3254//1020 3553//1020 3555//1020 3554//1020 3245//1020 3557//1020 3297//1020 3294//1020 3267//1020 3296//1020 3212//1020 3196//1020 3213//1020 3219//1020 3220//1020 3911//1020 3910//1020 3895//1020 3194//1020 3193//1020
f 3216//1021 3215//1021 2650//1021 2654//1021
f 1508//229 1503//229 352//229 350//229 3444//229 3443//229 3434//229 3433//229 3435//229 3436//229 1511//229
f 2687//3 2650//3 3215//3 3208//3 3210//3
f 2745//906 2425//906 2427//906 2747//906 2910//906
f 1059//955 1060//955 1061//955 952//955 972//955 956//955
f 3262//1023 3340//1023 3341//1023 3263//1023
f 3225//1024 3226//1024 3224//1024
f 3210//1025 3208//1025 3191//1025 3192//1025
f 3204//31 3205//31 2570//31
f 3577//1026 3929//1026 3901//1026 3902//1026 3904//1026 3900//1026 3914//1026 3637//1026 3916//1026 3660//1026 3649//1026 3657//1026 3681//1026 3672//1026 3673//1026 3674//1026 3646//1026 3671//1026 3670//1026 3668//1026
f 3918//944 3784//944 3573//944 1827//944 1829//944 1828//944 1833//944 1832//944 1714//944 1831//944 1821//944 1818//944 1683//944 1819//944 1685//944 1682//944 1686//944 1726//944 1729//944 1727//944
f 3815//1027 3955//1027 3957//1027
f 2786//1029 2788//1029 2782//1029
f 1004//68 997//68 983//68 1008//68
f 1445//229 1446//229 2826//229 1575//229 1507//229
f 2234//1031 2231//1031 2233//1031
f 3341//31 3342//31 3263//31
f 3559//31 3558//31 3287//31
f 3367//1034 3363//1034 3368//1034
f 4390//1035 61//1035 59//1035
f 3298//1036 3300//1036 3299//1036
f 4050//1038 4008//1038 4029//1038 4053//1038
f 1146//1039 215//1039 3754//1039 3759//1039 216//1039 217//1039 220//1039 1151//1039 1251//1039
f 2059//1041 2062//1041 2044//1041 2057//1041
f 3284//912 3211//912 3282//912
f 3871//1042 3920//1042 3220//1042 3219//1042 3284//1042 3282//1042 3211//1042 3295//1042 3283//1042 3293//1042 3297//1042 3557//1042 3286//1042 3287//1042 3558//1042 3556//1042 3555//1042 3553//1042
f 3172//107 3171//107 3783//107 3301//107 3302//107 3304//107
f 3168//3 3164//3 3312//3 3163//3
f 2037//31 2036//31 2962//31 3160//31 2311//31 2310//31 2305//31 1450//31 1364//31 2038//31
f 1002//914 999//914 1017//914 1018//914 1000//914
f 3325//1045 3323//1045 3324//1045
f 3328//1046 3329//1046 3330//1046
f 3331//31 3333//31 3332//31
f 3332//31 3333//31 3310//31
f 3571//1047 3918//1047 1727//1047 1728//1047 1729//1047 1726//1047 1688//1047 1676//1047 1687//1047 1820//1047 1717//1047 1817//1047 1821//1047 1831//1047 1832//1047 1833//1047 1810//1047 1830//1047 1829//1047 1827//1047 3564//1047 3563//1047
f 3132//1048 3130//1048 3129//1048 3127//1048
f 3337//1049 3338//1049 3339//1049
f 3340//31 3342//31 3341//31
f 3646//1052 3674//1052 3669//1052 3671//1052
f 2762//1053 2616//1053 2540//1053 2541//1053 2539//1053 2537//1053 2536//1053 2538//1053 3149//1053 3151//1053 3150//1053 3065//1053 3145//1053 3077//1053 3074//1053 3045//1053 3078//1053
f 3358//1055 3334//1055 4209//1055 3410//1055 3259//1055 3257//1055 3177//1055 3176//1055 3214//1055 3388//1055 3389//1055 3397//1055 3367//1055 3368//1055
f 968//1056 972//1056 952//1056 971//1056 970//1056 967//1056 965//1056 951//1056
f 590//1057 689//1057 690//1057
f 3334//1058 3358//1058 3368//1058 3363//1058 3367//1058 3397//1058 3403//1058 3311//1058 3335//1058
f 3214//1059 3217//1059 3351//1059 3403//1059 3397//1059 3389//1059 3255//1059 3388//1059
f 3845//31 3313//31 3306//31 4074//31 3873//31
f 3514//1060 3486//1060 3518//1060 3515//1060
f 3354//1061 3371//1061 3370//1061 3369//1061 3582//1061 329//1061
f 2548//31 2793//31 2870//31 648//31 676//31 2558//31
f 35//1062 62//1062 34//1062
f 4084//1063 4086//1063 4061//1063 3855//1063 4085//1063
f 110//1065 113//1065 111//1065
f 3411//1066 3370//1066 3371//1066 3413//1066 3412//1066
f 3952//1068 3954//1068 3956//1068 3703//1068
f 4092//1069 4178//1069 4179//1069 1557//1069 1547//1069 1512//1069 3102//1069 3134//1069 3161//1069 2705//1069 1255//1069 493//1069 494//1069 1254//1069 995//1069 495//1069 496//1069 492//1069 3101//1069 1511//1069 3436//1069 3867//1069 3864//1069 3865//1069 3863//1069 3441//1069 3430//1069 3999//1069 3998//1069 3992//1069 3990//1069 3431//1069 3432//1069
f 3820//153 3437//153 3795//153 3797//153 3433//153 3434//153
f 3439//31 3435//31 3438//31
f 3809//31 3807//31 3811//31
f 3818//834 3434//834 3816//834 3811//834 3807//834 3442//834
f 3306//1070 3313//1070 3409//1070 3562//1070
f 3443//32 3819//32 3446//32 3808//32 3814//32 3817//32
f 3457//1071 3449//1071 3455//1071
f 846//1072 3548//1072 3550//1072
f 1303//1073 1318//1073 1319//1073 1601//1073 1599//1073 1603//1073 1600//1073 1602//1073 1320//1073 1321//1073
f 3405//1074 3259//1074 3410//1074 2371//1074 2372//1074
f 3574//1075 3599//1075 3597//1075
f 3459//1076 3400//1076 3402//1076
f 3130//1077 3132//1077 3110//1077 3096//1077 3128//1077
f 1410//1078 1407//1078 1412//1078
f 2247//1079 2256//1079 1724//1079 2187//1079
f 2735//1080 2733//1080 2873//1080 3453//1080 3454//1080 3452//1080 3488//1080 3487//1080 3491//1080 3490//1080 3529//1080 3524//1080 3526//1080 3489//1080 3500//1080 3473//1080 3469//1080 3460//1080 3471//1080 3400//1080 3459//1080 3402//1080 3398//1080 2690//1080 2692//1080 2734//1080
f 3749//1081 3752//1081 3750//1081 3728//1081 3747//1081
f 3478//31 3476//31 3477//31
f 3907//611 3898//611 3897//611 3906//611
f 4023//1082 3997//1082 4021//1082
f 3500//4 3528//4 3495//4 3492//4
f 3477//31 3480//31 3478//31
f 3490//1084 3491//1084 3454//1084 3453//1084
f 1630//1085 1599//1085 1601//1085
f 4133//1086 1882//1086 4114//1086 4118//1086
f 3497//1087 3499//1087 3498//1087
f 3116//403 3056//403 3115//403
f 2604//1088 2544//1088 2543//1088 2603//1088
f 3513//1089 3514//1089 3515//1089
f 3157//1091 2744//1091 3156//1091 2884//1091 2885//1091 2907//1091 2908//1091 2909//1091
f 3524//1092 3525//1092 3526//1092
f 3527//31 3528//31 3500//31
f 3528//31 3527//31 3495//31
f 1563//1093 1566//1093 1263//1093 1561//1093
f 940//451 849//451 939//451 937//451 943//451 942//451 945//451 941//451 944//451 938//451
f 368//3 365//3 325//3 324//3 3536//3 3538//3
f 1437//1095 1457//1095 1620//1095 1623//1095 1609//1095 1621//1095 1625//1095 1786//1095 1611//1095 1787//1095 1791//1095 1789//1095 1367//1095 1376//1095 1377//1095
f 2793//229 2774//229 2870//229
f 3543//1096 3544//1096 3545//1096
f 3554//1097 3555//1097 3556//1097
f 3558//31 3559//31 3557//31
f 3560//1098 3551//1098 3552//1098
f 3501//1100 3506//1100 3505//1100
f 3565//31 3563//31 3566//31
f 3563//31 3564//31 3566//31
f 3565//31 3566//31 3567//31
f 3566//1101 3564//1101 3569//1101
f 3566//31 3569//31 3567//31
f 3573//31 3569//31 3564//31 1827//31
f 3563//31 3565//31 3571//31
f 3565//31 3567//31 3571//31
f 1559//508 2169//508 2168//508
f 3648//1102 3673//1102 3672//1102
f 2949//1104 2953//1104 3135//1104 3230//1104
f 3580//31 3577//31 3668//31
f 3753//1105 3748//1105 3747//1105 3728//1105 3750//1105 3702//1105 3699//1105 3665//1105 3700//1105 3620//1105 3612//1105 3601//1105 3610//1105 4010//1105 4009//1105 4008//1105 4050//1105
f 3613//1106 3614//1106 3615//1106
f 3617//31 3618//31 3616//31
f 3686//31 3618//31 3617//31
f 3687//3 3631//3 3634//3 3633//3 3639//3
f 3966//1107 4001//1107 3969//1107
f 3768//925 3770//925 3715//925
f 2314//1110 2328//1110 3408//1110 3314//1110 3407//1110
f 3669//1111 3670//1111 3671//1111
f 3690//1112 3688//1112 3689//1112
f 2953//1113 3760//1113 3762//1113 3761//1113 3766//1113 3765//1113 3744//1113 3764//1113 3773//1113 3768//1113 3715//1113 3770//1113 3731//1113 3691//1113 3733//1113 3775//1113 3778//1113 3777//1113 3230//1113 3135//1113
f 1628//1114 1619//1114 1723//1114 1960//1114
f 333//451 509//451 486//451 483//451 482//451 513//451 481//451 484//451 508//451 510//451
f 3709//1115 3710//1115 3951//1115 3953//1115 3952//1115 3703//1115 3956//1115 3957//1115 3955//1115 3834//1115 3662//1115 3642//1115 3623//1115 3676//1115 3675//1115
f 3709//1116 3675//1116 3676//1116 3710//1116
f 4050//3 4053//3 3666//3 3725//3 3753//3
f 3730//1118 3732//1118 3682//1118
f 3618//1122 3613//1122 3615//1122 3684//1122 3616//1122
f 857//489 866//489 865//489 859//489
f 3741//1123 3743//1123 3740//1123
f 4218//366 1684//366 4216//366
f 3751//31 3752//31 3723//31
f 3747//1126 3748//1126 3749//1126
f 3750//31 3752//31 3751//31
f 3756//1127 3757//1127 3758//1127
f 3590//31 3951//31 3710//31 3676//31 3623//31
f 3761//1128 3762//1128 3763//1128
f 3777//1130 3778//1130 3776//1130
f 4043//1132 4048//1132 4049//1132 4044//1132
f 1833//1133 1828//1133 1830//1133 1810//1133
f 3834//1134 3830//1134 3832//1134 3785//1134 3644//1134 3645//1134 160//1134 3919//1134 3910//1134 3911//1134 4154//1134 3662//1134
f 3354//31 3512//31 3413//31 3371//31
f 3064//1135 3013//1135 3062//1135
f 3808//31 3810//31 3814//31
f 3818//31 3820//31 3434//31
f 3819//31 3443//31 3821//31
f 3443//312 3444//312 300//312 301//312 3796//312 3445//312 3821//312
f 4089//1136 345//1136 4088//1136
f 2325//1138 2594//1138 2600//1138 2599//1138 2553//1138 2603//1138 2579//1138 2565//1138 2578//1138 2511//1138 2373//1138 2367//1138
f 3839//1140 3842//1140 3840//1140
f 3827//68 3826//68 3800//68 3799//68
f 3228//1141 3521//1141 3519//1141
f 2536//1143 2539//1143 2541//1143 2538//1143
f 3946//1144 3947//1144 3942//1144
f 681//33 687//33 833//33 800//33 832//33 876//33 799//33 834//33 835//33 686//33 679//33 863//33 865//33 866//33
f 2296//1146 2292//1146 2333//1146 2332//1146 2293//1146 2314//1146 3407//1146 3314//1146 3317//1146 3383//1146 3378//1146 3377//1146 3386//1146 3387//1146 2132//1146 1945//1146 3364//1146 3320//1146 3322//1146 3347//1146 3393//1146 3366//1146 3365//1146 3390//1146 2531//1146 2007//1146 2006//1146 2528//1146 2532//1146 2593//1146 2596//1146 2008//1146 1950//1146 1951//1146 1949//1146 1978//1146 477//1146 517//1146 518//1146 519//1146 516//1146 520//1146 521//1146 522//1146 539//1146 2164//1146
f 3873//1147 3872//1147 3843//1147 3845//1147
f 3868//31 3867//31 3436//31
f 3758//1149 3779//1149 3780//1149 3756//1149
f 3969//1152 3945//1152 3944//1152 3912//1152 3947//1152 3946//1152 3968//1152 3967//1152 3970//1152 3966//1152
f 3901//1153 3904//1153 3902//1153
f 1701//1154 1703//1154 1668//1154
f 3011//1155 3166//1155 3169//1155 3168//1155 3163//1155 2952//1155
f 3637//1156 3914//1156 3916//1156
f 3229//31 3221//31 3223//31 1314//31 4134//31
f 813//31 670//31 614//31 613//31 3926//31 3892//31
f 827//18 40//18 41//18 42//18 103//18 76//18 60//18 100//18 97//18 98//18 126//18 232//18 95//18 230//18 229//18 212//18 4350//18 4354//18
f 87//1157 86//1157 2244//1157
f 4107//1158 2642//1158 2609//1158 1477//1158 1086//1158 1126//1158 1481//1158 1468//1158 1469//1158 3153//1158
f 1719//1159 3352//1159 3697//1159 3704//1159 3705//1159 37//1159 38//1159 2285//1159
f 2214//1160 1964//1160 2203//1160
f 3046//1161 3076//1161 3075//1161
f 3952//1162 3953//1162 3954//1162
f 3351//3 3311//3 3403//3
f 3879//1165 3884//1165 3852//1165
f 2835//1166 2854//1166 2853//1166
f 2613//1135 2598//1135 2611//1135
f 3991//1167 3431//1167 3990//1167
f 3270//148 3345//148 3344//148 3349//148 4012//148 12//148 4//148 10//148 18//148 5//148 16//148 28//148 48//148 334//148 46//148 45//148 368//148 3538//148
f 2269//229 425//229 426//229 446//229 3511//229 3461//229 3462//229 4182//229 4181//229 2271//229
f 4058//3 4047//3 4048//3 4043//3 3162//3
f 4022//1172 3431//1172 3991//1172
f 2710//1173 2723//1173 2722//1173
f 4018//1174 4019//1174 4020//1174
f 236//1175 4025//1175 4019//1175 4018//1175 3980//1175 4024//1175 4023//1175 4021//1175 4027//1175 288//1175 234//1175
f 4031//1176 4032//1176 4033//1176
f 3470//1177 3468//1177 3467//1177
f 2966//1178 2999//1178 2997//1178 3000//1178 2996//1178 2998//1178 2965//1178 2968//1178 2951//1178 2967//1178
f 2430//107 2420//107 2423//107 2426//107
f 4057//609 4055//609 4054//609
f 3610//1179 3601//1179 3612//1179
f 3696//476 3772//476 3767//476
f 4086//31 4087//31 4061//31
f 4045//1180 4029//1180 4008//1180 4009//1180 4010//1180 1313//1180 2070//1180 288//1180 4027//1180 3989//1180 287//1180 4209//1180 3334//1180 3335//1180 3217//1180 3214//1180 3176//1180 2912//1180 2957//1180 3243//1180 3279//1180 3280//1180
f 2421//68 2431//68 2427//68 2425//68
f 2556//33 674//33 673//33 2555//33
f 4071//31 4070//31 4030//31
f 65//694 66//694 212//694 229//694 228//694 43//694 232//694 126//694 99//694 58//694 101//694 61//694 4390//694 59//694 42//694 41//694 39//694 40//694 827//694 736//694 4388//694 4389//694 4387//694 63//694 64//694
f 4076//31 4077//31 4068//31
f 3494//1182 3479//1182 3478//1182 3480//1182 3477//1182 3475//1182 3463//1182 4188//1182 4192//1182 4189//1182 4196//1182 3496//1182 4197//1182
f 4083//1183 4084//1183 4085//1183
f 4087//31 4086//31 3886//31
f 3463//1184 3475//1184 3461//1184 3511//1184 3510//1184 3509//1184
f 279//1185 276//1185 1186//1185 1187//1185 1101//1185 1238//1185 1173//1185 280//1185 260//1185 259//1185 2435//1185 2433//1185
f 4090//1186 4315//1186 1089//1186 986//1186 985//1186 991//1186 990//1186 1045//1186 989//1186 945//1186 942//1186 922//1186 943//1186 937//1186 920//1186 939//1186 849//1186
f 3103//1187 3092//1187 3091//1187 3090//1187 3113//1187 3118//1187
f 2100//1188 2102//1188 2101//1188 2098//1188
f 3331//1189 3332//1189 3310//1189 3309//1189
f 1623//979 1621//979 1609//979
f 4091//31 1996//31 4094//31
f 1996//1191 4098//1191 4096//1191 4094//1191
f 4097//650 4100//650 2016//650 4095//650
f 4101//31 4103//31 1996//31
f 4102//31 2016//31 4104//31
f 937//1192 939//1192 920//1192
f 1917//1193 1919//1193 1440//1193
f 3527//947 3500//947 3489//947 3526//947 3525//947
f 2890//31 3172//31 3304//31 2888//31
f 566//1186 2171//1186 2166//1186 2165//1186 2170//1186 2169//1186 1559//1186 2168//1186 2146//1186 2143//1186 1530//1186 2144//1186 1532//1186 1529//1186 1533//1186 1527//1186 261//1186
f 2303//33 2830//33 3097//33 2302//33 2825//33
f 4174//31 1998//31 4175//31
f 1714//1199 1832//1199 1831//1199
f 4261//3 4277//3 4299//3 3782//3 3786//3
f 2683//1200 2733//1200 2735//1200 2739//1200 4132//1200 4129//1200 2690//1200 3398//1200 3401//1200 3429//1200 3399//1200 3470//1200 3467//1200 3468//1200 3473//1200 3500//1200 3492//1200 3495//1200 3527//1200 3525//1200 3524//1200 3529//1200 2880//1200 2740//1200
f 4118//31 4114//31 192//31 4116//31 4124//31
f 987//1203 1049//1203 991//1203 985//1203
f 1717//1204 1820//1204 1817//1204
f 3496//31 4196//31 4197//31
f 4197//31 4196//31 3462//31
f 212//31 66//31 4389//31 4388//31 736//31 4350//31
f 4207//1207 4208//1207 4205//1207
f 4213//1208 4214//1208 4215//1208
f 842//1186 401//1186 561//1186 555//1186 554//1186 559//1186 558//1186 526//1186 557//1186 513//1186 482//1186 480//1186 483//1186 486//1186 460//1186 509//1186 333//1186
f 3626//1209 3627//1209 3647//1209 3643//1209 4146//1209 4148//1209 4232//1209 4156//1209 4243//1209 4235//1209 4240//1209 4244//1209 4285//1209 4266//1209 4267//1209 4295//1209 4263//1209 4296//1209 4294//1209 4293//1209 4299//1209 4277//1209 4278//1209 4264//1209 4262//1209 4265//1209 4261//1209 3786//1209
f 3113//1210 3122//1210 4154//1210 3911//1210 3220//1210 3920//1210 3919//1210 160//1210 1253//1210 3395//1210 3396//1210 3416//1210 2760//1210 2761//1210 2762//1210 3078//1210 3072//1210 3073//1210 3055//1210 3052//1210 2781//1210 2743//1210 2948//1210 3117//1210 3118//1210
f 2571//1211 2581//1211 3199//1211 2575//1211 2576//1211 3200//1211 3233//1211 2570//1211 2569//1211
f 4247//1212 4251//1212 4246//1212
f 4285//31 4296//31 4295//31
f 2652//31 2644//31 1088//31 1084//31
f 4292//1213 4293//1213 4294//1213
f 4295//31 4296//31 4263//31
f 4330//1215 4334//1215 4333//1215
f 4322//3 1047//3 1052//3 1089//3 4315//3
l 984 1168
